timestamp,is_success,is_handover,hops,distance_km,delay_ms,total_delay_ms,isl_hops,isl_bottleneck_capacity_gbps,expected_packet_loss_rate,min_proxy_margin_db,path_str
2026-07-16 06:32:08.598719+00:00,True,False,4.0,7883.830030942574,26.297626309673788,26.701226309673793,2.0,5.0,1.0999989999982418e-05,5.319566015456518,GS-Beijing -> 00046 -> 00047 -> 00121 -> GS-Singapore
2026-07-16 06:32:09.598719+00:00,True,False,4.0,7888.175989683427,26.3121228676254,26.715722867625402,2.0,5.0,1.0999989999982418e-05,5.297666878556271,GS-Beijing -> 00046 -> 00047 -> 00121 -> GS-Singapore
2026-07-16 06:32:10.598719+00:00,True,False,4.0,7892.593854268696,26.326859277656332,26.73045927765633,2.0,5.0,1.0999989999982418e-05,5.275744083230373,GS-Beijing -> 00046 -> 00047 -> 00121 -> GS-Singapore
2026-07-16 06:32:11.598719+00:00,True,False,4.0,7897.083456597517,26.34183497904246,26.74543497904246,2.0,5.0,1.0999989999982418e-05,5.2537986380979795,GS-Beijing -> 00046 -> 00047 -> 00121 -> GS-Singapore
2026-07-16 06:32:12.598719+00:00,True,False,4.0,7901.644629551609,26.3570494143372,26.760649414337195,2.0,5.0,1.0999989999982418e-05,5.231831538764549,GS-Beijing -> 00046 -> 00047 -> 00121 -> GS-Singapore
2026-07-16 06:32:13.598719+00:00,True,False,4.0,7906.277206975515,26.372502029305604,26.776102029305605,2.0,5.0,1.0999989999982418e-05,5.209843767912066,GS-Beijing -> 00046 -> 00047 -> 00121 -> GS-Singapore
2026-07-16 06:32:14.598719+00:00,True,False,4.0,7910.981023678983,26.388192272932308,26.791792272932305,2.0,5.0,1.0999989999982418e-05,5.1878362953754085,GS-Beijing -> 00046 -> 00047 -> 00121 -> GS-Singapore
2026-07-16 06:32:15.598719+00:00,True,False,4.0,7915.755915425194,26.40411959738225,26.807719597382246,2.0,5.0,1.0999989999982418e-05,5.165810078210733,GS-Beijing -> 00046 -> 00047 -> 00121 -> GS-Singapore
2026-07-16 06:32:16.598719+00:00,True,False,4.0,7920.601718932552,26.420283458006647,26.823883458006648,2.0,5.0,1.0999989999982418e-05,5.143766060773476,GS-Beijing -> 00046 -> 00047 -> 00121 -> GS-Singapore
2026-07-16 06:32:17.598719+00:00,True,False,4.0,7925.518271854598,26.43668331327601,26.840283313276007,2.0,5.0,1.0999989999982418e-05,5.121705174815505,GS-Beijing -> 00046 -> 00047 -> 00121 -> GS-Singapore
2026-07-16 06:32:18.598719+00:00,True,False,4.0,7930.505412780142,26.453318624780557,26.856918624780555,2.0,5.0,1.0999989999982418e-05,5.099628339561212,GS-Beijing -> 00046 -> 00047 -> 00121 -> GS-Singapore
2026-07-16 06:32:19.598719+00:00,True,False,4.0,7935.562981221472,26.470188857190905,26.873788857190906,2.0,5.0,1.0999989999982418e-05,5.0775364617797365,GS-Beijing -> 00046 -> 00047 -> 00121 -> GS-Singapore
2026-07-16 06:32:20.598719+00:00,True,False,4.0,7940.690817607047,26.487293478233692,26.890893478233693,2.0,5.0,1.0999989999982418e-05,5.055430435900817,GS-Beijing -> 00046 -> 00047 -> 00121 -> GS-Singapore
2026-07-16 06:32:21.598719+00:00,True,False,4.0,7945.8887632712685,26.50463195865744,26.908231958657446,2.0,5.0,1.0999989999982418e-05,5.033311144075542,GS-Beijing -> 00046 -> 00047 -> 00121 -> GS-Singapore
2026-07-16 06:32:22.598719+00:00,True,False,4.0,7951.156660444617,26.522203772199692,26.925803772199693,2.0,5.0,1.0999989999982418e-05,5.011179456286179,GS-Beijing -> 00046 -> 00047 -> 00121 -> GS-Singapore
2026-07-16 06:32:23.598719+00:00,True,False,4.0,7956.4943522438625,26.540008395554313,26.943608395554307,2.0,5.0,1.0999989999982418e-05,4.98903623042213,GS-Beijing -> 00046 -> 00047 -> 00121 -> GS-Singapore
2026-07-16 06:32:24.598719+00:00,True,False,4.0,7961.9016826558545,26.558045308317446,26.961645308317443,2.0,5.0,1.0999989999982418e-05,4.966882312388428,GS-Beijing -> 00046 -> 00047 -> 00121 -> GS-Singapore
2026-07-16 06:32:25.598719+00:00,True,False,4.0,7967.378496540399,26.576313992997115,26.979913992997115,2.0,5.0,1.0999989999982418e-05,4.944718536188532,GS-Beijing -> 00046 -> 00047 -> 00121 -> GS-Singapore
2026-07-16 06:32:26.598719+00:00,True,False,4.0,7972.924639611768,26.59481393495152,26.99841393495152,2.0,5.0,1.0999989999982418e-05,4.922545724025355,GS-Beijing -> 00046 -> 00047 -> 00121 -> GS-Singapore
2026-07-16 06:32:27.598719+00:00,True,False,4.0,7978.5399584190745,26.613544622323605,27.0171446223236,2.0,5.0,1.0999989999982418e-05,4.900364686392342,GS-Beijing -> 00046 -> 00047 -> 00121 -> GS-Singapore
2026-07-16 06:32:28.598719+00:00,True,False,4.0,7984.224300350619,26.63250554605553,27.03610554605553,2.0,5.0,1.0999989999982418e-05,4.878176222180318,GS-Beijing -> 00046 -> 00047 -> 00121 -> GS-Singapore
2026-07-16 06:32:29.598719+00:00,True,False,4.0,7989.977513608058,26.65169619980253,27.055296199802527,2.0,5.0,1.0999989999982418e-05,4.855981118772014,GS-Beijing -> 00046 -> 00047 -> 00121 -> GS-Singapore
2026-07-16 06:32:30.598719+00:00,True,False,4.0,7995.799447202436,26.67111607991965,27.074716079919646,2.0,5.0,1.0999989999982418e-05,4.833780152133075,GS-Beijing -> 00046 -> 00047 -> 00121 -> GS-Singapore
2026-07-16 06:32:31.598719+00:00,True,False,4.0,8001.689950935453,26.6907646853993,27.094364685399306,2.0,5.0,1.0999989999982418e-05,4.811574086922846,GS-Beijing -> 00046 -> 00047 -> 00121 -> GS-Singapore
2026-07-16 06:32:32.598719+00:00,True,False,4.0,8007.648875397147,26.710641517863493,27.11424151786349,2.0,5.0,1.0999989999982418e-05,4.78936367659119,GS-Beijing -> 00046 -> 00047 -> 00121 -> GS-Singapore
2026-07-16 06:32:33.598719+00:00,True,False,4.0,8013.676071939368,26.730746081475363,27.134346081475368,2.0,5.0,1.0999989999982418e-05,4.767149663478451,GS-Beijing -> 00046 -> 00047 -> 00121 -> GS-Singapore
2026-07-16 06:32:34.598719+00:00,True,False,4.0,8019.77139267004,26.751077882920058,27.154677882920055,2.0,5.0,1.0999989999982418e-05,4.744932778927446,GS-Beijing -> 00046 -> 00047 -> 00121 -> GS-Singapore
2026-07-16 06:32:35.598719+00:00,True,False,4.0,8025.934690446002,26.77163643138081,27.17523643138081,2.0,5.0,1.0999989999982418e-05,4.722713743357504,GS-Beijing -> 00046 -> 00047 -> 00121 -> GS-Singapore
2026-07-16 06:32:36.598719+00:00,True,False,4.0,8032.165818841092,26.79242123843253,27.19602123843253,2.0,5.0,1.0999989999982418e-05,4.700493266408298,GS-Beijing -> 00046 -> 00047 -> 00121 -> GS-Singapore
2026-07-16 06:32:37.598719+00:00,True,False,4.0,8038.464632148895,26.813431818050923,27.217031818050927,2.0,5.0,1.0999989999982418e-05,4.678272047018146,GS-Beijing -> 00046 -> 00047 -> 00121 -> GS-Singapore
2026-07-16 06:32:38.598719+00:00,True,False,4.0,8044.830985362617,26.834667686545394,27.23826768654539,2.0,5.0,1.0999989999982418e-05,4.656050773524974,GS-Beijing -> 00046 -> 00047 -> 00121 -> GS-Singapore
2026-07-16 06:32:39.598719+00:00,True,False,4.0,8051.264734163016,26.856128362518767,27.259728362518764,2.0,5.0,1.0999989999982418e-05,4.633830123780246,GS-Beijing -> 00046 -> 00047 -> 00121 -> GS-Singapore
2026-07-16 06:32:40.598719+00:00,True,False,4.0,8057.765734893135,26.877813366783013,27.28141336678301,2.0,5.0,1.0999989999982418e-05,4.61161076525979,GS-Beijing -> 00046 -> 00047 -> 00121 -> GS-Singapore
2026-07-16 06:32:41.598719+00:00,True,False,4.0,8064.333844564944,26.899722222381406,27.303322222381404,2.0,5.0,1.0999989999982418e-05,4.589393355142503,GS-Beijing -> 00046 -> 00047 -> 00121 -> GS-Singapore
2026-07-16 06:32:42.598719+00:00,True,False,4.0,8070.968920821065,26.921854454460842,27.32545445446084,2.0,5.0,1.0999989999982418e-05,4.567178540443422,GS-Beijing -> 00046 -> 00047 -> 00121 -> GS-Singapore
2026-07-16 06:32:43.598719+00:00,True,False,4.0,8077.670821934742,26.944209590271754,27.34780959027176,2.0,5.0,1.0999989999982418e-05,4.544966958108091,GS-Beijing -> 00046 -> 00047 -> 00121 -> GS-Singapore
2026-07-16 06:32:44.598719+00:00,True,False,4.0,8084.439406792391,26.96678715910989,27.37038715910989,2.0,5.0,1.0999989999982418e-05,4.522759235106271,GS-Beijing -> 00046 -> 00047 -> 00121 -> GS-Singapore
2026-07-16 06:32:45.598719+00:00,True,False,4.0,8091.274534869693,26.989586692236575,27.393186692236576,2.0,5.0,1.0999989999982418e-05,4.500555988556258,GS-Beijing -> 00046 -> 00047 -> 00121 -> GS-Singapore
2026-07-16 06:32:46.598719+00:00,True,False,4.0,8098.176066229747,27.012607722872563,27.416207722872564,2.0,5.0,1.0999989999982418e-05,4.478357825816241,GS-Beijing -> 00046 -> 00047 -> 00121 -> GS-Singapore
2026-07-16 06:32:47.598719+00:00,True,False,4.0,8105.143861492838,27.03584978609715,27.43944978609715,2.0,5.0,1.0999989999982418e-05,4.456165344590335,GS-Beijing -> 00046 -> 00047 -> 00121 -> GS-Singapore
2026-07-16 06:32:48.598719+00:00,True,False,4.0,8112.1777818359715,27.05931241884668,27.462912418846678,2.0,5.0,1.0999989999982418e-05,4.433979133032635,GS-Beijing -> 00046 -> 00047 -> 00121 -> GS-Singapore
2026-07-16 06:32:49.598719+00:00,True,False,4.0,8119.27768895919,27.082995159802152,27.486595159802153,2.0,5.0,1.0999989999982418e-05,4.4117997698671445,GS-Beijing -> 00046 -> 00047 -> 00121 -> GS-Singapore
2026-07-16 06:32:50.598719+00:00,True,False,4.0,8126.443445092168,27.10689754941123,27.510497549411227,2.0,5.0,1.0999989999982418e-05,4.389627824460469,GS-Beijing -> 00046 -> 00047 -> 00121 -> GS-Singapore
2026-07-16 06:32:51.598719+00:00,True,False,4.0,8133.674912952344,27.13101912974857,27.53461912974857,2.0,5.0,1.0999989999982418e-05,4.367463856959596,GS-Beijing -> 00046 -> 00047 -> 00121 -> GS-Singapore
2026-07-16 06:32:52.598719+00:00,True,False,4.0,8140.97195575044,27.15535944453426,27.55895944453426,2.0,5.0,1.0999989999982418e-05,4.345308418374682,GS-Beijing -> 00046 -> 00047 -> 00121 -> GS-Singapore
2026-07-16 06:32:53.598719+00:00,True,False,4.0,8148.3344371576295,27.179918039024283,27.583518039024284,2.0,5.0,1.0999989999982418e-05,4.32316205068793,GS-Beijing -> 00046 -> 00047 -> 00121 -> GS-Singapore
2026-07-16 06:32:54.598719+00:00,True,False,4.0,8155.762221305087,27.204694460009023,27.608294460009013,2.0,5.0,1.0999989999982418e-05,4.301025286953658,GS-Beijing -> 00046 -> 00047 -> 00121 -> GS-Singapore
2026-07-16 06:32:55.598719+00:00,True,False,4.0,8163.255172753999,27.229688255713224,27.63328825571322,2.0,5.0,1.0999989999982418e-05,4.278898651408769,GS-Beijing -> 00046 -> 00047 -> 00121 -> GS-Singapore
2026-07-16 06:32:56.598719+00:00,True,False,4.0,8170.8131564829455,27.254898975753907,27.658498975753908,2.0,5.0,1.0999989999982418e-05,4.256782659571954,GS-Beijing -> 00046 -> 00047 -> 00121 -> GS-Singapore
2026-07-16 06:32:57.598719+00:00,True,False,4.0,8178.436037879848,27.28032617111351,27.68392617111351,2.0,5.0,1.0999989999982418e-05,4.234677818335321,GS-Beijing -> 00046 -> 00047 -> 00121 -> GS-Singapore
2026-07-16 06:32:58.598719+00:00,True,False,4.0,8186.12368271083,27.305969394036023,27.70956939403602,2.0,5.0,1.0999989999982418e-05,4.212584626084741,GS-Beijing -> 00046 -> 00047 -> 00121 -> GS-Singapore
2026-07-16 06:32:59.598719+00:00,True,False,4.0,8193.875957109494,27.331828197991207,27.735428197991205,2.0,5.0,1.0999989999982418e-05,4.190503572787446,GS-Beijing -> 00046 -> 00047 -> 00121 -> GS-Singapore
2026-07-16 06:33:00.598719+00:00,True,False,4.0,8201.692727570247,27.357902137652335,27.761502137652332,2.0,5.0,1.0999989999982418e-05,4.168435140083066,GS-Beijing -> 00046 -> 00047 -> 00121 -> GS-Singapore
2026-07-16 06:33:01.598719+00:00,True,False,4.0,8209.57386091106,27.384190768771976,27.78779076877197,2.0,5.0,1.0999989999982418e-05,4.146379801421496,GS-Beijing -> 00046 -> 00047 -> 00121 -> GS-Singapore
2026-07-16 06:33:02.598719+00:00,True,False,4.0,8217.519224277006,27.4106936481938,27.814293648193797,2.0,5.0,1.0999989999982418e-05,4.124338022111816,GS-Beijing -> 00046 -> 00047 -> 00121 -> GS-Singapore
2026-07-16 06:33:03.598719+00:00,True,False,4.0,8225.52868510929,27.437410333749256,27.841010333749253,2.0,5.0,1.0999989999982418e-05,4.102310259464565,GS-Beijing -> 00046 -> 00047 -> 00121 -> GS-Singapore
2026-07-16 06:33:04.598719+00:00,True,False,4.0,8233.602111133938,27.464340384219867,27.86794038421987,2.0,5.0,1.0999989999982418e-05,4.080296962860894,GS-Beijing -> 00046 -> 00047 -> 00121 -> GS-Singapore
2026-07-16 06:33:05.598719+00:00,True,False,4.0,8241.73937034445,27.491483359279343,27.89508335927934,2.0,5.0,1.0999989999982418e-05,4.058298573866097,GS-Beijing -> 00046 -> 00047 -> 00121 -> GS-Singapore
2026-07-16 06:33:06.598719+00:00,True,False,4.0,8249.940330986552,27.518838819442724,27.922438819442718,2.0,5.0,1.0999989999982418e-05,4.0363155263220225,GS-Beijing -> 00046 -> 00047 -> 00121 -> GS-Singapore
2026-07-16 06:33:07.598719+00:00,True,False,4.0,8258.204861535121,27.546406325989437,27.950006325989435,2.0,5.0,1.0999989999982418e-05,4.014348246445778,GS-Beijing -> 00046 -> 00047 -> 00121 -> GS-Singapore
2026-07-16 06:33:08.598719+00:00,True,False,4.0,8266.532830684133,27.574185440929718,27.977785440929722,2.0,5.0,1.0999989999982418e-05,3.992397152915542,GS-Beijing -> 00046 -> 00047 -> 00121 -> GS-Singapore
2026-07-16 06:33:09.598719+00:00,True,False,4.0,8274.924107323563,27.602175726927605,28.005775726927602,2.0,5.0,1.0999989999982418e-05,3.9704626569789667,GS-Beijing -> 00046 -> 00047 -> 00121 -> GS-Singapore
2026-07-16 06:33:10.598719+00:00,True,False,4.0,8283.37856053187,27.630376747275843,28.033976747275844,2.0,5.0,1.0999989999982418e-05,3.9485451625407233,GS-Beijing -> 00046 -> 00047 -> 00121 -> GS-Singapore
2026-07-16 06:33:11.598719+00:00,True,False,4.0,8291.896059544062,27.658788065789373,28.062388065789378,2.0,5.0,1.0999989999982418e-05,3.926645066259457,GS-Beijing -> 00046 -> 00047 -> 00121 -> GS-Singapore
2026-07-16 06:33:12.598719+00:00,True,False,4.0,8300.476473748888,27.687409246795955,28.091009246795952,2.0,5.0,1.0999989999982418e-05,3.9047627576425405,GS-Beijing -> 00046 -> 00047 -> 00121 -> GS-Singapore
2026-07-16 06:33:13.598719+00:00,True,False,4.0,8309.119672666899,27.716239855062994,28.119839855062995,2.0,5.0,1.0999989999982418e-05,3.8828986191219226,GS-Beijing -> 00046 -> 00047 -> 00121 -> GS-Singapore
2026-07-16 06:33:14.598719+00:00,True,False,4.0,8317.825525926335,27.745279455717114,28.148879455717108,2.0,5.0,1.0999989999982418e-05,3.8610530261803557,GS-Beijing -> 00046 -> 00047 -> 00121 -> GS-Singapore
2026-07-16 06:33:15.598719+00:00,True,False,4.0,8326.593903260748,27.774527614236206,28.178127614236207,2.0,5.0,1.0999989999982418e-05,3.8392263474010946,GS-Beijing -> 00046 -> 00047 -> 00121 -> GS-Singapore
2026-07-16 06:33:16.598719+00:00,True,False,4.0,8335.424674476322,27.80398389634046,28.20758389634046,2.0,5.0,1.0999989999982418e-05,3.8174189445913953,GS-Beijing -> 00046 -> 00047 -> 00121 -> GS-Singapore
2026-07-16 06:33:17.598719+00:00,True,False,4.0,8344.317709450454,27.833647867987573,28.237247867987573,2.0,5.0,1.0999989999982418e-05,3.7956311728535805,GS-Beijing -> 00046 -> 00047 -> 00121 -> GS-Singapore
2026-07-16 06:33:18.598719+00:00,True,False,4.0,8353.27287810384,27.86351909527971,28.26711909527971,2.0,5.0,1.0999989999982418e-05,3.7738633806754187,GS-Beijing -> 00046 -> 00047 -> 00121 -> GS-Singapore
2026-07-16 06:33:19.598719+00:00,True,False,4.0,8362.290050383626,27.893597144407238,28.297197144407235,2.0,5.0,1.0999989999982418e-05,3.7521159100307067,GS-Beijing -> 00046 -> 00047 -> 00121 -> GS-Singapore
2026-07-16 06:33:20.598719+00:00,True,False,4.0,8371.369096258668,27.923881581632944,28.32748158163294,2.0,5.0,1.0999989999982418e-05,3.730389096452914,GS-Beijing -> 00046 -> 00047 -> 00121 -> GS-Singapore
2026-07-16 06:33:21.598719+00:00,True,False,4.0,8380.509885683367,27.954371973171412,28.357971973171413,2.0,5.0,1.0999989999982418e-05,3.7086832691270146,GS-Beijing -> 00046 -> 00047 -> 00121 -> GS-Singapore
2026-07-16 06:33:22.598719+00:00,True,False,4.0,8389.712288605368,27.985067885214672,28.388667885214673,2.0,5.0,1.0999989999982418e-05,3.6869987509713944,GS-Beijing -> 00046 -> 00047 -> 00121 -> GS-Singapore
2026-07-16 06:33:23.598719+00:00,True,False,4.0,8398.976174923602,28.015968883792276,28.419568883792273,2.0,5.0,1.0999989999982418e-05,3.665335858733769,GS-Beijing -> 00046 -> 00047 -> 00121 -> GS-Singapore
2026-07-16 06:33:24.598719+00:00,True,False,4.0,8408.301414493413,28.047074534788376,28.450674534788384,2.0,5.0,1.0999989999982418e-05,3.6436949030567476,GS-Beijing -> 00046 -> 00047 -> 00121 -> GS-Singapore
2026-07-16 06:33:25.598719+00:00,True,False,4.0,8417.687877095765,28.078384403839024,28.481984403839018,2.0,5.0,1.0999989999982418e-05,3.6220761885801895,GS-Beijing -> 00046 -> 00047 -> 00121 -> GS-Singapore
2026-07-16 06:33:26.598719+00:00,True,False,4.0,8427.135432430174,28.109898056308587,28.513498056308585,2.0,5.0,1.0999989999982418e-05,3.6004800140127244,GS-Beijing -> 00046 -> 00047 -> 00121 -> GS-Singapore
2026-07-16 06:33:27.598719+00:00,True,False,4.0,8436.64395009267,28.14161505721625,28.54521505721625,2.0,5.0,1.0999989999982418e-05,3.5789066722068217,GS-Beijing -> 00046 -> 00047 -> 00121 -> GS-Singapore
2026-07-16 06:33:28.598719+00:00,True,False,4.0,8446.21329956295,28.173534971193142,28.577134971193143,2.0,5.0,1.0999989999982418e-05,3.557356450269042,GS-Beijing -> 00046 -> 00047 -> 00121 -> GS-Singapore
2026-07-16 06:33:29.598719+00:00,True,False,4.0,8455.84335018316,28.205657362411568,28.609257362411572,2.0,5.0,1.0999989999982418e-05,3.5358296296023006,GS-Beijing -> 00046 -> 00047 -> 00121 -> GS-Singapore
2026-07-16 06:33:30.598719+00:00,True,False,4.0,8465.53397115351,28.237981794570402,28.6415817945704,2.0,5.0,1.0999989999982418e-05,3.5143264860097343,GS-Beijing -> 00046 -> 00047 -> 00121 -> GS-Singapore
2026-07-16 06:33:31.598719+00:00,True,False,4.0,8475.285031503865,28.270507830800284,28.674107830800285,2.0,5.0,1.0999989999982418e-05,3.492847289761732,GS-Beijing -> 00046 -> 00047 -> 00121 -> GS-Singapore
2026-07-16 06:33:32.598719+00:00,True,False,4.0,8485.096400081913,28.30323503362421,28.70683503362421,2.0,5.0,1.0999989999982418e-05,3.4713923056898164,GS-Beijing -> 00046 -> 00047 -> 00121 -> GS-Singapore
2026-07-16 06:33:33.598719+00:00,True,False,4.0,8494.967945549233,28.336162964944346,28.739762964944347,2.0,5.0,1.0999989999982418e-05,3.449961793232756,GS-Beijing -> 00046 -> 00047 -> 00121 -> GS-Singapore
2026-07-16 06:33:34.598719+00:00,True,False,4.0,8504.89953634395,28.369291185917525,28.77289118591753,2.0,5.0,1.0999989999982418e-05,3.428556006549238,GS-Beijing -> 00046 -> 00047 -> 00121 -> GS-Singapore
2026-07-16 06:33:35.598719+00:00,True,False,4.0,8514.891040685337,28.40261925697056,28.80621925697056,2.0,5.0,1.0999989999982418e-05,3.4071751945666975,GS-Beijing -> 00046 -> 00047 -> 00121 -> GS-Singapore
2026-07-16 06:33:36.598719+00:00,True,False,4.0,8524.942326545213,28.436146737704835,28.839746737704832,2.0,5.0,1.0999989999982418e-05,3.3858196010658617,GS-Beijing -> 00046 -> 00047 -> 00121 -> GS-Singapore
2026-07-16 06:33:37.598719+00:00,True,False,4.0,8535.053261649988,28.46987318690315,28.873473186903148,2.0,5.0,1.0999989999982418e-05,3.364489464754092,GS-Beijing -> 00046 -> 00047 -> 00121 -> GS-Singapore
2026-07-16 06:33:38.598719+00:00,True,False,4.0,8545.223713434705,28.503798162376405,28.9073981623764,2.0,5.0,1.0999989999982418e-05,3.3431850193401953,GS-Beijing -> 00046 -> 00047 -> 00121 -> GS-Singapore
2026-07-16 06:33:39.598719+00:00,True,False,4.0,8555.45354906972,28.5379212210526,28.941521221052597,2.0,5.0,1.0999989999982418e-05,3.3219064935946037,GS-Beijing -> 00046 -> 00047 -> 00121 -> GS-Singapore
2026-07-16 06:33:40.598719+00:00,True,False,4.0,8565.74263540973,28.57224191880681,28.97584191880681,2.0,5.0,1.0999989999982418e-05,3.3006541114373285,GS-Beijing -> 00046 -> 00047 -> 00121 -> GS-Singapore
2026-07-16 06:33:41.598719+00:00,True,False,4.0,8576.09083900141,28.60675981048666,29.010359810486662,2.0,5.0,1.0999989999982418e-05,3.279428092001748,GS-Beijing -> 00046 -> 00047 -> 00121 -> GS-Singapore
2026-07-16 06:33:42.598719+00:00,True,False,4.0,8586.498026061658,28.641474449839755,29.04507444983976,2.0,5.0,1.0999989999982418e-05,3.258228649696152,GS-Beijing -> 00046 -> 00047 -> 00121 -> GS-Singapore
2026-07-16 06:33:43.598719+00:00,True,False,4.0,8596.964062464178,28.67638538946893,29.079985389468934,2.0,5.0,1.0999989999982418e-05,3.2370559942811834,GS-Beijing -> 00046 -> 00047 -> 00121 -> GS-Singapore
2026-07-16 06:33:44.598719+00:00,True,False,4.0,8607.488813720349,28.711492180768435,29.115092180768432,2.0,5.0,1.0999989999982418e-05,3.215910330947395,GS-Beijing -> 00046 -> 00047 -> 00121 -> GS-Singapore
2026-07-16 06:33:45.598719+00:00,True,False,4.0,8618.072144977137,28.746794373916963,29.150394373916964,2.0,5.0,1.0999989999982418e-05,3.194791860354478,GS-Beijing -> 00046 -> 00047 -> 00121 -> GS-Singapore
2026-07-16 06:33:46.598719+00:00,True,False,4.0,8628.713920994713,28.782291517803003,29.185891517803,2.0,5.0,1.0999989999982418e-05,3.1737007787271914,GS-Beijing -> 00046 -> 00047 -> 00121 -> GS-Singapore
2026-07-16 06:33:47.598719+00:00,True,False,4.0,8639.414006137746,28.817983159995794,29.221583159995795,2.0,5.0,1.0999989999982418e-05,3.152637277899654,GS-Beijing -> 00046 -> 00047 -> 00121 -> GS-Singapore
2026-07-16 06:33:48.598719+00:00,True,False,4.0,8650.172264354573,28.853868846675834,29.257468846675827,2.0,5.0,1.0999989999982418e-05,3.1316015453983344,GS-Beijing -> 00046 -> 00047 -> 00121 -> GS-Singapore
2026-07-16 06:33:49.598719+00:00,True,False,4.0,8660.988559180343,28.88994812264538,29.293548122645383,2.0,5.0,1.0999989999982418e-05,3.1105937644892077,GS-Beijing -> 00046 -> 00047 -> 00121 -> GS-Singapore
2026-07-16 06:33:50.598719+00:00,True,False,4.0,8671.862753703586,28.926220531216924,29.329820531216924,2.0,5.0,1.0999989999982418e-05,3.0896141142536546,GS-Beijing -> 00046 -> 00047 -> 00121 -> GS-Singapore
2026-07-16 06:33:51.598719+00:00,True,False,4.0,8682.794710566866,28.962685614215374,29.36628561421538,2.0,5.0,1.0999989999982418e-05,3.068662769651329,GS-Beijing -> 00046 -> 00047 -> 00121 -> GS-Singapore
2026-07-16 06:33:52.598719+00:00,True,False,4.0,8693.784291958822,28.999342911951516,29.402942911951516,2.0,5.0,1.0999989999982418e-05,3.0477399015619078,GS-Beijing -> 00046 -> 00047 -> 00121 -> GS-Singapore
2026-07-16 06:33:53.598719+00:00,True,False,4.0,8704.831359587028,29.036191963131465,29.439791963131466,2.0,5.0,1.0999989999982418e-05,3.026845676876052,GS-Beijing -> 00046 -> 00047 -> 00121 -> GS-Singapore
2026-07-16 06:33:54.598719+00:00,True,False,4.0,8715.935774673731,29.073232304842477,29.476832304842475,2.0,5.0,1.0999989999982418e-05,3.005980258535944,GS-Beijing -> 00046 -> 00047 -> 00121 -> GS-Singapore
2026-07-16 06:33:55.598719+00:00,True,False,4.0,8727.097397951042,29.110463472536864,29.523663472536864,2.0,1.0,0.001000999000000058,2.9851438055991295,GS-Beijing -> 00046 -> 00047 -> 00121 -> GS-Singapore
2026-07-16 06:33:56.598719+00:00,True,False,4.0,8738.3160896397,29.14788499996121,29.56108499996121,2.0,1.0,0.001000999000000058,2.9643364732962603,GS-Beijing -> 00046 -> 00047 -> 00121 -> GS-Singapore
2026-07-16 06:33:57.598719+00:00,True,False,4.0,8749.591709438399,29.185496419120717,29.598696419120717,2.0,1.0,0.001000999000000058,2.943558413108752,GS-Beijing -> 00046 -> 00047 -> 00121 -> GS-Singapore
2026-07-16 06:33:58.598719+00:00,True,False,4.0,8760.924116525248,29.22329726028414,29.636497260284145,2.0,1.0,0.001000999000000058,2.922809772777075,GS-Beijing -> 00046 -> 00047 -> 00121 -> GS-Singapore
2026-07-16 06:33:59.598719+00:00,True,False,4.0,8772.313169524467,29.26128705187262,29.674487051872624,2.0,1.0,0.001000999000000058,2.9020906964233006,GS-Beijing -> 00046 -> 00047 -> 00121 -> GS-Singapore
2026-07-16 06:34:00.598719+00:00,True,False,4.0,8783.75872651904,29.29946532050196,29.712665320501955,2.0,1.0,0.001000999000000058,2.88140132454949,GS-Beijing -> 00046 -> 00047 -> 00121 -> GS-Singapore
2026-07-16 06:34:01.598719+00:00,True,False,4.0,8795.260645028944,29.33783159090995,29.751031590909946,2.0,1.0,0.001000999000000058,2.860741794127339,GS-Beijing -> 00046 -> 00047 -> 00121 -> GS-Singapore
2026-07-16 06:34:02.598719+00:00,True,False,4.0,8806.818781998978,29.376385385915807,29.78958538591581,2.0,1.0,0.001000999000000058,2.8401122386389996,GS-Beijing -> 00046 -> 00047 -> 00121 -> GS-Singapore
2026-07-16 06:34:03.598719+00:00,True,False,4.0,8818.432993797844,29.41512622641709,29.828326226417094,2.0,1.0,0.001000999000000058,2.8195127881372635,GS-Beijing -> 00046 -> 00047 -> 00121 -> GS-Singapore
2026-07-16 06:34:04.598719+00:00,True,False,4.0,8830.103136199392,29.454053631327152,29.867253631327152,2.0,1.0,0.001000999000000058,2.7989435692911204,GS-Beijing -> 00046 -> 00047 -> 00121 -> GS-Singapore
2026-07-16 06:34:05.598719+00:00,True,False,4.0,8841.8290643836,29.49316711757839,29.90636711757839,2.0,1.0,0.001000999000000058,2.778404705444938,GS-Beijing -> 00046 -> 00047 -> 00121 -> GS-Singapore
2026-07-16 06:34:06.598719+00:00,True,False,4.0,8853.61063291309,29.532466200043938,29.94566620004393,2.0,1.0,0.001000999000000058,2.7578963166702906,GS-Beijing -> 00046 -> 00047 -> 00121 -> GS-Singapore
2026-07-16 06:34:07.598719+00:00,True,False,4.0,8865.447695743198,29.57195039157122,29.985150391571224,2.0,1.0,0.001000999000000058,2.737418519814593,GS-Beijing -> 00046 -> 00047 -> 00121 -> GS-Singapore
2026-07-16 06:34:08.598719+00:00,True,False,4.0,8877.340106201851,29.611619202914877,30.024819202914873,2.0,1.0,0.001000999000000058,2.7169714285405533,GS-Beijing -> 00046 -> 00047 -> 00121 -> GS-Singapore
2026-07-16 06:34:09.598719+00:00,True,False,4.0,8889.287716974755,29.65147214268731,30.06467214268731,2.0,1.0,0.001000999000000058,2.6965551534079637,GS-Beijing -> 00046 -> 00047 -> 00121 -> GS-Singapore
2026-07-16 06:34:10.598719+00:00,True,False,4.0,8901.290380117847,29.69150871740025,30.10470871740025,2.0,1.0,0.001000999000000058,2.6761698018828497,GS-Beijing -> 00046 -> 00047 -> 00121 -> GS-Singapore
2026-07-16 06:34:11.598719+00:00,True,False,4.0,8913.34794703215,29.73172843138086,30.14492843138086,2.0,1.0,0.001000999000000058,2.6558154784149544,GS-Beijing -> 00046 -> 00047 -> 00121 -> GS-Singapore
2026-07-16 06:34:12.598719+00:00,True,False,4.0,8925.460268461433,29.77213078676393,30.185330786763934,2.0,1.0,0.001000999000000058,2.635492284478371,GS-Beijing -> 00046 -> 00047 -> 00121 -> GS-Singapore
2026-07-16 06:34:13.598719+00:00,True,False,4.0,8937.627194494164,29.81271528349844,30.225915283498438,2.0,1.0,0.001000999000000058,2.61520031860835,GS-Beijing -> 00046 -> 00047 -> 00121 -> GS-Singapore
2026-07-16 06:34:14.598719+00:00,True,False,4.0,8949.84857454109,29.8534814192727,30.2666814192727,2.0,1.0,0.001000999000000058,2.5949396764560557,GS-Beijing -> 00046 -> 00047 -> 00121 -> GS-Singapore
2026-07-16 06:34:15.598719+00:00,True,False,4.0,8962.124257336509,29.89442868951863,30.307628689518637,2.0,1.0,0.001000999000000058,2.5747104508491017,GS-Beijing -> 00046 -> 00047 -> 00121 -> GS-Singapore
2026-07-16 06:34:16.598719+00:00,True,False,4.0,8974.454090940608,29.93555658741958,30.348756587419587,2.0,1.0,0.001000999000000058,2.5545127318029124,GS-Beijing -> 00046 -> 00047 -> 00121 -> GS-Singapore
2026-07-16 06:34:17.598719+00:00,True,False,4.0,8986.837922721226,29.976864603849464,30.39006460384946,2.0,1.0,0.001000999000000058,2.5343466065903435,GS-Beijing -> 00046 -> 00047 -> 00121 -> GS-Singapore
2026-07-16 06:34:18.598719+00:00,True,False,4.0,8999.275599351065,30.018352227363458,30.431552227363458,2.0,1.0,0.001000999000000058,2.5142121597884017,GS-Beijing -> 00046 -> 00047 -> 00121 -> GS-Singapore
2026-07-16 06:34:19.598719+00:00,True,False,4.0,9011.766966808666,30.06001894420128,30.473218944201285,2.0,1.0,0.001000999000000058,2.494109473300952,GS-Beijing -> 00046 -> 00047 -> 00121 -> GS-Singapore
2026-07-16 06:34:20.598719+00:00,True,False,4.0,9024.31187036565,30.10186423824461,30.515064238244616,2.0,1.0,0.001000999000000058,2.474038626424342,GS-Beijing -> 00046 -> 00047 -> 00121 -> GS-Singapore
2026-07-16 06:34:21.598719+00:00,True,False,4.0,9036.910154587926,30.14388759102114,30.557087591021144,2.0,1.0,0.001000999000000058,2.453999695875112,GS-Beijing -> 00046 -> 00047 -> 00121 -> GS-Singapore
2026-07-16 06:34:22.598719+00:00,True,False,4.0,9049.561663329687,30.18608848168451,30.599288481684507,2.0,1.0,0.001000999000000058,2.4339927558373518,GS-Beijing -> 00046 -> 00047 -> 00121 -> GS-Singapore
2026-07-16 06:34:23.598719+00:00,True,False,4.0,9062.266239727744,30.228466386995446,30.64166638699545,2.0,1.0,0.001000999000000058,2.4140178779988233,GS-Beijing -> 00046 -> 00047 -> 00121 -> GS-Singapore
2026-07-16 06:34:24.598719+00:00,True,False,4.0,9075.023726199599,30.27102078131532,30.684220781315314,2.0,1.0,0.001000999000000058,2.394075131599788,GS-Beijing -> 00046 -> 00047 -> 00121 -> GS-Singapore
2026-07-16 06:34:25.598719+00:00,True,False,4.0,9087.83396444065,30.313751136596807,30.726951136596806,2.0,1.0,0.001000999000000058,2.3741645834662837,GS-Beijing -> 00046 -> 00047 -> 00121 -> GS-Singapore
2026-07-16 06:34:26.598719+00:00,True,False,4.0,9100.696795422191,30.35665692237725,30.76985692237725,2.0,1.0,0.001000999000000058,2.354286298047949,GS-Beijing -> 00046 -> 00047 -> 00121 -> GS-Singapore
2026-07-16 06:34:27.598719+00:00,True,False,4.0,9113.61205938161,30.399737605745944,30.812937605745944,2.0,1.0,0.001000999000000058,2.3344403374758897,GS-Beijing -> 00046 -> 00047 -> 00121 -> GS-Singapore
2026-07-16 06:34:28.598719+00:00,True,False,4.0,9126.579595835425,30.4429926513876,30.856192651387598,2.0,1.0,0.001000999000000058,2.3146267615627885,GS-Beijing -> 00046 -> 00047 -> 00121 -> GS-Singapore
2026-07-16 06:34:29.598719+00:00,True,False,4.0,9139.599243555327,30.486421521502475,30.89962152150248,2.0,1.0,0.001000999000000058,2.2948456278851275,GS-Beijing -> 00046 -> 00047 -> 00121 -> GS-Singapore
2026-07-16 06:34:30.598719+00:00,True,False,4.0,9152.67084058416,30.530023675859653,30.94322367585966,2.0,1.0,0.001000999000000058,2.2750969917879864,GS-Beijing -> 00046 -> 00047 -> 00121 -> GS-Singapore
2026-07-16 06:34:31.598719+00:00,True,False,4.0,9165.794224229601,30.573798571775953,30.986998571775953,2.0,1.0,0.001000999000000058,2.255380906434942,GS-Beijing -> 00046 -> 00047 -> 00121 -> GS-Singapore
2026-07-16 06:34:32.598719+00:00,True,False,4.0,9178.969231062845,30.617745664111556,31.03094566411156,2.0,1.0,0.001000999000000058,2.2356974228436624,GS-Beijing -> 00046 -> 00047 -> 00121 -> GS-Singapore
2026-07-16 06:34:33.598719+00:00,True,False,4.0,9192.195696912093,30.66186440524829,31.07506440524829,2.0,1.0,0.001000999000000058,2.2160465899194755,GS-Beijing -> 00046 -> 00047 -> 00121 -> GS-Singapore
2026-07-16 06:34:34.598719+00:00,True,False,4.0,9205.473456874006,30.70615424512783,31.119354245127827,2.0,1.0,0.001000999000000058,2.196428454495118,GS-Beijing -> 00046 -> 00047 -> 00121 -> GS-Singapore
2026-07-16 06:34:35.598719+00:00,True,False,4.0,9218.802345303784,30.75061463121859,31.16381463121859,2.0,1.0,0.001000999000000058,2.1768430613565393,GS-Beijing -> 00046 -> 00047 -> 00121 -> GS-Singapore
2026-07-16 06:34:36.598719+00:00,True,False,4.0,9232.182195813337,30.795245008509642,31.20844500850964,2.0,1.0,0.001000999000000058,2.1572904532862456,GS-Beijing -> 00046 -> 00047 -> 00121 -> GS-Singapore
2026-07-16 06:34:37.598719+00:00,True,False,4.0,9245.612841288017,30.840044819566533,31.253244819566532,2.0,1.0,0.001000999000000058,2.137770671090415,GS-Beijing -> 00046 -> 00047 -> 00121 -> GS-Singapore
2026-07-16 06:34:38.598719+00:00,True,False,4.0,9259.094113862338,30.885013504450267,31.298213504450267,2.0,1.0,0.001000999000000058,2.1182837536412205,GS-Beijing -> 00046 -> 00047 -> 00121 -> GS-Singapore
2026-07-16 06:34:39.598719+00:00,True,False,4.0,9272.625844948006,30.93015050081082,31.34335050081082,2.0,1.0,0.001000999000000058,2.098829737893258,GS-Beijing -> 00046 -> 00047 -> 00121 -> GS-Singapore
2026-07-16 06:34:40.598719+00:00,True,False,4.0,9286.207865211078,30.975455243810963,31.388655243810966,2.0,1.0,0.001000999000000058,2.0794086589374796,GS-Beijing -> 00046 -> 00047 -> 00121 -> GS-Singapore
2026-07-16 06:34:41.598719+00:00,True,False,4.0,9299.84000459384,31.020927166199225,31.434127166199225,2.0,1.0,0.001000999000000058,2.060020550015315,GS-Beijing -> 00046 -> 00047 -> 00121 -> GS-Singapore
2026-07-16 06:34:42.598719+00:00,True,False,4.0,9313.522092303388,31.0665656982718,31.4797656982718,2.0,1.0,0.001000999000000058,2.0406654425504573,GS-Beijing -> 00046 -> 00047 -> 00121 -> GS-Singapore
2026-07-16 06:34:43.598719+00:00,True,False,4.0,9327.253956818398,31.112370267895127,31.52557026789513,2.0,1.0,0.001000999000000058,2.0213433661999183,GS-Beijing -> 00046 -> 00047 -> 00121 -> GS-Singapore
2026-07-16 06:34:44.598719+00:00,True,False,4.0,9341.035425892194,31.15834030051615,31.571540300516155,2.0,1.0,0.001000999000000058,2.0020543488619147,GS-Beijing -> 00046 -> 00047 -> 00121 -> GS-Singapore
2026-07-16 06:34:45.598719+00:00,True,False,4.0,9354.866326557078,31.20447521917672,31.617675219176718,2.0,1.0,0.001000999000000058,1.9827984167120736,GS-Beijing -> 00046 -> 00047 -> 00121 -> GS-Singapore
2026-07-16 06:34:46.598719+00:00,True,False,4.0,9368.746485120824,31.25077444450195,31.663974444501953,2.0,1.0,0.001000999000000058,1.9635755942407798,GS-Beijing -> 00046 -> 00047 -> 00121 -> GS-Singapore
2026-07-16 06:34:47.598719+00:00,True,False,4.0,9382.675727183274,31.297237394755527,31.710437394755523,2.0,1.0,0.001000999000000058,1.9443859042735863,GS-Beijing -> 00046 -> 00047 -> 00121 -> GS-Singapore
2026-07-16 06:34:48.598719+00:00,True,False,4.0,9396.653877624896,31.34386348580156,31.757063485801556,2.0,1.0,0.001000999000000058,1.925229368000835,GS-Beijing -> 00046 -> 00047 -> 00121 -> GS-Singapore
2026-07-16 06:34:49.598719+00:00,True,False,4.0,9410.680760621872,31.39065213115492,31.80385213115492,2.0,1.0,0.001000999000000058,1.906106005015065,GS-Beijing -> 00046 -> 00047 -> 00121 -> GS-Singapore
2026-07-16 06:34:50.598719+00:00,True,False,4.0,9424.756199647678,31.437602741986517,31.85080274198652,2.0,1.0,0.001000999000000058,1.8870158333243499,GS-Beijing -> 00046 -> 00047 -> 00121 -> GS-Singapore
2026-07-16 06:34:51.598719+00:00,True,False,4.0,9438.88001747167,31.484714727118558,31.89791472711856,2.0,1.0,0.001000999000000058,1.8679588693939895,GS-Beijing -> 00046 -> 00047 -> 00121 -> GS-Singapore
2026-07-16 06:34:52.598719+00:00,True,False,4.0,9453.05203617817,31.5319874930882,31.945187493088195,2.0,1.0,0.001000999000000058,1.8489351281618358,GS-Beijing -> 00046 -> 00047 -> 00121 -> GS-Singapore
2026-07-16 06:34:53.598719+00:00,True,False,4.0,9467.272077150415,31.57942044409408,31.992620444094086,2.0,1.0,0.001000999000000058,1.8299446230770702,GS-Beijing -> 00046 -> 00047 -> 00121 -> GS-Singapore
2026-07-16 06:34:54.598719+00:00,True,False,4.0,9481.53996110219,31.627012982101736,32.04021298210174,2.0,1.0,0.001000999000000058,1.8109873661114868,GS-Beijing -> 00046 -> 00047 -> 00121 -> GS-Singapore
2026-07-16 06:34:55.598719+00:00,True,False,4.0,9495.855508064515,31.674764506799285,32.08796450679928,2.0,1.0,0.001000999000000058,1.7920633677942917,GS-Beijing -> 00046 -> 00047 -> 00121 -> GS-Singapore
2026-07-16 06:34:56.598719+00:00,True,False,4.0,9510.218537392735,31.722674415621007,32.13587441562101,2.0,1.0,0.001000999000000058,1.773172637247539,GS-Beijing -> 00046 -> 00047 -> 00121 -> GS-Singapore
2026-07-16 06:34:57.598719+00:00,True,False,4.0,9524.62886778607,31.7707421038126,32.183942103812605,2.0,1.0,0.001000999000000058,1.7543151821857013,GS-Beijing -> 00046 -> 00047 -> 00121 -> GS-Singapore
2026-07-16 06:34:58.598719+00:00,True,False,4.0,9539.086317282505,31.818966964414116,32.23216696441411,2.0,1.0,0.001000999000000058,1.7354910089635567,GS-Beijing -> 00046 -> 00047 -> 00121 -> GS-Singapore
2026-07-16 06:34:59.598719+00:00,True,False,4.0,9553.590703263606,31.86734838827602,32.28054838827602,2.0,1.0,0.001000999000000058,1.7167001225974605,GS-Beijing -> 00046 -> 00047 -> 00121 -> GS-Singapore
2026-07-16 06:35:00.598719+00:00,False,False,,,,,,,,,
2026-07-16 06:35:01.598719+00:00,False,False,,,,,,,,,
2026-07-16 06:35:02.598719+00:00,False,False,,,,,,,,,
2026-07-16 06:35:03.598719+00:00,False,False,,,,,,,,,
2026-07-16 06:35:04.598719+00:00,False,False,,,,,,,,,
2026-07-16 06:35:05.598719+00:00,False,False,,,,,,,,,
2026-07-16 06:35:06.598719+00:00,False,False,,,,,,,,,
2026-07-16 06:35:07.598719+00:00,False,False,,,,,,,,,
2026-07-16 06:35:08.598719+00:00,False,False,,,,,,,,,
2026-07-16 06:35:09.598719+00:00,False,False,,,,,,,,,
2026-07-16 06:35:10.598719+00:00,False,False,,,,,,,,,
2026-07-16 06:35:11.598719+00:00,False,False,,,,,,,,,
2026-07-16 06:35:12.598719+00:00,False,False,,,,,,,,,
2026-07-16 06:35:13.598719+00:00,False,False,,,,,,,,,
2026-07-16 06:35:14.598719+00:00,False,False,,,,,,,,,
2026-07-16 06:35:15.598719+00:00,False,False,,,,,,,,,
2026-07-16 06:35:16.598719+00:00,False,False,,,,,,,,,
2026-07-16 06:35:17.598719+00:00,False,False,,,,,,,,,
2026-07-16 06:35:18.598719+00:00,False,False,,,,,,,,,
2026-07-16 06:35:19.598719+00:00,False,False,,,,,,,,,
2026-07-16 06:35:20.598719+00:00,False,False,,,,,,,,,
2026-07-16 06:35:21.598719+00:00,False,False,,,,,,,,,
2026-07-16 06:35:22.598719+00:00,False,False,,,,,,,,,
2026-07-16 06:35:23.598719+00:00,False,False,,,,,,,,,
2026-07-16 06:35:24.598719+00:00,False,False,,,,,,,,,
2026-07-16 06:35:25.598719+00:00,False,False,,,,,,,,,
2026-07-16 06:35:26.598719+00:00,False,False,,,,,,,,,
2026-07-16 06:35:27.598719+00:00,False,False,,,,,,,,,
2026-07-16 06:35:28.598719+00:00,False,False,,,,,,,,,
2026-07-16 06:35:29.598719+00:00,False,False,,,,,,,,,
2026-07-16 06:35:30.598719+00:00,False,False,,,,,,,,,
2026-07-16 06:35:31.598719+00:00,False,False,,,,,,,,,
2026-07-16 06:35:32.598719+00:00,False,False,,,,,,,,,
2026-07-16 06:35:33.598719+00:00,False,False,,,,,,,,,
2026-07-16 06:35:34.598719+00:00,False,False,,,,,,,,,
2026-07-16 06:35:35.598719+00:00,False,False,,,,,,,,,
2026-07-16 06:35:36.598719+00:00,False,False,,,,,,,,,
2026-07-16 06:35:37.598719+00:00,False,False,,,,,,,,,
2026-07-16 06:35:38.598719+00:00,False,False,,,,,,,,,
2026-07-16 06:35:39.598719+00:00,False,False,,,,,,,,,
2026-07-16 06:35:40.598719+00:00,False,False,,,,,,,,,
2026-07-16 06:35:41.598719+00:00,False,False,,,,,,,,,
2026-07-16 06:35:42.598719+00:00,False,False,,,,,,,,,
2026-07-16 06:35:43.598719+00:00,False,False,,,,,,,,,
2026-07-16 06:35:44.598719+00:00,False,False,,,,,,,,,
2026-07-16 06:35:45.598719+00:00,False,False,,,,,,,,,
2026-07-16 06:35:46.598719+00:00,False,False,,,,,,,,,
2026-07-16 06:35:47.598719+00:00,False,False,,,,,,,,,
2026-07-16 06:35:48.598719+00:00,False,False,,,,,,,,,
2026-07-16 06:35:49.598719+00:00,False,False,,,,,,,,,
2026-07-16 06:35:50.598719+00:00,False,False,,,,,,,,,
2026-07-16 06:35:51.598719+00:00,False,False,,,,,,,,,
2026-07-16 06:35:52.598719+00:00,False,False,,,,,,,,,
2026-07-16 06:35:53.598719+00:00,False,False,,,,,,,,,
2026-07-16 06:35:54.598719+00:00,False,False,,,,,,,,,
2026-07-16 06:35:55.598719+00:00,False,False,,,,,,,,,
2026-07-16 06:35:56.598719+00:00,False,False,,,,,,,,,
2026-07-16 06:35:57.598719+00:00,False,False,,,,,,,,,
2026-07-16 06:35:58.598719+00:00,False,False,,,,,,,,,
2026-07-16 06:35:59.598719+00:00,False,False,,,,,,,,,
2026-07-16 06:36:00.598719+00:00,False,False,,,,,,,,,
2026-07-16 06:36:01.598719+00:00,False,False,,,,,,,,,
2026-07-16 06:36:02.598719+00:00,False,False,,,,,,,,,
2026-07-16 06:36:03.598719+00:00,False,False,,,,,,,,,
2026-07-16 06:36:04.598719+00:00,False,False,,,,,,,,,
2026-07-16 06:36:05.598719+00:00,False,False,,,,,,,,,
2026-07-16 06:36:06.598719+00:00,False,False,,,,,,,,,
2026-07-16 06:36:07.598719+00:00,False,False,,,,,,,,,
2026-07-16 06:36:08.598719+00:00,False,False,,,,,,,,,
2026-07-16 06:36:09.598719+00:00,False,False,,,,,,,,,
2026-07-16 06:36:10.598719+00:00,False,False,,,,,,,,,
2026-07-16 06:36:11.598719+00:00,False,False,,,,,,,,,
2026-07-16 06:36:12.598719+00:00,False,False,,,,,,,,,
2026-07-16 06:36:13.598719+00:00,False,False,,,,,,,,,
2026-07-16 06:36:14.598719+00:00,False,False,,,,,,,,,
2026-07-16 06:36:15.598719+00:00,False,False,,,,,,,,,
2026-07-16 06:36:16.598719+00:00,False,False,,,,,,,,,
2026-07-16 06:36:17.598719+00:00,False,False,,,,,,,,,
2026-07-16 06:36:18.598719+00:00,False,False,,,,,,,,,
2026-07-16 06:36:19.598719+00:00,False,False,,,,,,,,,
2026-07-16 06:36:20.598719+00:00,False,False,,,,,,,,,
2026-07-16 06:36:21.598719+00:00,False,False,,,,,,,,,
2026-07-16 06:36:22.598719+00:00,False,False,,,,,,,,,
2026-07-16 06:36:23.598719+00:00,False,False,,,,,,,,,
2026-07-16 06:36:24.598719+00:00,False,False,,,,,,,,,
2026-07-16 06:36:25.598719+00:00,False,False,,,,,,,,,
2026-07-16 06:36:26.598719+00:00,False,False,,,,,,,,,
2026-07-16 06:36:27.598719+00:00,False,False,,,,,,,,,
2026-07-16 06:36:28.598719+00:00,False,False,,,,,,,,,
2026-07-16 06:36:29.598719+00:00,False,False,,,,,,,,,
2026-07-16 06:36:30.598719+00:00,False,False,,,,,,,,,
2026-07-16 06:36:31.598719+00:00,False,False,,,,,,,,,
2026-07-16 06:36:32.598719+00:00,False,False,,,,,,,,,
2026-07-16 06:36:33.598719+00:00,False,False,,,,,,,,,
2026-07-16 06:36:34.598719+00:00,False,False,,,,,,,,,
2026-07-16 06:36:35.598719+00:00,False,False,,,,,,,,,
2026-07-16 06:36:36.598719+00:00,False,False,,,,,,,,,
2026-07-16 06:36:37.598719+00:00,False,False,,,,,,,,,
2026-07-16 06:36:38.598719+00:00,False,False,,,,,,,,,
2026-07-16 06:36:39.598719+00:00,False,False,,,,,,,,,
2026-07-16 06:36:40.598719+00:00,False,False,,,,,,,,,
2026-07-16 06:36:41.598719+00:00,False,False,,,,,,,,,
2026-07-16 06:36:42.598719+00:00,False,False,,,,,,,,,
2026-07-16 06:36:43.598719+00:00,False,False,,,,,,,,,
2026-07-16 06:36:44.598719+00:00,False,False,,,,,,,,,
2026-07-16 06:36:45.598719+00:00,False,False,,,,,,,,,
2026-07-16 06:36:46.598719+00:00,False,False,,,,,,,,,
2026-07-16 06:36:47.598719+00:00,False,False,,,,,,,,,
2026-07-16 06:36:48.598719+00:00,False,False,,,,,,,,,
2026-07-16 06:36:49.598719+00:00,False,False,,,,,,,,,
2026-07-16 06:36:50.598719+00:00,False,False,,,,,,,,,
2026-07-16 06:36:51.598719+00:00,False,False,,,,,,,,,
2026-07-16 06:36:52.598719+00:00,False,False,,,,,,,,,
2026-07-16 06:36:53.598719+00:00,False,False,,,,,,,,,
2026-07-16 06:36:54.598719+00:00,False,False,,,,,,,,,
2026-07-16 06:36:55.598719+00:00,False,False,,,,,,,,,
2026-07-16 06:36:56.598719+00:00,False,False,,,,,,,,,
2026-07-16 06:36:57.598719+00:00,False,False,,,,,,,,,
2026-07-16 06:36:58.598719+00:00,False,False,,,,,,,,,
2026-07-16 06:36:59.598719+00:00,False,False,,,,,,,,,
2026-07-16 06:37:00.598719+00:00,False,False,,,,,,,,,
2026-07-16 06:37:01.598719+00:00,False,False,,,,,,,,,
2026-07-16 06:37:02.598719+00:00,False,False,,,,,,,,,
2026-07-16 06:37:03.598719+00:00,False,False,,,,,,,,,
2026-07-16 06:37:04.598719+00:00,False,False,,,,,,,,,
2026-07-16 06:37:05.598719+00:00,False,False,,,,,,,,,
2026-07-16 06:37:06.598719+00:00,False,False,,,,,,,,,
2026-07-16 06:37:07.598719+00:00,False,False,,,,,,,,,
2026-07-16 06:37:08.598719+00:00,False,False,,,,,,,,,
2026-07-16 06:37:09.598719+00:00,False,False,,,,,,,,,
2026-07-16 06:37:10.598719+00:00,False,False,,,,,,,,,
2026-07-16 06:37:11.598719+00:00,False,False,,,,,,,,,
2026-07-16 06:37:12.598719+00:00,False,False,,,,,,,,,
2026-07-16 06:37:13.598719+00:00,False,False,,,,,,,,,
2026-07-16 06:37:14.598719+00:00,False,False,,,,,,,,,
2026-07-16 06:37:15.598719+00:00,False,False,,,,,,,,,
2026-07-16 06:37:16.598719+00:00,False,False,,,,,,,,,
2026-07-16 06:37:17.598719+00:00,False,False,,,,,,,,,
2026-07-16 06:37:18.598719+00:00,False,False,,,,,,,,,
2026-07-16 06:37:19.598719+00:00,False,False,,,,,,,,,
2026-07-16 06:37:20.598719+00:00,False,False,,,,,,,,,
2026-07-16 06:37:21.598719+00:00,False,False,,,,,,,,,
2026-07-16 06:37:22.598719+00:00,False,False,,,,,,,,,
2026-07-16 06:37:23.598719+00:00,False,False,,,,,,,,,
2026-07-16 06:37:24.598719+00:00,False,False,,,,,,,,,
2026-07-16 06:37:25.598719+00:00,False,False,,,,,,,,,
2026-07-16 06:37:26.598719+00:00,False,False,,,,,,,,,
2026-07-16 06:37:27.598719+00:00,False,False,,,,,,,,,
2026-07-16 06:37:28.598719+00:00,False,False,,,,,,,,,
2026-07-16 06:37:29.598719+00:00,False,False,,,,,,,,,
2026-07-16 06:37:30.598719+00:00,False,False,,,,,,,,,
2026-07-16 06:37:31.598719+00:00,False,False,,,,,,,,,
2026-07-16 06:37:32.598719+00:00,False,False,,,,,,,,,
2026-07-16 06:37:33.598719+00:00,False,False,,,,,,,,,
2026-07-16 06:37:34.598719+00:00,False,False,,,,,,,,,
2026-07-16 06:37:35.598719+00:00,False,False,,,,,,,,,
2026-07-16 06:37:36.598719+00:00,False,False,,,,,,,,,
2026-07-16 06:37:37.598719+00:00,False,False,,,,,,,,,
2026-07-16 06:37:38.598719+00:00,False,False,,,,,,,,,
2026-07-16 06:37:39.598719+00:00,False,False,,,,,,,,,
2026-07-16 06:37:40.598719+00:00,False,False,,,,,,,,,
2026-07-16 06:37:41.598719+00:00,False,False,,,,,,,,,
2026-07-16 06:37:42.598719+00:00,False,False,,,,,,,,,
2026-07-16 06:37:43.598719+00:00,False,False,,,,,,,,,
2026-07-16 06:37:44.598719+00:00,False,False,,,,,,,,,
2026-07-16 06:37:45.598719+00:00,False,False,,,,,,,,,
2026-07-16 06:37:46.598719+00:00,False,False,,,,,,,,,
2026-07-16 06:37:47.598719+00:00,False,False,,,,,,,,,
2026-07-16 06:37:48.598719+00:00,False,False,,,,,,,,,
2026-07-16 06:37:49.598719+00:00,False,False,,,,,,,,,
2026-07-16 06:37:50.598719+00:00,False,False,,,,,,,,,
2026-07-16 06:37:51.598719+00:00,False,False,,,,,,,,,
2026-07-16 06:37:52.598719+00:00,False,False,,,,,,,,,
2026-07-16 06:37:53.598719+00:00,False,False,,,,,,,,,
2026-07-16 06:37:54.598719+00:00,False,False,,,,,,,,,
2026-07-16 06:37:55.598719+00:00,False,False,,,,,,,,,
2026-07-16 06:37:56.598719+00:00,False,False,,,,,,,,,
2026-07-16 06:37:57.598719+00:00,False,False,,,,,,,,,
2026-07-16 06:37:58.598719+00:00,False,False,,,,,,,,,
2026-07-16 06:37:59.598719+00:00,False,False,,,,,,,,,
2026-07-16 06:38:00.598719+00:00,False,False,,,,,,,,,
2026-07-16 06:38:01.598719+00:00,False,False,,,,,,,,,
2026-07-16 06:38:02.598719+00:00,False,False,,,,,,,,,
2026-07-16 06:38:03.598719+00:00,False,False,,,,,,,,,
2026-07-16 06:38:04.598719+00:00,False,False,,,,,,,,,
2026-07-16 06:38:05.598719+00:00,False,False,,,,,,,,,
2026-07-16 06:38:06.598719+00:00,False,False,,,,,,,,,
2026-07-16 06:38:07.598719+00:00,False,False,,,,,,,,,
2026-07-16 06:38:08.598719+00:00,False,False,,,,,,,,,
2026-07-16 06:38:09.598719+00:00,False,False,,,,,,,,,
2026-07-16 06:38:10.598719+00:00,False,False,,,,,,,,,
2026-07-16 06:38:11.598719+00:00,False,False,,,,,,,,,
2026-07-16 06:38:12.598719+00:00,False,False,,,,,,,,,
2026-07-16 06:38:13.598719+00:00,False,False,,,,,,,,,
2026-07-16 06:38:14.598719+00:00,False,False,,,,,,,,,
2026-07-16 06:38:15.598719+00:00,False,False,,,,,,,,,
2026-07-16 06:38:16.598719+00:00,False,False,,,,,,,,,
2026-07-16 06:38:17.598719+00:00,False,False,,,,,,,,,
2026-07-16 06:38:18.598719+00:00,False,False,,,,,,,,,
2026-07-16 06:38:19.598719+00:00,False,False,,,,,,,,,
2026-07-16 06:38:20.598719+00:00,False,False,,,,,,,,,
2026-07-16 06:38:21.598719+00:00,False,False,,,,,,,,,
2026-07-16 06:38:22.598719+00:00,False,False,,,,,,,,,
2026-07-16 06:38:23.598719+00:00,False,False,,,,,,,,,
2026-07-16 06:38:24.598719+00:00,False,False,,,,,,,,,
2026-07-16 06:38:25.598719+00:00,False,False,,,,,,,,,
2026-07-16 06:38:26.598719+00:00,False,False,,,,,,,,,
2026-07-16 06:38:27.598719+00:00,False,False,,,,,,,,,
2026-07-16 06:38:28.598719+00:00,False,False,,,,,,,,,
2026-07-16 06:38:29.598719+00:00,False,False,,,,,,,,,
2026-07-16 06:38:30.598719+00:00,False,False,,,,,,,,,
2026-07-16 06:38:31.598719+00:00,False,False,,,,,,,,,
2026-07-16 06:38:32.598719+00:00,False,False,,,,,,,,,
2026-07-16 06:38:33.598719+00:00,False,False,,,,,,,,,
2026-07-16 06:38:34.598719+00:00,False,False,,,,,,,,,
2026-07-16 06:38:35.598719+00:00,False,False,,,,,,,,,
2026-07-16 06:38:36.598719+00:00,False,False,,,,,,,,,
2026-07-16 06:38:37.598719+00:00,False,False,,,,,,,,,
2026-07-16 06:38:38.598719+00:00,False,False,,,,,,,,,
2026-07-16 06:38:39.598719+00:00,False,False,,,,,,,,,
2026-07-16 06:38:40.598719+00:00,False,False,,,,,,,,,
2026-07-16 06:38:41.598719+00:00,False,False,,,,,,,,,
2026-07-16 06:38:42.598719+00:00,False,False,,,,,,,,,
2026-07-16 06:38:43.598719+00:00,False,False,,,,,,,,,
2026-07-16 06:38:44.598719+00:00,False,False,,,,,,,,,
2026-07-16 06:38:45.598719+00:00,False,False,,,,,,,,,
2026-07-16 06:38:46.598719+00:00,False,False,,,,,,,,,
2026-07-16 06:38:47.598719+00:00,False,False,,,,,,,,,
2026-07-16 06:38:48.598719+00:00,False,False,,,,,,,,,
2026-07-16 06:38:49.598719+00:00,False,False,,,,,,,,,
2026-07-16 06:38:50.598719+00:00,False,False,,,,,,,,,
2026-07-16 06:38:51.598719+00:00,False,False,,,,,,,,,
2026-07-16 06:38:52.598719+00:00,False,False,,,,,,,,,
2026-07-16 06:38:53.598719+00:00,False,False,,,,,,,,,
2026-07-16 06:38:54.598719+00:00,False,False,,,,,,,,,
2026-07-16 06:38:55.598719+00:00,False,False,,,,,,,,,
2026-07-16 06:38:56.598719+00:00,False,False,,,,,,,,,
2026-07-16 06:38:57.598719+00:00,False,False,,,,,,,,,
2026-07-16 06:38:58.598719+00:00,False,False,,,,,,,,,
2026-07-16 06:38:59.598719+00:00,False,False,,,,,,,,,
2026-07-16 06:39:00.598719+00:00,False,False,,,,,,,,,
2026-07-16 06:39:01.598719+00:00,False,False,,,,,,,,,
2026-07-16 06:39:02.598719+00:00,False,False,,,,,,,,,
2026-07-16 06:39:03.598719+00:00,False,False,,,,,,,,,
2026-07-16 06:39:04.598719+00:00,False,False,,,,,,,,,
2026-07-16 06:39:05.598719+00:00,False,False,,,,,,,,,
2026-07-16 06:39:06.598719+00:00,False,False,,,,,,,,,
2026-07-16 06:39:07.598719+00:00,False,False,,,,,,,,,
2026-07-16 06:39:08.598719+00:00,False,False,,,,,,,,,
2026-07-16 06:39:09.598719+00:00,False,False,,,,,,,,,
2026-07-16 06:39:10.598719+00:00,False,False,,,,,,,,,
2026-07-16 06:39:11.598719+00:00,False,False,,,,,,,,,
2026-07-16 06:39:12.598719+00:00,False,False,,,,,,,,,
2026-07-16 06:39:13.598719+00:00,False,False,,,,,,,,,
2026-07-16 06:39:14.598719+00:00,False,False,,,,,,,,,
2026-07-16 06:39:15.598719+00:00,False,False,,,,,,,,,
2026-07-16 06:39:16.598719+00:00,False,False,,,,,,,,,
2026-07-16 06:39:17.598719+00:00,False,False,,,,,,,,,
2026-07-16 06:39:18.598719+00:00,False,False,,,,,,,,,
2026-07-16 06:39:19.598719+00:00,False,False,,,,,,,,,
2026-07-16 06:39:20.598719+00:00,False,False,,,,,,,,,
2026-07-16 06:39:21.598719+00:00,False,False,,,,,,,,,
2026-07-16 06:39:22.598719+00:00,False,False,,,,,,,,,
2026-07-16 06:39:23.598719+00:00,False,False,,,,,,,,,
2026-07-16 06:39:24.598719+00:00,False,False,,,,,,,,,
2026-07-16 06:39:25.598719+00:00,False,False,,,,,,,,,
2026-07-16 06:39:26.598719+00:00,False,False,,,,,,,,,
2026-07-16 06:39:27.598719+00:00,False,False,,,,,,,,,
2026-07-16 06:39:28.598719+00:00,False,False,,,,,,,,,
2026-07-16 06:39:29.598719+00:00,False,False,,,,,,,,,
2026-07-16 06:39:30.598719+00:00,False,False,,,,,,,,,
2026-07-16 06:39:31.598719+00:00,False,False,,,,,,,,,
2026-07-16 06:39:32.598719+00:00,False,False,,,,,,,,,
2026-07-16 06:39:33.598719+00:00,False,False,,,,,,,,,
2026-07-16 06:39:34.598719+00:00,False,False,,,,,,,,,
2026-07-16 06:39:35.598719+00:00,False,False,,,,,,,,,
2026-07-16 06:39:36.598719+00:00,False,False,,,,,,,,,
2026-07-16 06:39:37.598719+00:00,False,False,,,,,,,,,
2026-07-16 06:39:38.598719+00:00,False,False,,,,,,,,,
2026-07-16 06:39:39.598719+00:00,False,False,,,,,,,,,
2026-07-16 06:39:40.598719+00:00,False,False,,,,,,,,,
2026-07-16 06:39:41.598719+00:00,False,False,,,,,,,,,
2026-07-16 06:39:42.598719+00:00,False,False,,,,,,,,,
2026-07-16 06:39:43.598719+00:00,False,False,,,,,,,,,
2026-07-16 06:39:44.598719+00:00,False,False,,,,,,,,,
2026-07-16 06:39:45.598719+00:00,False,False,,,,,,,,,
2026-07-16 06:39:46.598719+00:00,False,False,,,,,,,,,
2026-07-16 06:39:47.598719+00:00,False,False,,,,,,,,,
2026-07-16 06:39:48.598719+00:00,False,False,,,,,,,,,
2026-07-16 06:39:49.598719+00:00,False,False,,,,,,,,,
2026-07-16 06:39:50.598719+00:00,False,False,,,,,,,,,
2026-07-16 06:39:51.598719+00:00,False,False,,,,,,,,,
2026-07-16 06:39:52.598719+00:00,False,False,,,,,,,,,
2026-07-16 06:39:53.598719+00:00,False,False,,,,,,,,,
2026-07-16 06:39:54.598719+00:00,False,False,,,,,,,,,
2026-07-16 06:39:55.598719+00:00,False,False,,,,,,,,,
2026-07-16 06:39:56.598719+00:00,False,False,,,,,,,,,
2026-07-16 06:39:57.598719+00:00,False,False,,,,,,,,,
2026-07-16 06:39:58.598719+00:00,False,False,,,,,,,,,
2026-07-16 06:39:59.598719+00:00,False,False,,,,,,,,,
2026-07-16 06:40:00.598719+00:00,False,False,,,,,,,,,
2026-07-16 06:40:01.598719+00:00,False,False,,,,,,,,,
2026-07-16 06:40:02.598719+00:00,False,False,,,,,,,,,
2026-07-16 06:40:03.598719+00:00,False,False,,,,,,,,,
2026-07-16 06:40:04.598719+00:00,False,False,,,,,,,,,
2026-07-16 06:40:05.598719+00:00,False,False,,,,,,,,,
2026-07-16 06:40:06.598719+00:00,False,False,,,,,,,,,
2026-07-16 06:40:07.598719+00:00,False,False,,,,,,,,,
2026-07-16 06:40:08.598719+00:00,False,False,,,,,,,,,
2026-07-16 06:40:09.598719+00:00,False,False,,,,,,,,,
2026-07-16 06:40:10.598719+00:00,False,False,,,,,,,,,
2026-07-16 06:40:11.598719+00:00,False,False,,,,,,,,,
2026-07-16 06:40:12.598719+00:00,False,False,,,,,,,,,
2026-07-16 06:40:13.598719+00:00,False,False,,,,,,,,,
2026-07-16 06:40:14.598719+00:00,False,False,,,,,,,,,
2026-07-16 06:40:15.598719+00:00,False,False,,,,,,,,,
2026-07-16 06:40:16.598719+00:00,False,False,,,,,,,,,
2026-07-16 06:40:17.598719+00:00,False,False,,,,,,,,,
2026-07-16 06:40:18.598719+00:00,False,False,,,,,,,,,
2026-07-16 06:40:19.598719+00:00,False,False,,,,,,,,,
2026-07-16 06:40:20.598719+00:00,False,False,,,,,,,,,
2026-07-16 06:40:21.598719+00:00,False,False,,,,,,,,,
2026-07-16 06:40:22.598719+00:00,False,False,,,,,,,,,
2026-07-16 06:40:23.598719+00:00,False,False,,,,,,,,,
2026-07-16 06:40:24.598719+00:00,False,False,,,,,,,,,
2026-07-16 06:40:25.598719+00:00,False,False,,,,,,,,,
2026-07-16 06:40:26.598719+00:00,False,False,,,,,,,,,
2026-07-16 06:40:27.598719+00:00,False,False,,,,,,,,,
2026-07-16 06:40:28.598719+00:00,False,False,,,,,,,,,
2026-07-16 06:40:29.598719+00:00,False,False,,,,,,,,,
2026-07-16 06:40:30.598719+00:00,False,False,,,,,,,,,
2026-07-16 06:40:31.598719+00:00,False,False,,,,,,,,,
2026-07-16 06:40:32.598719+00:00,False,False,,,,,,,,,
2026-07-16 06:40:33.598719+00:00,False,False,,,,,,,,,
2026-07-16 06:40:34.598719+00:00,False,False,,,,,,,,,
2026-07-16 06:40:35.598719+00:00,False,False,,,,,,,,,
2026-07-16 06:40:36.598719+00:00,False,False,,,,,,,,,
2026-07-16 06:40:37.598719+00:00,False,False,,,,,,,,,
2026-07-16 06:40:38.598719+00:00,False,False,,,,,,,,,
2026-07-16 06:40:39.598719+00:00,False,False,,,,,,,,,
2026-07-16 06:40:40.598719+00:00,False,False,,,,,,,,,
2026-07-16 06:40:41.598719+00:00,False,False,,,,,,,,,
2026-07-16 06:40:42.598719+00:00,False,False,,,,,,,,,
2026-07-16 06:40:43.598719+00:00,False,False,,,,,,,,,
2026-07-16 06:40:44.598719+00:00,False,False,,,,,,,,,
2026-07-16 06:40:45.598719+00:00,False,False,,,,,,,,,
2026-07-16 06:40:46.598719+00:00,False,False,,,,,,,,,
2026-07-16 06:40:47.598719+00:00,False,False,,,,,,,,,
2026-07-16 06:40:48.598719+00:00,False,False,,,,,,,,,
2026-07-16 06:40:49.598719+00:00,False,False,,,,,,,,,
2026-07-16 06:40:50.598719+00:00,False,False,,,,,,,,,
2026-07-16 06:40:51.598719+00:00,False,False,,,,,,,,,
2026-07-16 06:40:52.598719+00:00,False,False,,,,,,,,,
2026-07-16 06:40:53.598719+00:00,False,False,,,,,,,,,
2026-07-16 06:40:54.598719+00:00,False,False,,,,,,,,,
2026-07-16 06:40:55.598719+00:00,False,False,,,,,,,,,
2026-07-16 06:40:56.598719+00:00,False,False,,,,,,,,,
2026-07-16 06:40:57.598719+00:00,False,False,,,,,,,,,
2026-07-16 06:40:58.598719+00:00,False,False,,,,,,,,,
2026-07-16 06:40:59.598719+00:00,False,False,,,,,,,,,
2026-07-16 06:41:00.598719+00:00,False,False,,,,,,,,,
2026-07-16 06:41:01.598719+00:00,False,False,,,,,,,,,
2026-07-16 06:41:02.598719+00:00,False,False,,,,,,,,,
2026-07-16 06:41:03.598719+00:00,False,False,,,,,,,,,
2026-07-16 06:41:04.598719+00:00,False,False,,,,,,,,,
2026-07-16 06:41:05.598719+00:00,False,False,,,,,,,,,
2026-07-16 06:41:06.598719+00:00,False,False,,,,,,,,,
2026-07-16 06:41:07.598719+00:00,False,False,,,,,,,,,
2026-07-16 06:41:08.598719+00:00,False,False,,,,,,,,,
2026-07-16 06:41:09.598719+00:00,False,False,,,,,,,,,
2026-07-16 06:41:10.598719+00:00,False,False,,,,,,,,,
2026-07-16 06:41:11.598719+00:00,False,False,,,,,,,,,
2026-07-16 06:41:12.598719+00:00,False,False,,,,,,,,,
2026-07-16 06:41:13.598719+00:00,False,False,,,,,,,,,
2026-07-16 06:41:14.598719+00:00,False,False,,,,,,,,,
2026-07-16 06:41:15.598719+00:00,False,False,,,,,,,,,
2026-07-16 06:41:16.598719+00:00,False,False,,,,,,,,,
2026-07-16 06:41:17.598719+00:00,False,False,,,,,,,,,
2026-07-16 06:41:18.598719+00:00,False,False,,,,,,,,,
2026-07-16 06:41:19.598719+00:00,False,False,,,,,,,,,
2026-07-16 06:41:20.598719+00:00,False,False,,,,,,,,,
2026-07-16 06:41:21.598719+00:00,False,False,,,,,,,,,
2026-07-16 06:41:22.598719+00:00,False,False,,,,,,,,,
2026-07-16 06:41:23.598719+00:00,False,False,,,,,,,,,
2026-07-16 06:41:24.598719+00:00,False,False,,,,,,,,,
2026-07-16 06:41:25.598719+00:00,False,False,,,,,,,,,
2026-07-16 06:41:26.598719+00:00,False,False,,,,,,,,,
2026-07-16 06:41:27.598719+00:00,False,False,,,,,,,,,
2026-07-16 06:41:28.598719+00:00,False,False,,,,,,,,,
2026-07-16 06:41:29.598719+00:00,False,False,,,,,,,,,
2026-07-16 06:41:30.598719+00:00,False,False,,,,,,,,,
2026-07-16 06:41:31.598719+00:00,False,False,,,,,,,,,
2026-07-16 06:41:32.598719+00:00,False,False,,,,,,,,,
2026-07-16 06:41:33.598719+00:00,False,False,,,,,,,,,
2026-07-16 06:41:34.598719+00:00,False,False,,,,,,,,,
2026-07-16 06:41:35.598719+00:00,False,False,,,,,,,,,
2026-07-16 06:41:36.598719+00:00,False,False,,,,,,,,,
2026-07-16 06:41:37.598719+00:00,False,False,,,,,,,,,
2026-07-16 06:41:38.598719+00:00,False,False,,,,,,,,,
2026-07-16 06:41:39.598719+00:00,False,False,,,,,,,,,
2026-07-16 06:41:40.598719+00:00,False,False,,,,,,,,,
2026-07-16 06:41:41.598719+00:00,False,False,,,,,,,,,
2026-07-16 06:41:42.598719+00:00,False,False,,,,,,,,,
2026-07-16 06:41:43.598719+00:00,False,False,,,,,,,,,
2026-07-16 06:41:44.598719+00:00,False,False,,,,,,,,,
2026-07-16 06:41:45.598719+00:00,False,False,,,,,,,,,
2026-07-16 06:41:46.598719+00:00,False,False,,,,,,,,,
2026-07-16 06:41:47.598719+00:00,False,False,,,,,,,,,
2026-07-16 06:41:48.598719+00:00,False,False,,,,,,,,,
2026-07-16 06:41:49.598719+00:00,False,False,,,,,,,,,
2026-07-16 06:41:50.598719+00:00,False,False,,,,,,,,,
2026-07-16 06:41:51.598719+00:00,False,False,,,,,,,,,
2026-07-16 06:41:52.598719+00:00,False,False,,,,,,,,,
2026-07-16 06:41:53.598719+00:00,False,False,,,,,,,,,
2026-07-16 06:41:54.598719+00:00,False,False,,,,,,,,,
2026-07-16 06:41:55.598719+00:00,False,False,,,,,,,,,
2026-07-16 06:41:56.598719+00:00,False,False,,,,,,,,,
2026-07-16 06:41:57.598719+00:00,False,False,,,,,,,,,
2026-07-16 06:41:58.598719+00:00,False,False,,,,,,,,,
2026-07-16 06:41:59.598719+00:00,False,False,,,,,,,,,
2026-07-16 06:42:00.598719+00:00,False,False,,,,,,,,,
2026-07-16 06:42:01.598719+00:00,False,False,,,,,,,,,
2026-07-16 06:42:02.598719+00:00,False,False,,,,,,,,,
2026-07-16 06:42:03.598719+00:00,False,False,,,,,,,,,
2026-07-16 06:42:04.598719+00:00,False,False,,,,,,,,,
2026-07-16 06:42:05.598719+00:00,False,False,,,,,,,,,
2026-07-16 06:42:06.598719+00:00,False,False,,,,,,,,,
2026-07-16 06:42:07.598719+00:00,False,False,,,,,,,,,
2026-07-16 06:42:08.598719+00:00,False,False,,,,,,,,,
2026-07-16 06:42:09.598719+00:00,False,False,,,,,,,,,
2026-07-16 06:42:10.598719+00:00,False,False,,,,,,,,,
2026-07-16 06:42:11.598719+00:00,False,False,,,,,,,,,
2026-07-16 06:42:12.598719+00:00,False,False,,,,,,,,,
2026-07-16 06:42:13.598719+00:00,False,False,,,,,,,,,
2026-07-16 06:42:14.598719+00:00,False,False,,,,,,,,,
2026-07-16 06:42:15.598719+00:00,False,False,,,,,,,,,
2026-07-16 06:42:16.598719+00:00,False,False,,,,,,,,,
2026-07-16 06:42:17.598719+00:00,False,False,,,,,,,,,
2026-07-16 06:42:18.598719+00:00,False,False,,,,,,,,,
2026-07-16 06:42:19.598719+00:00,False,False,,,,,,,,,
2026-07-16 06:42:20.598719+00:00,False,False,,,,,,,,,
2026-07-16 06:42:21.598719+00:00,False,False,,,,,,,,,
2026-07-16 06:42:22.598719+00:00,False,False,,,,,,,,,
2026-07-16 06:42:23.598719+00:00,False,False,,,,,,,,,
2026-07-16 06:42:24.598719+00:00,False,False,,,,,,,,,
2026-07-16 06:42:25.598719+00:00,False,False,,,,,,,,,
2026-07-16 06:42:26.598719+00:00,False,False,,,,,,,,,
2026-07-16 06:42:27.598719+00:00,False,False,,,,,,,,,
2026-07-16 06:42:28.598719+00:00,False,False,,,,,,,,,
2026-07-16 06:42:29.598719+00:00,False,False,,,,,,,,,
2026-07-16 06:42:30.598719+00:00,False,False,,,,,,,,,
2026-07-16 06:42:31.598719+00:00,False,False,,,,,,,,,
2026-07-16 06:42:32.598719+00:00,False,False,,,,,,,,,
2026-07-16 06:42:33.598719+00:00,False,False,,,,,,,,,
2026-07-16 06:42:34.598719+00:00,False,False,,,,,,,,,
2026-07-16 06:42:35.598719+00:00,False,False,,,,,,,,,
2026-07-16 06:42:36.598719+00:00,False,False,,,,,,,,,
2026-07-16 06:42:37.598719+00:00,False,False,,,,,,,,,
2026-07-16 06:42:38.598719+00:00,False,False,,,,,,,,,
2026-07-16 06:42:39.598719+00:00,False,False,,,,,,,,,
2026-07-16 06:42:40.598719+00:00,False,False,,,,,,,,,
2026-07-16 06:42:41.598719+00:00,False,False,,,,,,,,,
2026-07-16 06:42:42.598719+00:00,False,False,,,,,,,,,
2026-07-16 06:42:43.598719+00:00,False,False,,,,,,,,,
2026-07-16 06:42:44.598719+00:00,False,False,,,,,,,,,
2026-07-16 06:42:45.598719+00:00,False,False,,,,,,,,,
2026-07-16 06:42:46.598719+00:00,False,False,,,,,,,,,
2026-07-16 06:42:47.598719+00:00,False,False,,,,,,,,,
2026-07-16 06:42:48.598719+00:00,False,False,,,,,,,,,
2026-07-16 06:42:49.598719+00:00,False,False,,,,,,,,,
2026-07-16 06:42:50.598719+00:00,False,False,,,,,,,,,
2026-07-16 06:42:51.598719+00:00,False,False,,,,,,,,,
2026-07-16 06:42:52.598719+00:00,False,False,,,,,,,,,
2026-07-16 06:42:53.598719+00:00,False,False,,,,,,,,,
2026-07-16 06:42:54.598719+00:00,False,False,,,,,,,,,
2026-07-16 06:42:55.598719+00:00,False,False,,,,,,,,,
2026-07-16 06:42:56.598719+00:00,False,False,,,,,,,,,
2026-07-16 06:42:57.598719+00:00,False,False,,,,,,,,,
2026-07-16 06:42:58.598719+00:00,False,False,,,,,,,,,
2026-07-16 06:42:59.598719+00:00,False,False,,,,,,,,,
2026-07-16 06:43:00.598719+00:00,False,False,,,,,,,,,
2026-07-16 06:43:01.598719+00:00,False,False,,,,,,,,,
2026-07-16 06:43:02.598719+00:00,False,False,,,,,,,,,
2026-07-16 06:43:03.598719+00:00,False,False,,,,,,,,,
2026-07-16 06:43:04.598719+00:00,False,False,,,,,,,,,
2026-07-16 06:43:05.598719+00:00,True,False,5.0,13443.821824501907,44.84376262895148,45.458162628951484,3.0,1.0,0.0010019979990011363,1.2209549087964735,GS-Beijing -> 00133 -> 00047 -> 00119 -> 00051 -> GS-Singapore
2026-07-16 06:43:06.598719+00:00,True,False,5.0,13456.874720989767,44.88730240501836,45.50170240501837,3.0,1.0,0.0010019979990011363,1.2010395338547255,GS-Beijing -> 00133 -> 00047 -> 00119 -> 00051 -> GS-Singapore
2026-07-16 06:43:07.598719+00:00,True,False,5.0,13469.939643124726,44.93088229432619,45.545282294326185,3.0,1.0,0.0010019979990011363,1.1811792494947344,GS-Beijing -> 00133 -> 00047 -> 00119 -> 00051 -> GS-Singapore
2026-07-16 06:43:08.598719+00:00,True,False,5.0,13483.016595649604,44.974502312695286,45.58890231269529,3.0,1.0,0.0010019979990011363,1.161373804487468,GS-Beijing -> 00133 -> 00047 -> 00119 -> 00051 -> GS-Singapore
2026-07-16 06:43:09.598719+00:00,True,False,5.0,13496.105584176385,45.018162478845234,45.63256247884524,3.0,1.0,0.0010019979990011363,1.1416229494490437,GS-Beijing -> 00133 -> 00047 -> 00119 -> 00051 -> GS-Singapore
2026-07-16 06:43:10.598719+00:00,True,False,5.0,13509.20661519362,45.061862814419506,45.67626281441951,3.0,1.0,0.0010019979990011363,1.121926436806115,GS-Beijing -> 00133 -> 00047 -> 00119 -> 00051 -> GS-Singapore
2026-07-16 06:43:11.598719+00:00,True,False,5.0,13522.319696084322,45.10560334404518,45.720003344045175,3.0,1.0,0.0010019979990011363,1.1022840207662128,GS-Beijing -> 00133 -> 00047 -> 00119 -> 00051 -> GS-Singapore
2026-07-16 06:43:12.598719+00:00,True,False,5.0,13535.444835105369,45.149384095264224,45.76378409526423,3.0,1.0,0.0010019979990011363,1.0826954573278158,GS-Beijing -> 00133 -> 00047 -> 00119 -> 00051 -> GS-Singapore
2026-07-16 06:43:13.598719+00:00,True,False,5.0,13548.582041415422,45.19320509862668,45.80760509862667,3.0,1.0,0.0010019979990011363,1.0631605042352135,GS-Beijing -> 00133 -> 00047 -> 00119 -> 00051 -> GS-Singapore
2026-07-16 06:43:14.598719+00:00,True,False,5.0,13561.731325058352,45.23706638763525,45.851466387635256,3.0,1.0,0.0010019979990011363,1.0436789209832522,GS-Beijing -> 00133 -> 00047 -> 00119 -> 00051 -> GS-Singapore
2026-07-16 06:43:15.598719+00:00,True,False,5.0,13574.89269697823,45.280967998795454,45.89536799879545,3.0,1.0,0.0010019979990011363,1.0242504687868372,GS-Beijing -> 00133 -> 00047 -> 00119 -> 00051 -> GS-Singapore
2026-07-16 06:43:16.598719+00:00,True,False,5.0,13588.066169014079,45.32490997159801,45.939309971598014,3.0,1.0,0.0010019979990011363,1.0048749105762251,GS-Beijing -> 00133 -> 00047 -> 00119 -> 00051 -> GS-Singapore
2026-07-16 06:43:17.598719+00:00,True,False,5.0,13601.25175391533,45.368892348570455,45.98329234857046,3.0,1.0,0.0010019979990011363,0.9855520109617615,GS-Beijing -> 00133 -> 00047 -> 00119 -> 00051 -> GS-Singapore
2026-07-16 06:43:18.598719+00:00,True,False,5.0,13614.449465329883,45.41291517523727,46.02731517523728,3.0,1.0,0.0010019979990011363,0.9662815362463633,GS-Beijing -> 00133 -> 00047 -> 00119 -> 00051 -> GS-Singapore
2026-07-16 06:43:19.598719+00:00,True,False,5.0,13627.659317815265,45.456978500157156,46.071378500157145,3.0,1.0,0.0010019979990011363,0.9470632543824884,GS-Beijing -> 00133 -> 00047 -> 00119 -> 00051 -> GS-Singapore
2026-07-16 06:43:20.598719+00:00,True,False,5.0,13640.881326835735,45.5010823749133,46.1154823749133,3.0,1.0,0.0010019979990011363,0.9278969349773316,GS-Beijing -> 00133 -> 00047 -> 00119 -> 00051 -> GS-Singapore
2026-07-16 06:43:21.598719+00:00,True,False,5.0,13654.11550877678,45.545226854161825,46.15962685416182,3.0,1.0,0.0010019979990011363,0.908782349257443,GS-Beijing -> 00133 -> 00047 -> 00119 -> 00051 -> GS-Singapore
2026-07-16 06:43:22.598719+00:00,True,False,5.0,13667.361880937146,45.58941199560513,46.203811995605136,3.0,1.0,0.0010019979990011363,0.8897192700712928,GS-Beijing -> 00133 -> 00047 -> 00119 -> 00051 -> GS-Singapore
2026-07-16 06:43:23.598719+00:00,True,False,5.0,13680.620461529297,45.633637859993456,46.248037859993445,3.0,1.0,0.0010019979990011363,0.8707074718649999,GS-Beijing -> 00133 -> 00047 -> 00119 -> 00051 -> GS-Singapore
2026-07-16 06:43:24.598719+00:00,True,False,5.0,13693.8912696902,45.677904511160854,46.29230451116085,3.0,1.0,0.0010019979990011363,0.8517467306682107,GS-Beijing -> 00133 -> 00047 -> 00119 -> 00051 -> GS-Singapore
2026-07-16 06:43:25.598719+00:00,True,False,5.0,13707.174325482749,45.722212016029935,46.33661201602994,3.0,1.0,0.0010019979990011363,0.8328368240823583,GS-Beijing -> 00133 -> 00047 -> 00119 -> 00051 -> GS-Singapore
2026-07-16 06:43:26.598719+00:00,True,False,5.0,13720.469649893155,45.766560444603165,46.380960444603176,3.0,1.0,0.0010019979990011363,0.8139775312622675,GS-Beijing -> 00133 -> 00047 -> 00119 -> 00051 -> GS-Singapore
2026-07-16 06:43:27.598719+00:00,True,False,5.0,13733.777264830322,45.81094986996078,46.425349869960776,3.0,1.0,0.0010019979990011363,0.7951686329069361,GS-Beijing -> 00133 -> 00047 -> 00119 -> 00051 -> GS-Singapore
2026-07-16 06:43:28.598719+00:00,True,False,5.0,13747.097193138474,45.85538036830291,46.46978036830291,3.0,1.0,0.0010019979990011363,0.7764099112397886,GS-Beijing -> 00133 -> 00047 -> 00119 -> 00051 -> GS-Singapore
2026-07-16 06:43:29.598719+00:00,True,False,5.0,13760.429458596176,45.899852018946305,46.5142520189463,3.0,1.0,0.0010019979990011363,0.7577011499928403,GS-Beijing -> 00133 -> 00047 -> 00119 -> 00051 -> GS-Singapore
2026-07-16 06:43:30.598719+00:00,True,False,5.0,13773.77408590824,45.94436490429736,46.55876490429737,3.0,1.0,0.0010019979990011363,0.7390421344070361,GS-Beijing -> 00133 -> 00047 -> 00119 -> 00051 -> GS-Singapore
2026-07-16 06:43:31.598719+00:00,True,False,5.0,13787.1311007219,45.98891910990603,46.603319109906025,3.0,1.0,0.0010019979990011363,0.7204326511961447,GS-Beijing -> 00133 -> 00047 -> 00119 -> 00051 -> GS-Singapore
2026-07-16 06:43:32.598719+00:00,True,False,5.0,13800.500529615652,46.033514724428635,46.64791472442864,3.0,1.0,0.0010019979990011363,0.7018724885554484,GS-Beijing -> 00133 -> 00047 -> 00119 -> 00051 -> GS-Singapore
2026-07-16 06:43:33.598719+00:00,True,False,5.0,13813.882400112736,46.07815183967282,46.69255183967282,3.0,1.0,0.0010019979990011363,0.6833614361330085,GS-Beijing -> 00133 -> 00047 -> 00119 -> 00051 -> GS-Singapore
2026-07-16 06:43:34.598719+00:00,True,False,5.0,13827.276740674579,46.12283055057569,46.73723055057569,3.0,1.0,0.0010019979990011363,0.6648992850196613,GS-Beijing -> 00133 -> 00047 -> 00119 -> 00051 -> GS-Singapore
2026-07-16 06:43:35.598719+00:00,True,False,5.0,13840.683580699042,46.16755095519796,46.781950955197956,3.0,1.0,0.0010019979990011363,0.6464858277469148,GS-Beijing -> 00133 -> 00047 -> 00119 -> 00051 -> GS-Singapore
2026-07-16 06:43:36.598719+00:00,True,False,5.0,13854.102950534927,46.21231315477232,46.826713154772314,3.0,1.0,0.0010019979990011363,0.6281208582555866,GS-Beijing -> 00133 -> 00047 -> 00119 -> 00051 -> GS-Singapore
2026-07-16 06:43:37.598719+00:00,True,False,5.0,13867.534881475003,46.25711725368022,46.87151725368023,3.0,1.0,0.0010019979990011363,0.6098041718932432,GS-Beijing -> 00133 -> 00047 -> 00119 -> 00051 -> GS-Singapore
2026-07-16 06:43:38.598719+00:00,True,False,5.0,13880.979405750923,46.30196335943489,46.91636335943488,3.0,1.0,0.0010019979990011363,0.5915355654057404,GS-Beijing -> 00133 -> 00047 -> 00119 -> 00051 -> GS-Singapore
2026-07-16 06:43:39.598719+00:00,True,False,5.0,13894.436556548562,46.34685158273249,46.961251582732494,3.0,1.0,0.0010019979990011363,0.5733148369141006,GS-Beijing -> 00133 -> 00047 -> 00119 -> 00051 -> GS-Singapore
2026-07-16 06:43:40.598719+00:00,True,False,5.0,13907.906367995598,46.39178203741069,47.006182037410696,3.0,1.0,0.0010019979990011363,0.5551417859116086,GS-Beijing -> 00133 -> 00047 -> 00119 -> 00051 -> GS-Singapore
2026-07-16 06:43:41.598719+00:00,True,False,5.0,13921.388875171378,46.436754840481605,47.05115484048161,3.0,1.0,0.0010019979990011363,0.53701621324333,GS-Beijing -> 00133 -> 00047 -> 00119 -> 00051 -> GS-Singapore
2026-07-16 06:43:42.598719+00:00,True,False,5.0,13934.884114105524,46.481770112127116,47.09617011212711,3.0,1.0,0.0010019979990011363,0.5189379210989209,GS-Beijing -> 00133 -> 00047 -> 00119 -> 00051 -> GS-Singapore
2026-07-16 06:43:43.598719+00:00,True,False,5.0,13948.392121769288,46.52682797567005,47.14122797567004,3.0,1.0,0.0010019979990011363,0.500906713002939,GS-Beijing -> 00133 -> 00047 -> 00119 -> 00051 -> GS-Singapore
2026-07-16 06:43:44.598719+00:00,True,False,5.0,13961.912936091103,46.57192855762604,47.18632855762604,3.0,1.0,0.0010019979990011363,0.4829223937994467,GS-Beijing -> 00133 -> 00047 -> 00119 -> 00051 -> GS-Singapore
2026-07-16 06:43:45.598719+00:00,True,False,5.0,13975.446595946098,46.61707198766854,47.23147198766855,3.0,1.0,0.0010019979990011363,0.46498476963880364,GS-Beijing -> 00133 -> 00047 -> 00119 -> 00051 -> GS-Singapore
2026-07-16 06:43:46.598719+00:00,True,False,5.0,13988.993141165074,46.662258398658835,47.27665839865883,3.0,1.0,0.0010019979990011363,0.4470936479610472,GS-Beijing -> 00133 -> 00047 -> 00119 -> 00051 -> GS-Singapore
2026-07-16 06:43:47.598719+00:00,True,False,5.0,14002.552612520292,46.70748792659852,47.32188792659852,3.0,1.0,0.0010019979990011363,0.4292488375048329,GS-Beijing -> 00133 -> 00047 -> 00119 -> 00051 -> GS-Singapore
2026-07-16 06:43:48.598719+00:00,True,False,5.0,14016.125051740786,46.752760710680676,47.36716071068067,3.0,1.0,0.0010019979990011363,0.41145014827377047,GS-Beijing -> 00133 -> 00047 -> 00119 -> 00051 -> GS-Singapore
2026-07-16 06:43:49.598719+00:00,True,False,5.0,14029.710501503492,46.798076893260244,47.41247689326024,3.0,1.0,0.0010019979990011363,0.3936973915348343,GS-Beijing -> 00133 -> 00047 -> 00119 -> 00051 -> GS-Singapore
2026-07-16 06:43:50.598719+00:00,True,False,5.0,14043.309005435467,46.84343661986142,47.457836619861425,3.0,1.0,0.0010019979990011363,0.37599037980749905,GS-Beijing -> 00133 -> 00047 -> 00119 -> 00051 -> GS-Singapore
2026-07-16 06:43:51.598719+00:00,True,False,5.0,14056.92060810923,46.88884003916213,47.50324003916212,3.0,1.0,0.0010019979990011363,0.358328926854373,GS-Beijing -> 00133 -> 00047 -> 00119 -> 00051 -> GS-Singapore
2026-07-16 06:43:52.598719+00:00,True,False,5.0,14070.545355050916,46.93428730302119,47.548687303021204,3.0,1.0,0.0010019979990011363,0.34071284766281806,GS-Beijing -> 00133 -> 00047 -> 00119 -> 00051 -> GS-Singapore
2026-07-16 06:43:53.598719+00:00,True,False,5.0,14084.183292732863,46.979778566453675,47.59417856645367,3.0,1.0,0.0010019979990011363,0.3231419584381019,GS-Beijing -> 00133 -> 00047 -> 00119 -> 00051 -> GS-Singapore
2026-07-16 06:43:54.598719+00:00,True,False,5.0,14097.834468569039,47.025313987615526,47.63971398761553,3.0,1.0,0.0010019979990011363,0.30561607660039414,GS-Beijing -> 00133 -> 00047 -> 00119 -> 00051 -> GS-Singapore
2026-07-16 06:43:55.598719+00:00,True,False,5.0,14111.49893092647,47.070893727841785,47.68529372784178,3.0,1.0,0.0010019979990011363,0.28813502076260633,GS-Beijing -> 00133 -> 00047 -> 00119 -> 00051 -> GS-Singapore
2026-07-16 06:43:56.598719+00:00,True,False,5.0,14125.176729108505,47.11651795159072,47.73091795159071,3.0,1.0,0.0010019979990011363,0.2706986107251499,GS-Beijing -> 00133 -> 00047 -> 00119 -> 00051 -> GS-Singapore
2026-07-16 06:43:57.598719+00:00,True,False,5.0,14138.867913364955,47.16218682647765,47.776586826477654,3.0,1.0,0.0010019979990011363,0.2533066674672817,GS-Beijing -> 00133 -> 00047 -> 00119 -> 00051 -> GS-Singapore
2026-07-16 06:43:58.598719+00:00,True,False,5.0,14152.57253488598,47.20790052325459,47.82230052325459,3.0,1.0,0.0010019979990011363,0.2359590131359841,GS-Beijing -> 00133 -> 00047 -> 00119 -> 00051 -> GS-Singapore
2026-07-16 06:43:59.598719+00:00,True,False,5.0,14166.290645803358,47.25365921581442,47.86805921581443,3.0,1.0,0.0010019979990011363,0.21865547102757255,GS-Beijing -> 00133 -> 00047 -> 00119 -> 00051 -> GS-Singapore
2026-07-16 06:44:00.598719+00:00,True,False,5.0,14180.022299176806,47.29946308114531,47.913863081145315,3.0,1.0,0.0010019979990011363,0.20139586560024547,GS-Beijing -> 00133 -> 00047 -> 00119 -> 00051 -> GS-Singapore
2026-07-16 06:44:01.598719+00:00,True,False,5.0,14193.767549015134,47.34531229940126,47.959712299401254,3.0,1.0,0.0010019979990011363,0.18418002242760068,GS-Beijing -> 00133 -> 00047 -> 00119 -> 00051 -> GS-Singapore
2026-07-16 06:44:02.598719+00:00,True,False,5.0,14207.526450245143,47.39120705379835,48.005607053798336,3.0,1.0,0.0010019979990011363,0.16700776823302732,GS-Beijing -> 00133 -> 00047 -> 00119 -> 00051 -> GS-Singapore
2026-07-16 06:44:03.598719+00:00,True,True,3.0,9129.56964205335,30.452966372000425,30.664966372000425,1.0,1.0,0.0010000000000000009,2.02202803242216,GS-Beijing -> 00133 -> 00051 -> GS-Singapore
2026-07-16 06:44:04.598719+00:00,True,False,3.0,9140.084882659829,30.488041439187338,30.70004143918733,1.0,1.0,0.0010000000000000009,2.0038166620322144,GS-Beijing -> 00133 -> 00051 -> GS-Singapore
2026-07-16 06:44:05.598719+00:00,True,False,3.0,9150.62331312558,30.523193859418505,30.7351938594185,1.0,1.0,0.0010000000000000009,1.9856426664505733,GS-Beijing -> 00133 -> 00051 -> GS-Singapore
2026-07-16 06:44:06.598719+00:00,True,False,3.0,9161.184967690784,30.558423746906886,30.770423746906886,1.0,1.0,0.0010000000000000009,1.9675059618283282,GS-Beijing -> 00133 -> 00051 -> GS-Singapore
2026-07-16 06:44:07.598719+00:00,True,False,3.0,9171.76988174313,30.593731219693094,30.805731219693094,1.0,1.0,0.0010000000000000009,1.9494064642483764,GS-Beijing -> 00133 -> 00051 -> GS-Singapore
2026-07-16 06:44:08.598719+00:00,True,False,3.0,9182.378091810555,30.629116399621218,30.841116399621217,1.0,1.0,0.0010000000000000009,1.9313440897177845,GS-Beijing -> 00133 -> 00051 -> GS-Singapore
2026-07-16 06:44:09.598719+00:00,True,False,3.0,9193.009635559056,30.664579412331502,30.876579412331502,1.0,1.0,0.0010000000000000009,1.9133187541818995,GS-Beijing -> 00133 -> 00051 -> GS-Singapore
2026-07-16 06:44:10.598719+00:00,True,False,3.0,9203.66455177533,30.70012038720244,30.91212038720243,1.0,1.0,0.0010000000000000009,1.8953303735384495,GS-Beijing -> 00133 -> 00051 -> GS-Singapore
2026-07-16 06:44:11.598719+00:00,True,False,3.0,9214.342880377415,30.73573945738627,30.947739457386266,1.0,1.0,0.0010000000000000009,1.8773788636252515,GS-Beijing -> 00133 -> 00051 -> GS-Singapore
2026-07-16 06:44:12.598719+00:00,True,False,3.0,9225.04466238753,30.771436759718387,30.983436759718387,1.0,1.0,0.0010000000000000009,1.8594641402498393,GS-Beijing -> 00133 -> 00051 -> GS-Singapore
2026-07-16 06:44:13.598719+00:00,True,False,3.0,9235.769939947939,30.807212434770253,31.019212434770253,1.0,1.0,0.0010000000000000009,1.841586119171346,GS-Beijing -> 00133 -> 00051 -> GS-Singapore
2026-07-16 06:44:14.598719+00:00,True,False,3.0,9246.518756290525,30.843066626747913,31.055066626747912,1.0,1.0,0.0010000000000000009,1.8237447161312872,GS-Beijing -> 00133 -> 00051 -> GS-Singapore
2026-07-16 06:44:15.598719+00:00,True,False,3.0,9257.291155753475,30.878999483547634,31.090999483547638,1.0,1.0,0.0010000000000000009,1.8059398468352583,GS-Beijing -> 00133 -> 00051 -> GS-Singapore
2026-07-16 06:44:16.598719+00:00,True,False,3.0,9268.08718374529,30.91501115663587,31.127011156635866,1.0,1.0,0.0010000000000000009,1.7881714269861018,GS-Beijing -> 00133 -> 00051 -> GS-Singapore
2026-07-16 06:44:17.598719+00:00,True,False,3.0,9278.906886765571,30.9511018011186,31.1631018011186,1.0,1.0,0.0010000000000000009,1.7704393722606433,GS-Beijing -> 00133 -> 00051 -> GS-Singapore
2026-07-16 06:44:18.598719+00:00,True,False,3.0,9289.750312377317,30.9872715756489,31.1992715756489,1.0,1.0,0.0010000000000000009,1.752743598340187,GS-Beijing -> 00133 -> 00051 -> GS-Singapore
2026-07-16 06:44:19.598719+00:00,True,False,3.0,9300.617509205766,31.023520642423122,31.23552064242312,1.0,1.0,0.0010000000000000009,1.7350840209046456,GS-Beijing -> 00133 -> 00051 -> GS-Singapore
2026-07-16 06:44:20.598719+00:00,True,False,3.0,9311.50852693332,31.059849167163904,31.271849167163907,1.0,1.0,0.0010000000000000009,1.7174605556344265,GS-Beijing -> 00133 -> 00051 -> GS-Singapore
2026-07-16 06:44:21.598719+00:00,True,False,3.0,9322.42341628077,31.096257319057607,31.308257319057606,1.0,1.0,0.0010000000000000009,1.699873118225689,GS-Beijing -> 00133 -> 00051 -> GS-Singapore
2026-07-16 06:44:22.598719+00:00,True,False,3.0,9333.362229013776,31.132745270775878,31.34474527077588,1.0,1.0,0.0010000000000000009,1.682321624384958,GS-Beijing -> 00133 -> 00051 -> GS-Singapore
2026-07-16 06:44:23.598719+00:00,True,False,3.0,9344.325017913656,31.169313198378248,31.381313198378244,1.0,1.0,0.0010000000000000009,1.6648059898457284,GS-Beijing -> 00133 -> 00051 -> GS-Singapore
2026-07-16 06:44:24.598719+00:00,True,False,3.0,9355.311836786934,31.205961281343956,31.41796128134395,1.0,1.0,0.0010000000000000009,1.6473261303654159,GS-Beijing -> 00133 -> 00051 -> GS-Singapore
2026-07-16 06:44:25.598719+00:00,True,False,3.0,9366.322740441155,31.2426897024913,31.4546897024913,1.0,1.0,0.0010000000000000009,1.6298819617303302,GS-Beijing -> 00133 -> 00051 -> GS-Singapore
2026-07-16 06:44:26.598719+00:00,True,False,3.0,9377.357784684586,31.279498647976613,31.491498647976616,1.0,1.0,0.0010000000000000009,1.6124733997698293,GS-Beijing -> 00133 -> 00051 -> GS-Singapore
2026-07-16 06:44:27.598719+00:00,True,False,3.0,9388.417026310204,31.316388307240885,31.528388307240885,1.0,1.0,0.0010000000000000009,1.595100360348269,GS-Beijing -> 00133 -> 00051 -> GS-Singapore
2026-07-16 06:44:28.598719+00:00,True,False,3.0,9399.50052308985,31.353358872990228,31.56535887299023,1.0,1.0,0.0010000000000000009,1.577762759376606,GS-Beijing -> 00133 -> 00051 -> GS-Singapore
2026-07-16 06:44:29.598719+00:00,True,False,3.0,9410.608333758908,31.390410541144796,31.602410541144792,1.0,1.0,0.0010000000000000009,1.5604605128133109,GS-Beijing -> 00133 -> 00051 -> GS-Singapore
2026-07-16 06:44:30.598719+00:00,True,False,3.0,9421.740518007637,31.427543510809862,31.639543510809858,1.0,1.0,0.0010000000000000009,1.543193536676183,GS-Beijing -> 00133 -> 00051 -> GS-Singapore
2026-07-16 06:44:31.598719+00:00,True,False,3.0,9432.897136468819,31.464757984234613,31.676757984234612,1.0,1.0,0.0010000000000000009,1.5259617470399327,GS-Beijing -> 00133 -> 00051 -> GS-Singapore
2026-07-16 06:44:32.598719+00:00,True,False,3.0,9444.078250709095,31.502054166783264,31.714054166783257,1.0,1.0,0.0010000000000000009,1.5087650600343157,GS-Beijing -> 00133 -> 00051 -> GS-Singapore
2026-07-16 06:44:33.598719+00:00,True,False,3.0,9455.283923206402,31.53943226685977,31.751432266859773,1.0,1.0,0.0010000000000000009,1.4916033918743992,GS-Beijing -> 00133 -> 00051 -> GS-Singapore
2026-07-16 06:44:34.598719+00:00,True,False,3.0,9466.514217354601,31.576892495923303,31.7888924959233,1.0,1.0,0.0010000000000000009,1.474476658828074,GS-Beijing -> 00133 -> 00051 -> GS-Singapore
2026-07-16 06:44:35.598719+00:00,True,False,3.0,9477.769197440939,31.61443506841303,31.826435068413026,1.0,1.0,0.0010000000000000009,1.4573847772490485,GS-Beijing -> 00133 -> 00051 -> GS-Singapore
2026-07-16 06:44:36.598719+00:00,True,False,3.0,9489.04892862786,31.65206020168747,31.864060201687465,1.0,1.0,0.0010000000000000009,1.4403276635640285,GS-Beijing -> 00133 -> 00051 -> GS-Singapore
2026-07-16 06:44:37.598719+00:00,True,False,3.0,9500.353476955319,31.68976811603219,31.901768116032187,1.0,1.0,0.0010000000000000009,1.4233052342830277,GS-Beijing -> 00133 -> 00051 -> GS-Singapore
2026-07-16 06:44:38.598719+00:00,True,False,3.0,9511.68290930881,31.727559034553202,31.939559034553202,1.0,1.0,0.0010000000000000009,1.4063174060075152,GS-Beijing -> 00133 -> 00051 -> GS-Singapore
2026-07-16 06:44:39.598719+00:00,True,False,3.0,9523.037293423411,31.76543318319039,31.977433183190392,1.0,1.0,0.0010000000000000009,1.3893640954200848,GS-Beijing -> 00133 -> 00051 -> GS-Singapore
2026-07-16 06:44:40.598719+00:00,True,False,3.0,9534.416697853212,31.803390790615595,32.01539079061559,1.0,1.0,0.0010000000000000009,1.3724452193093075,GS-Beijing -> 00133 -> 00051 -> GS-Singapore
2026-07-16 06:44:41.598719+00:00,True,False,3.0,9545.821191969277,31.84143208822577,32.053432088225776,1.0,1.0,0.0010000000000000009,1.3555606945496859,GS-Beijing -> 00133 -> 00051 -> GS-Singapore
2026-07-16 06:44:42.598719+00:00,True,False,3.0,9557.250845940947,31.87955731008066,32.09155731008066,1.0,1.0,0.0010000000000000009,1.338710438120975,GS-Beijing -> 00133 -> 00051 -> GS-Singapore
2026-07-16 06:44:43.598719+00:00,True,False,3.0,9568.705730717284,31.917766692840832,32.12976669284083,1.0,1.0,0.0010000000000000009,1.32189436710539,GS-Beijing -> 00133 -> 00051 -> GS-Singapore
2026-07-16 06:44:44.598719+00:00,True,False,3.0,9580.185918018098,31.956060475737846,32.168060475737846,1.0,1.0,0.0010000000000000009,1.3051123986891735,GS-Beijing -> 00133 -> 00051 -> GS-Singapore
2026-07-16 06:44:45.598719+00:00,True,False,3.0,9591.691480309382,31.99443890049223,32.20643890049223,1.0,1.0,0.0010000000000000009,1.2883644501749867,GS-Beijing -> 00133 -> 00051 -> GS-Singapore
2026-07-16 06:44:46.598719+00:00,True,False,3.0,9603.222490798154,32.03290221129631,32.244902211296306,1.0,1.0,0.0010000000000000009,1.2716504389706174,GS-Beijing -> 00133 -> 00051 -> GS-Singapore
2026-07-16 06:44:47.598719+00:00,True,False,3.0,9614.779023406361,32.07145065472715,32.283450654727154,1.0,1.0,0.0010000000000000009,1.2549702826048978,GS-Beijing -> 00133 -> 00051 -> GS-Singapore
2026-07-16 06:44:48.598719+00:00,True,False,3.0,9626.361152754798,32.110084479692944,32.32208447969294,1.0,1.0,0.0010000000000000009,1.2383238987244756,GS-Beijing -> 00133 -> 00051 -> GS-Singapore
2026-07-16 06:44:49.598719+00:00,True,False,3.0,9637.968954157099,32.14880393741293,32.360803937412925,1.0,1.0,0.0010000000000000009,1.2217112050982664,GS-Beijing -> 00133 -> 00051 -> GS-Singapore
2026-07-16 06:44:50.598719+00:00,True,False,3.0,9649.602503583965,32.18760928129808,32.39960928129808,1.0,1.0,0.0010000000000000009,1.2051321196208988,GS-Beijing -> 00133 -> 00051 -> GS-Singapore
2026-07-16 06:44:51.598719+00:00,True,False,3.0,9661.261877664587,32.22650076695588,32.43850076695587,1.0,1.0,0.0010000000000000009,1.1885865603061614,GS-Beijing -> 00133 -> 00051 -> GS-Singapore
2026-07-16 06:44:52.598719+00:00,True,False,3.0,9672.947153653013,32.26547865207808,32.47747865207808,1.0,1.0,0.0010000000000000009,1.1720744453078016,GS-Beijing -> 00133 -> 00051 -> GS-Singapore
2026-07-16 06:44:53.598719+00:00,True,False,3.0,9684.658409415319,32.30454319639795,32.51654319639796,1.0,1.0,0.0010000000000000009,1.1555956929063402,GS-Beijing -> 00133 -> 00051 -> GS-Singapore
2026-07-16 06:44:54.598719+00:00,True,False,3.0,9696.395723418742,32.343694661654034,32.55569466165404,1.0,1.0,0.0010000000000000009,1.1391502215153988,GS-Beijing -> 00133 -> 00051 -> GS-Singapore
2026-07-16 06:44:55.598719+00:00,True,False,3.0,9708.159174691411,32.382933311455794,32.59493331145579,1.0,1.0,0.0010000000000000009,1.1227379496910164,GS-Beijing -> 00133 -> 00051 -> GS-Singapore
2026-07-16 06:44:56.598719+00:00,True,False,3.0,9719.948842824951,32.4222594112923,32.6342594112923,1.0,1.0,0.0010000000000000009,1.1063587961299675,GS-Beijing -> 00133 -> 00051 -> GS-Singapore
2026-07-16 06:44:57.598719+00:00,True,False,3.0,9731.76480794177,32.461673228423145,32.67367322842315,1.0,1.0,0.0010000000000000009,1.0900126796645946,GS-Beijing -> 00133 -> 00051 -> GS-Singapore
2026-07-16 06:44:58.598719+00:00,True,False,3.0,9743.607150678768,32.501175031824076,32.71317503182408,1.0,1.0,0.0010000000000000009,1.0736995192727008,GS-Beijing -> 00133 -> 00051 -> GS-Singapore
2026-07-16 06:44:59.598719+00:00,True,False,3.0,9755.475952164794,32.540765092111805,32.7527650921118,1.0,1.0,0.0010000000000000009,1.0574192340832607,GS-Beijing -> 00133 -> 00051 -> GS-Singapore
2026-07-16 06:45:00.598719+00:00,True,False,3.0,9767.371294001441,32.58044368147994,32.79244368147994,1.0,1.0,0.0010000000000000009,1.0411717433696008,GS-Beijing -> 00133 -> 00051 -> GS-Singapore
2026-07-16 06:45:01.598719+00:00,True,False,3.0,9779.29325824268,32.62021107363108,32.83221107363108,1.0,1.0,0.0010000000000000009,1.0249569665549583,GS-Beijing -> 00133 -> 00051 -> GS-Singapore
2026-07-16 06:45:02.598719+00:00,True,False,3.0,9791.241927363728,32.66006754367293,32.87206754367293,1.0,1.0,0.0010000000000000009,1.0087748232175162,GS-Beijing -> 00133 -> 00051 -> GS-Singapore
2026-07-16 06:45:03.598719+00:00,True,False,3.0,9803.217384244812,32.700013368064155,32.912013368064166,1.0,1.0,0.0010000000000000009,0.9926252330954739,GS-Beijing -> 00133 -> 00051 -> GS-Singapore
2026-07-16 06:45:04.598719+00:00,True,False,3.0,9815.219712161059,32.740048824580704,32.9520488245807,1.0,1.0,0.0010000000000000009,0.9765081160738696,GS-Beijing -> 00133 -> 00051 -> GS-Singapore
2026-07-16 06:45:05.598719+00:00,True,False,3.0,9827.248994737978,32.78017419216723,32.992174192167234,1.0,1.0,0.0010000000000000009,0.9604233921965442,GS-Beijing -> 00133 -> 00051 -> GS-Singapore
2026-07-16 06:45:06.598719+00:00,True,False,3.0,9839.305315936115,32.82038975088599,33.03238975088598,1.0,1.0,0.0010000000000000009,0.9443709816798158,GS-Beijing -> 00133 -> 00051 -> GS-Singapore
2026-07-16 06:45:07.598719+00:00,True,False,3.0,9851.388760036076,32.86069578186679,33.07269578186679,1.0,1.0,0.0010000000000000009,0.9283508048876072,GS-Beijing -> 00133 -> 00051 -> GS-Singapore
2026-07-16 06:45:08.598719+00:00,True,False,3.0,9863.499411601997,32.90109256718526,33.113092567185255,1.0,1.0,0.0010000000000000009,0.9123627823556326,GS-Beijing -> 00133 -> 00051 -> GS-Singapore
2026-07-16 06:45:09.598719+00:00,True,False,3.0,9875.63735546352,32.941580389802596,33.1535803898026,1.0,1.0,0.0010000000000000009,0.8964068347820202,GS-Beijing -> 00133 -> 00051 -> GS-Singapore
2026-07-16 06:45:10.598719+00:00,True,False,3.0,9887.802676688521,32.98215953347473,33.194159533474725,1.0,1.0,0.0010000000000000009,0.8804828830355618,GS-Beijing -> 00133 -> 00051 -> GS-Singapore
2026-07-16 06:45:11.598719+00:00,True,False,3.0,9899.995460559021,33.022830282671826,33.23483028267182,1.0,1.0,0.0010000000000000009,0.8645908481508133,GS-Beijing -> 00133 -> 00051 -> GS-Singapore
2026-07-16 06:45:12.598719+00:00,True,False,3.0,9912.215792548632,33.06359292250318,33.275592922503186,1.0,1.0,0.0010000000000000009,0.8487306513289319,GS-Beijing -> 00133 -> 00051 -> GS-Singapore
2026-07-16 06:45:13.598719+00:00,True,False,3.0,9924.46375828925,33.104447738606055,33.31644773860606,1.0,1.0,0.0010000000000000009,0.832902213953874,GS-Beijing -> 00133 -> 00051 -> GS-Singapore
2026-07-16 06:45:14.598719+00:00,True,False,3.0,9936.739443548766,33.14539501707133,33.357395017071326,1.0,1.0,0.0010000000000000009,0.8171054575725787,GS-Beijing -> 00133 -> 00051 -> GS-Singapore
2026-07-16 06:45:15.598719+00:00,True,False,3.0,9949.042934207955,33.18643504436645,33.39843504436644,1.0,1.0,0.0010000000000000009,0.8013403039085532,GS-Beijing -> 00133 -> 00051 -> GS-Singapore
2026-07-16 06:45:16.598719+00:00,True,False,3.0,9961.374316231264,33.22756810723793,33.439568107237925,1.0,1.0,0.0010000000000000009,0.7856066748616755,GS-Beijing -> 00133 -> 00051 -> GS-Singapore
2026-07-16 06:45:17.598719+00:00,True,False,3.0,9973.733675629466,33.26879449258682,33.480794492586824,1.0,1.0,0.0010000000000000009,0.7699044925115892,GS-Beijing -> 00133 -> 00051 -> GS-Singapore
2026-07-16 06:45:18.598719+00:00,True,False,3.0,9986.1210984489,33.31011448743284,33.522114487432844,1.0,1.0,0.0010000000000000009,0.7542336791167816,GS-Beijing -> 00133 -> 00051 -> GS-Singapore
2026-07-16 06:45:19.598719+00:00,True,False,3.0,9998.536670732943,33.35152837878578,33.563528378785776,1.0,1.0,0.0010000000000000009,0.738594157111395,GS-Beijing -> 00133 -> 00051 -> GS-Singapore
2026-07-16 06:45:20.598719+00:00,True,False,3.0,10010.980478496138,33.393036453559276,33.60503645355928,1.0,1.0,0.0010000000000000009,0.7229858491148757,GS-Beijing -> 00133 -> 00051 -> GS-Singapore
2026-07-16 06:45:21.598719+00:00,True,False,3.0,10023.45260769705,33.434638998480246,33.64663899848024,1.0,1.0,0.0010000000000000009,0.7074086779226612,GS-Beijing -> 00133 -> 00051 -> GS-Singapore
2026-07-16 06:45:22.598719+00:00,True,False,3.0,10035.953144203486,33.47633629997286,33.68833629997285,1.0,1.0,0.0010000000000000009,0.6918625665216034,GS-Beijing -> 00133 -> 00051 -> GS-Singapore
2026-07-16 06:45:23.598719+00:00,True,False,3.0,10048.482173774164,33.518128644097395,33.73012864409739,1.0,1.0,0.0010000000000000009,0.6763474380756307,GS-Beijing -> 00133 -> 00051 -> GS-Singapore
2026-07-16 06:45:24.598719+00:00,True,False,3.0,10061.039782019036,33.56001631641792,33.772016316417925,1.0,1.0,0.0010000000000000009,0.6608632159351497,GS-Beijing -> 00133 -> 00051 -> GS-Singapore
2026-07-16 06:45:25.598719+00:00,True,False,3.0,10073.626054366094,33.60199960189156,33.81399960189157,1.0,1.0,0.0010000000000000009,0.6454098236478831,GS-Beijing -> 00133 -> 00051 -> GS-Singapore
2026-07-16 06:45:26.598719+00:00,True,False,3.0,10086.241076052123,33.64407878483762,33.85607878483762,1.0,1.0,0.0010000000000000009,0.6299871849319079,GS-Beijing -> 00133 -> 00051 -> GS-Singapore
2026-07-16 06:45:27.598719+00:00,True,False,3.0,10098.884932070056,33.686254148761996,33.89825414876199,1.0,1.0,0.0010000000000000009,0.614595223705841,GS-Beijing -> 00133 -> 00051 -> GS-Singapore
2026-07-16 06:45:28.598719+00:00,True,False,3.0,10111.557707145834,33.72852597628001,33.940525976280014,1.0,1.0,0.0010000000000000009,0.5992338640717634,GS-Beijing -> 00133 -> 00051 -> GS-Singapore
2026-07-16 06:45:29.598719+00:00,True,False,3.0,10124.259485709785,33.77089454902093,33.982894549020926,1.0,1.0,0.0010000000000000009,0.5839030303271429,GS-Beijing -> 00133 -> 00051 -> GS-Singapore
2026-07-16 06:45:30.598719+00:00,True,False,3.0,10136.990351869812,33.81336014753851,34.02536014753851,1.0,1.0,0.0010000000000000009,0.5686026469513799,GS-Beijing -> 00133 -> 00051 -> GS-Singapore
2026-07-16 06:45:31.598719+00:00,True,False,3.0,10149.750389365649,33.85592305115844,34.067923051158445,1.0,1.0,0.0010000000000000009,0.5533326386244788,GS-Beijing -> 00133 -> 00051 -> GS-Singapore
2026-07-16 06:45:32.598719+00:00,True,False,3.0,10162.539681544145,33.89858353789589,34.11058353789589,1.0,1.0,0.0010000000000000009,0.5380929302193724,GS-Beijing -> 00133 -> 00051 -> GS-Singapore
2026-07-16 06:45:33.598719+00:00,True,False,3.0,10175.358311341042,33.94134188439471,34.15334188439472,1.0,1.0,0.0010000000000000009,0.522883446794193,GS-Beijing -> 00133 -> 00051 -> GS-Singapore
2026-07-16 06:45:34.598719+00:00,True,False,3.0,10188.206361224667,33.98419836573963,34.19619836573963,1.0,1.0,0.0010000000000000009,0.5077041136119611,GS-Beijing -> 00133 -> 00051 -> GS-Singapore
2026-07-16 06:45:35.598719+00:00,True,False,3.0,10201.083913184893,34.027153255419435,34.23915325541943,1.0,1.0,0.0010000000000000009,0.49255485611803174,GS-Beijing -> 00133 -> 00051 -> GS-Singapore
2026-07-16 06:45:36.598719+00:00,True,False,3.0,10213.991048684722,34.070206825165435,34.28220682516543,1.0,1.0,0.0010000000000000009,0.4774355999650961,GS-Beijing -> 00133 -> 00051 -> GS-Singapore
2026-07-16 06:45:37.598719+00:00,True,False,3.0,10226.927848637499,34.11335934487551,34.32535934487551,1.0,1.0,0.0010000000000000009,0.46234627099795844,GS-Beijing -> 00133 -> 00051 -> GS-Singapore
2026-07-16 06:45:38.598719+00:00,True,False,3.0,10239.894393380586,34.156611082526254,34.36861108252624,1.0,1.0,0.0010000000000000009,0.4472867952477362,GS-Beijing -> 00133 -> 00051 -> GS-Singapore
2026-07-16 06:45:39.598719+00:00,True,False,3.0,10252.89076261427,34.1999623039692,34.411962303969204,1.0,1.0,0.0010000000000000009,0.4322570989613155,GS-Beijing -> 00133 -> 00051 -> GS-Singapore
2026-07-16 06:45:40.598719+00:00,True,False,3.0,10265.91703540225,34.24341327293247,34.455413272932475,1.0,1.0,0.0010000000000000009,0.4172571085723753,GS-Beijing -> 00133 -> 00051 -> GS-Singapore
2026-07-16 06:45:41.598719+00:00,True,False,3.0,10278.97329011955,34.286964250847,34.498964250846996,1.0,1.0,0.0010000000000000009,0.40228675071415054,GS-Beijing -> 00133 -> 00051 -> GS-Singapore
2026-07-16 06:45:42.598719+00:00,True,False,3.0,10292.059604427417,34.33061549676282,34.54261549676282,1.0,1.0,0.0010000000000000009,0.38734595221900747,GS-Beijing -> 00133 -> 00051 -> GS-Singapore
2026-07-16 06:45:43.598719+00:00,True,False,3.0,10305.176055227459,34.37436726719609,34.586367267196096,1.0,1.0,0.0010000000000000009,0.3724346401227283,GS-Beijing -> 00133 -> 00051 -> GS-Singapore
2026-07-16 06:45:44.598719+00:00,True,False,3.0,10318.322718649415,34.41821981608829,34.630219816088285,1.0,1.0,0.0010000000000000009,0.35755274165511786,GS-Beijing -> 00133 -> 00051 -> GS-Singapore
2026-07-16 06:45:45.598719+00:00,True,False,3.0,10331.499669995632,34.462173394621,34.67417339462099,1.0,1.0,0.0010000000000000009,0.34270018424940574,GS-Beijing -> 00133 -> 00051 -> GS-Singapore
2026-07-16 06:45:46.598719+00:00,True,False,3.0,10344.706983720735,34.506228251148116,34.71822825114812,1.0,1.0,0.0010000000000000009,0.32787689554030663,GS-Beijing -> 00133 -> 00051 -> GS-Singapore
2026-07-16 06:45:47.598719+00:00,True,False,3.0,10357.944733398659,34.55038463108588,34.76238463108588,1.0,1.0,0.0010000000000000009,0.31308280335967,GS-Beijing -> 00133 -> 00051 -> GS-Singapore
2026-07-16 06:45:48.598719+00:00,True,False,3.0,10371.212991677441,34.59464277676205,34.806642776762054,1.0,1.0,0.0010000000000000009,0.2983178357467917,GS-Beijing -> 00133 -> 00051 -> GS-Singapore
2026-07-16 06:45:49.598719+00:00,True,False,3.0,10384.51183025707,34.63900292734206,34.85100292734205,1.0,1.0,0.0010000000000000009,0.28358192094207624,GS-Beijing -> 00133 -> 00051 -> GS-Singapore
2026-07-16 06:45:50.598719+00:00,True,False,3.0,10397.841319856463,34.6834653187188,34.895465318718806,1.0,1.0,0.0010000000000000009,0.26887498737990434,GS-Beijing -> 00133 -> 00051 -> GS-Singapore
2026-07-16 06:45:51.598719+00:00,True,False,3.0,10411.201530172026,34.728030183374486,34.94003018337448,1.0,1.0,0.0010000000000000009,0.25419696370736666,GS-Beijing -> 00133 -> 00051 -> GS-Singapore
2026-07-16 06:45:52.598719+00:00,True,False,3.0,10424.5925298455,34.772697750273295,34.98469775027329,1.0,1.0,0.0010000000000000009,0.23954777877100675,GS-Beijing -> 00133 -> 00051 -> GS-Singapore
2026-07-16 06:45:53.598719+00:00,True,False,3.0,10438.014386439478,34.81746824477979,35.029468244779785,1.0,1.0,0.0010000000000000009,0.22492736161575166,GS-Beijing -> 00133 -> 00051 -> GS-Singapore
2026-07-16 06:45:54.598719+00:00,True,False,3.0,10451.467166392962,34.86234188851063,35.074341888510624,1.0,1.0,0.0010000000000000009,0.21033564149591655,GS-Beijing -> 00133 -> 00051 -> GS-Singapore
2026-07-16 06:45:55.598719+00:00,True,False,3.0,10464.950934995446,34.90731889924811,35.119318899248114,1.0,1.0,0.0010000000000000009,0.19577254786670117,GS-Beijing -> 00133 -> 00051 -> GS-Singapore
2026-07-16 06:45:56.598719+00:00,True,False,3.0,10478.465756352794,34.9523994908264,35.1643994908264,1.0,1.0,0.0010000000000000009,0.1812380103877338,GS-Beijing -> 00133 -> 00051 -> GS-Singapore
2026-07-16 06:45:57.598719+00:00,True,False,3.0,10492.011693349552,34.997583873005745,35.20958387300575,1.0,1.0,0.0010000000000000009,0.1667319589216767,GS-Beijing -> 00133 -> 00051 -> GS-Singapore
2026-07-16 06:45:58.598719+00:00,True,False,3.0,10505.588807620281,35.04287225137692,35.25487225137692,1.0,1.0,0.0010000000000000009,0.15225432354107227,GS-Beijing -> 00133 -> 00051 -> GS-Singapore
2026-07-16 06:45:59.598719+00:00,True,True,5.0,14348.616362673714,47.86183234360657,48.46783234360657,3.0,5.0,2.099988000003883e-05,3.1563254366765516,GS-Beijing -> 00123 -> 00011 -> 00115 -> 00012 -> GS-Singapore
2026-07-16 06:46:00.598719+00:00,True,False,5.0,14338.549881970364,47.82825417833015,48.43425417833014,3.0,5.0,2.099988000003883e-05,3.1605042936045837,GS-Beijing -> 00123 -> 00011 -> 00115 -> 00012 -> GS-Singapore
2026-07-16 06:46:01.598719+00:00,True,False,5.0,14328.538009557187,47.79485816670274,48.40085816670273,3.0,5.0,2.099988000003883e-05,3.164692195511684,GS-Beijing -> 00123 -> 00011 -> 00115 -> 00012 -> GS-Singapore
2026-07-16 06:46:02.598719+00:00,True,False,5.0,14318.580860059805,47.76164469107427,48.36764469107427,3.0,5.0,2.099988000003883e-05,3.1688891542292446,GS-Beijing -> 00123 -> 00011 -> 00115 -> 00012 -> GS-Singapore
2026-07-16 06:46:03.598719+00:00,True,False,5.0,14308.678545535655,47.72861412522811,48.334614125228114,3.0,5.0,2.099988000003883e-05,3.1730951816147233,GS-Beijing -> 00123 -> 00011 -> 00115 -> 00012 -> GS-Singapore
2026-07-16 06:46:04.598719+00:00,True,False,5.0,14298.831175450317,47.69576683430214,48.30176683430214,3.0,5.0,2.099988000003883e-05,3.1773102895512793,GS-Beijing -> 00123 -> 00011 -> 00115 -> 00012 -> GS-Singapore
2026-07-16 06:46:05.598719+00:00,True,False,5.0,14289.038856678093,47.66310317479065,48.26910317479065,3.0,5.0,2.099988000003883e-05,3.1815344899495077,GS-Beijing -> 00123 -> 00011 -> 00115 -> 00012 -> GS-Singapore
2026-07-16 06:46:06.598719+00:00,True,False,5.0,14279.30169350098,47.63062349454095,48.236623494540936,3.0,5.0,2.099988000003883e-05,3.1857677947450327,GS-Beijing -> 00123 -> 00011 -> 00115 -> 00012 -> GS-Singapore
2026-07-16 06:46:07.598719+00:00,True,False,5.0,14269.619787598367,47.59832813271896,48.204328132718956,3.0,5.0,2.099988000003883e-05,3.190010215900408,GS-Beijing -> 00123 -> 00011 -> 00115 -> 00012 -> GS-Singapore
2026-07-16 06:46:08.598719+00:00,True,False,5.0,14259.993238040752,47.5662174197883,48.172217419788296,3.0,5.0,2.099988000003883e-05,3.194261765405411,GS-Beijing -> 00123 -> 00011 -> 00115 -> 00012 -> GS-Singapore
2026-07-16 06:46:09.598719+00:00,True,False,5.0,14250.422141298568,47.5342916775397,48.140291677539686,3.0,5.0,2.099988000003883e-05,3.1985224552739346,GS-Beijing -> 00123 -> 00011 -> 00115 -> 00012 -> GS-Singapore
2026-07-16 06:46:10.598719+00:00,True,False,5.0,14240.906591229861,47.502551219049884,48.10855121904989,3.0,5.0,2.099988000003883e-05,3.202792297548978,GS-Beijing -> 00123 -> 00011 -> 00115 -> 00012 -> GS-Singapore
2026-07-16 06:46:11.598719+00:00,True,False,5.0,14231.446679084698,47.47099634869633,48.07699634869633,3.0,5.0,2.099988000003883e-05,3.207071304300136,GS-Beijing -> 00123 -> 00011 -> 00115 -> 00012 -> GS-Singapore
2026-07-16 06:46:12.598719+00:00,True,False,5.0,14222.04249350516,47.43962736215719,48.04562736215719,3.0,5.0,2.099988000003883e-05,3.2113594876220297,GS-Beijing -> 00123 -> 00011 -> 00115 -> 00012 -> GS-Singapore
2026-07-16 06:46:13.598719+00:00,True,False,5.0,14212.694120522663,47.40844454640238,48.01444454640237,3.0,5.0,2.099988000003883e-05,3.2156568596397523,GS-Beijing -> 00123 -> 00011 -> 00115 -> 00012 -> GS-Singapore
2026-07-16 06:46:14.598719+00:00,True,False,5.0,14203.401643581661,47.37744817977263,47.98344817977263,3.0,5.0,2.099988000003883e-05,3.219963432501249,GS-Beijing -> 00123 -> 00011 -> 00115 -> 00012 -> GS-Singapore
2026-07-16 06:46:15.598719+00:00,True,False,5.0,14194.165143521739,47.346638531919766,47.95263853191977,3.0,5.0,2.099988000003883e-05,3.2242792183852487,GS-Beijing -> 00123 -> 00011 -> 00115 -> 00012 -> GS-Singapore
2026-07-16 06:46:16.598719+00:00,True,False,5.0,14184.984698597022,47.31601586387147,47.922015863871465,3.0,5.0,2.099988000003883e-05,3.2286042294949144,GS-Beijing -> 00123 -> 00011 -> 00115 -> 00012 -> GS-Singapore
2026-07-16 06:46:17.598719+00:00,True,False,5.0,14175.86038447224,47.28558042801811,47.8915804280181,3.0,5.0,2.099988000003883e-05,3.2329384780622323,GS-Beijing -> 00123 -> 00011 -> 00115 -> 00012 -> GS-Singapore
2026-07-16 06:46:18.598719+00:00,True,False,5.0,14166.792274240712,47.25533246817274,47.86133246817273,3.0,5.0,2.099988000003883e-05,3.237281976346946,GS-Beijing -> 00123 -> 00011 -> 00115 -> 00012 -> GS-Singapore
2026-07-16 06:46:19.598719+00:00,True,False,5.0,14157.78043843443,47.225272219604776,47.83127221960477,3.0,5.0,2.099988000003883e-05,3.2416347366363034,GS-Beijing -> 00123 -> 00011 -> 00115 -> 00012 -> GS-Singapore
2026-07-16 06:46:20.598719+00:00,True,False,5.0,14148.824945025764,47.195399909045626,47.80139990904562,3.0,5.0,2.099988000003883e-05,3.2459967712454,GS-Beijing -> 00123 -> 00011 -> 00115 -> 00012 -> GS-Singapore
2026-07-16 06:46:21.598719+00:00,True,False,5.0,14139.925859457097,47.16571575478759,47.77171575478759,3.0,5.0,2.099988000003883e-05,3.2503680925148686,GS-Beijing -> 00123 -> 00011 -> 00115 -> 00012 -> GS-Singapore
2026-07-16 06:46:22.598719+00:00,True,False,5.0,14131.083244633008,47.13621996665776,47.74221996665777,3.0,5.0,2.099988000003883e-05,3.2547487128153527,GS-Beijing -> 00123 -> 00011 -> 00115 -> 00012 -> GS-Singapore
2026-07-16 06:46:23.598719+00:00,True,False,5.0,14122.297160946271,47.10691274610475,47.712912746104735,3.0,5.0,2.099988000003883e-05,3.2591386445464394,GS-Beijing -> 00123 -> 00011 -> 00115 -> 00012 -> GS-Singapore
2026-07-16 06:46:24.598719+00:00,True,False,5.0,14113.567666298493,47.07779428626752,47.68379428626751,3.0,5.0,2.099988000003883e-05,3.263537900133567,GS-Beijing -> 00123 -> 00011 -> 00115 -> 00012 -> GS-Singapore
2026-07-16 06:46:25.598719+00:00,True,False,5.0,14104.894816105467,47.04886477199326,47.654864771993246,3.0,5.0,2.099988000003883e-05,3.267946492031223,GS-Beijing -> 00123 -> 00011 -> 00115 -> 00012 -> GS-Singapore
2026-07-16 06:46:26.598719+00:00,True,False,5.0,14096.278663322799,47.02012437992286,47.62612437992286,3.0,5.0,2.099988000003883e-05,3.2723644327221564,GS-Beijing -> 00123 -> 00011 -> 00115 -> 00012 -> GS-Singapore
2026-07-16 06:46:27.598719+00:00,True,False,5.0,14087.719258469855,46.99157327857079,47.597573278570785,3.0,5.0,2.099988000003883e-05,3.276791734716854,GS-Beijing -> 00123 -> 00011 -> 00115 -> 00012 -> GS-Singapore
2026-07-16 06:46:28.598719+00:00,True,False,5.0,14079.216649643124,46.96321162836966,47.56921162836966,3.0,5.0,2.099988000003883e-05,3.281228410556075,GS-Beijing -> 00123 -> 00011 -> 00115 -> 00012 -> GS-Singapore
2026-07-16 06:46:29.598719+00:00,True,False,5.0,14070.770882525514,46.93503958170127,47.54103958170127,3.0,5.0,2.099988000003883e-05,3.285674472808717,GS-Beijing -> 00123 -> 00011 -> 00115 -> 00012 -> GS-Singapore
2026-07-16 06:46:30.598719+00:00,True,False,5.0,14062.382000445841,46.907057283094964,47.513057283094966,3.0,5.0,2.099988000003883e-05,3.2901299340704746,GS-Beijing -> 00123 -> 00011 -> 00115 -> 00012 -> GS-Singapore
2026-07-16 06:46:31.598719+00:00,True,False,5.0,14054.05004437371,46.87926486921065,47.48526486921065,3.0,5.0,2.099988000003883e-05,3.2945948069682505,GS-Beijing -> 00123 -> 00011 -> 00115 -> 00012 -> GS-Singapore
2026-07-16 06:46:32.598719+00:00,True,False,5.0,14045.77505294951,46.8516624689388,47.45766246893879,3.0,5.0,2.099988000003883e-05,3.2990691041547517,GS-Beijing -> 00123 -> 00011 -> 00115 -> 00012 -> GS-Singapore
2026-07-16 06:46:33.598719+00:00,True,False,5.0,14037.557062517366,46.824250203510346,47.43025020351034,3.0,5.0,2.099988000003883e-05,3.303552838315346,GS-Beijing -> 00123 -> 00011 -> 00115 -> 00012 -> GS-Singapore
2026-07-16 06:46:34.598719+00:00,True,False,5.0,14029.396107147166,46.797028186570216,47.40302818657021,3.0,5.0,2.099988000003883e-05,3.3080460221625323,GS-Beijing -> 00123 -> 00011 -> 00115 -> 00012 -> GS-Singapore
2026-07-16 06:46:35.598719+00:00,True,False,5.0,14021.29221867128,46.769996524299756,47.37599652429976,3.0,5.0,2.099988000003883e-05,3.3125486684388576,GS-Beijing -> 00123 -> 00011 -> 00115 -> 00012 -> GS-Singapore
2026-07-16 06:46:36.598719+00:00,True,False,5.0,14013.24542671079,46.74315531550427,47.34915531550427,3.0,5.0,2.099988000003883e-05,3.317060789914736,GS-Beijing -> 00123 -> 00011 -> 00115 -> 00012 -> GS-Singapore
2026-07-16 06:46:37.598719+00:00,True,False,5.0,14005.255758703224,46.7165046517055,47.32250465170549,3.0,5.0,2.099988000003883e-05,3.3215823993910707,GS-Beijing -> 00123 -> 00011 -> 00115 -> 00012 -> GS-Singapore
2026-07-16 06:46:38.598719+00:00,True,False,5.0,13997.323239940939,46.690044617269656,47.296044617269644,3.0,5.0,2.099988000003883e-05,3.3261135096996703,GS-Beijing -> 00123 -> 00011 -> 00115 -> 00012 -> GS-Singapore
2026-07-16 06:46:39.598719+00:00,True,False,5.0,13989.447893595945,46.66377528949025,47.269775289490255,3.0,5.0,2.099988000003883e-05,3.3306541337001025,GS-Beijing -> 00123 -> 00011 -> 00115 -> 00012 -> GS-Singapore
2026-07-16 06:46:40.598719+00:00,True,False,5.0,13981.629740772743,46.63769673876433,47.243696738764335,3.0,5.0,2.099988000003883e-05,3.3352042842813585,GS-Beijing -> 00123 -> 00011 -> 00115 -> 00012 -> GS-Singapore
2026-07-16 06:46:41.598719+00:00,True,False,5.0,13973.868800523687,46.611809028643705,47.2178090286437,3.0,5.0,2.099988000003883e-05,3.339763974363109,GS-Beijing -> 00123 -> 00011 -> 00115 -> 00012 -> GS-Singapore
2026-07-16 06:46:42.598719+00:00,True,False,5.0,13966.165089894648,46.586112215987264,47.19211221598726,3.0,5.0,2.099988000003883e-05,3.3443332168959046,GS-Beijing -> 00123 -> 00011 -> 00115 -> 00012 -> GS-Singapore
2026-07-16 06:46:43.598719+00:00,True,False,5.0,13958.518623962033,46.5606063510845,47.1666063510845,3.0,5.0,2.099988000003883e-05,3.3489120248587074,GS-Beijing -> 00123 -> 00011 -> 00115 -> 00012 -> GS-Singapore
2026-07-16 06:46:44.598719+00:00,True,False,5.0,13950.929415879462,46.535291477811164,47.14129147781117,3.0,5.0,2.099988000003883e-05,3.3535004112622833,GS-Beijing -> 00123 -> 00011 -> 00115 -> 00012 -> GS-Singapore
2026-07-16 06:46:45.598719+00:00,True,False,5.0,13943.397476903381,46.51016763371472,47.11616763371473,3.0,5.0,2.099988000003883e-05,3.3580983891466367,GS-Beijing -> 00123 -> 00011 -> 00115 -> 00012 -> GS-Singapore
2026-07-16 06:46:46.598719+00:00,True,False,5.0,13935.922816441973,46.4852348501775,47.09123485017749,3.0,5.0,2.099988000003883e-05,3.3627059715827805,GS-Beijing -> 00123 -> 00011 -> 00115 -> 00012 -> GS-Singapore
2026-07-16 06:46:47.598719+00:00,True,False,5.0,13928.505442099573,46.460493152564815,47.06649315256481,3.0,5.0,2.099988000003883e-05,3.367323171671101,GS-Beijing -> 00123 -> 00011 -> 00115 -> 00012 -> GS-Singapore
2026-07-16 06:46:48.598719+00:00,True,False,5.0,13921.145359709355,46.43594256033404,47.04194256033405,3.0,5.0,2.099988000003883e-05,3.3719500025445086,GS-Beijing -> 00123 -> 00011 -> 00115 -> 00012 -> GS-Singapore
2026-07-16 06:46:49.598719+00:00,True,False,5.0,13913.84257339653,46.41158308724541,47.01758308724542,3.0,5.0,2.099988000003883e-05,3.3765864773645173,GS-Beijing -> 00123 -> 00011 -> 00115 -> 00012 -> GS-Singapore
2026-07-16 06:46:50.598719+00:00,True,False,5.0,13906.597085596346,46.387414741422035,46.99341474142203,3.0,5.0,2.099988000003883e-05,3.381232609325199,GS-Beijing -> 00123 -> 00011 -> 00115 -> 00012 -> GS-Singapore
2026-07-16 06:46:51.598719+00:00,True,False,5.0,13899.40889712,46.36343752556978,46.969437525569774,3.0,5.0,2.099988000003883e-05,3.3858884116520063,GS-Beijing -> 00123 -> 00011 -> 00115 -> 00012 -> GS-Singapore
2026-07-16 06:46:52.598719+00:00,True,False,5.0,13892.278007203206,46.339651437139246,46.94565143713924,3.0,5.0,2.099988000003883e-05,3.3905538975978082,GS-Beijing -> 00123 -> 00011 -> 00115 -> 00012 -> GS-Singapore
2026-07-16 06:46:53.598719+00:00,True,False,5.0,13885.204413526959,46.31605646839508,46.922056468395084,3.0,5.0,2.099988000003883e-05,3.3952290804534204,GS-Beijing -> 00123 -> 00011 -> 00115 -> 00012 -> GS-Singapore
2026-07-16 06:46:54.598719+00:00,True,False,5.0,13878.188112302807,46.29265260670036,46.89865260670037,3.0,5.0,2.099988000003883e-05,3.399913973533705,GS-Beijing -> 00123 -> 00011 -> 00115 -> 00012 -> GS-Singapore
2026-07-16 06:46:55.598719+00:00,True,False,5.0,13871.229098290896,46.269439834576815,46.87543983457682,3.0,5.0,2.099988000003883e-05,3.404608590189355,GS-Beijing -> 00123 -> 00011 -> 00115 -> 00012 -> GS-Singapore
2026-07-16 06:46:56.598719+00:00,True,False,5.0,13864.327364875331,46.2464181299562,46.85241812995619,3.0,5.0,2.099988000003883e-05,3.409312943801078,GS-Beijing -> 00123 -> 00011 -> 00115 -> 00012 -> GS-Singapore
2026-07-16 06:46:57.598719+00:00,True,False,5.0,13857.482904087748,46.223587466258905,46.8295874662589,3.0,5.0,2.099988000003883e-05,3.4140270477814934,GS-Beijing -> 00123 -> 00011 -> 00115 -> 00012 -> GS-Singapore
2026-07-16 06:46:58.598719+00:00,True,False,5.0,13850.695706683084,46.20094781264672,46.80694781264671,3.0,5.0,2.099988000003883e-05,3.4187509155762967,GS-Beijing -> 00123 -> 00011 -> 00115 -> 00012 -> GS-Singapore
2026-07-16 06:46:59.598719+00:00,True,False,5.0,13843.965762175314,46.178499134142044,46.78449913414204,3.0,5.0,2.099988000003883e-05,3.4234845606602047,GS-Beijing -> 00123 -> 00011 -> 00115 -> 00012 -> GS-Singapore
2026-07-16 06:47:00.598719+00:00,True,False,5.0,13837.293058899135,46.1562413918336,46.7622413918336,3.0,5.0,2.099988000003883e-05,3.4282279965440985,GS-Beijing -> 00123 -> 00011 -> 00115 -> 00012 -> GS-Singapore
2026-07-16 06:47:01.598719+00:00,True,False,5.0,13830.677584066805,46.13417454306608,46.740174543066075,3.0,5.0,2.099988000003883e-05,3.432981236765805,GS-Beijing -> 00123 -> 00011 -> 00115 -> 00012 -> GS-Singapore
2026-07-16 06:47:02.598719+00:00,True,False,5.0,13824.119323807694,46.11229854157203,46.718298541572025,3.0,5.0,2.099988000003883e-05,3.437744294899808,GS-Beijing -> 00123 -> 00011 -> 00115 -> 00012 -> GS-Singapore
2026-07-16 06:47:03.598719+00:00,True,False,5.0,13817.618263237633,46.090613337703225,46.696613337703226,3.0,5.0,2.099988000003883e-05,3.4425171845498728,GS-Beijing -> 00123 -> 00011 -> 00115 -> 00012 -> GS-Singapore
2026-07-16 06:47:04.598719+00:00,True,False,5.0,13811.174386502993,46.06911887857764,46.675118878577635,3.0,5.0,2.099988000003883e-05,3.4472999193554053,GS-Beijing -> 00123 -> 00011 -> 00115 -> 00012 -> GS-Singapore
2026-07-16 06:47:05.598719+00:00,True,False,5.0,13804.78767685734,46.047815108335186,46.653815108335195,3.0,5.0,2.099988000003883e-05,3.4520925129851356,GS-Beijing -> 00123 -> 00011 -> 00115 -> 00012 -> GS-Singapore
2026-07-16 06:47:06.598719+00:00,True,False,5.0,13798.458116683698,46.02670196821195,46.63270196821195,3.0,5.0,2.099988000003883e-05,3.456894979143687,GS-Beijing -> 00123 -> 00011 -> 00115 -> 00012 -> GS-Singapore
2026-07-16 06:47:07.598719+00:00,True,False,5.0,13792.185687589244,46.00577939685609,46.611779396856086,3.0,5.0,2.099988000003883e-05,3.461707331564389,GS-Beijing -> 00123 -> 00011 -> 00115 -> 00012 -> GS-Singapore
2026-07-16 06:47:08.598719+00:00,True,False,5.0,13785.970370435152,45.98504733042735,46.591047330427344,3.0,5.0,2.099988000003883e-05,3.4665295840187085,GS-Beijing -> 00123 -> 00011 -> 00115 -> 00012 -> GS-Singapore
2026-07-16 06:47:09.598719+00:00,True,False,5.0,13779.812145410879,45.96450570284486,46.57050570284486,3.0,5.0,2.099988000003883e-05,3.4713617503072793,GS-Beijing -> 00123 -> 00011 -> 00115 -> 00012 -> GS-Singapore
2026-07-16 06:47:10.598719+00:00,True,False,5.0,13773.710992084738,45.94415444595587,46.55015444595586,3.0,5.0,2.099988000003883e-05,3.476203844264141,GS-Beijing -> 00123 -> 00011 -> 00115 -> 00012 -> GS-Singapore
2026-07-16 06:47:11.598719+00:00,True,False,5.0,13767.66688947081,45.92399348975887,46.52999348975888,3.0,5.0,2.099988000003883e-05,3.4810558797588733,GS-Beijing -> 00123 -> 00011 -> 00115 -> 00012 -> GS-Singapore
2026-07-16 06:47:12.598719+00:00,True,False,5.0,13761.67981608247,45.90402276258221,46.510022762582196,3.0,5.0,2.099988000003883e-05,3.485917870692404,GS-Beijing -> 00123 -> 00011 -> 00115 -> 00012 -> GS-Singapore
2026-07-16 06:47:13.598719+00:00,True,False,5.0,13755.749749988057,45.88424219126973,46.49024219126973,3.0,5.0,2.099988000003883e-05,3.490789831001937,GS-Beijing -> 00123 -> 00011 -> 00115 -> 00012 -> GS-Singapore
2026-07-16 06:47:14.598719+00:00,True,False,5.0,13749.87666888375,45.86465170142389,46.47065170142389,3.0,5.0,2.099988000003883e-05,3.4956717746543173,GS-Beijing -> 00123 -> 00011 -> 00115 -> 00012 -> GS-Singapore
2026-07-16 06:47:15.598719+00:00,True,False,5.0,13744.060550156606,45.845251217616045,46.45125121761605,3.0,5.0,2.099988000003883e-05,3.5005637156531435,GS-Beijing -> 00123 -> 00011 -> 00115 -> 00012 -> GS-Singapore
2026-07-16 06:47:16.598719+00:00,True,False,5.0,13738.301370921663,45.82604066351017,46.432040663510165,3.0,5.0,2.099988000003883e-05,3.5054656680365532,GS-Beijing -> 00123 -> 00011 -> 00115 -> 00012 -> GS-Singapore
2026-07-16 06:47:17.598719+00:00,True,False,5.0,13732.599108111554,45.8070199621618,46.4130199621618,3.0,5.0,2.099988000003883e-05,3.5103776458717455,GS-Beijing -> 00123 -> 00011 -> 00115 -> 00012 -> GS-Singapore
2026-07-16 06:47:18.598719+00:00,True,False,5.0,13726.953738520202,45.78818903616382,46.39418903616381,3.0,5.0,2.099988000003883e-05,3.5152996632678715,GS-Beijing -> 00123 -> 00011 -> 00115 -> 00012 -> GS-Singapore
2026-07-16 06:47:19.598719+00:00,True,False,5.0,13721.36523887988,45.769547807903436,46.37554780790343,3.0,5.0,2.099988000003883e-05,3.5202317343613423,GS-Beijing -> 00123 -> 00011 -> 00115 -> 00012 -> GS-Singapore
2026-07-16 06:47:20.598719+00:00,True,False,5.0,13715.833585900025,45.75109619969168,46.35709619969168,3.0,5.0,2.099988000003883e-05,3.525173873327539,GS-Beijing -> 00123 -> 00011 -> 00115 -> 00012 -> GS-Singapore
2026-07-16 06:47:21.598719+00:00,True,False,5.0,13710.358756368441,45.73283413410101,46.338834134101006,3.0,5.0,2.099988000003883e-05,3.5301260943740385,GS-Beijing -> 00123 -> 00011 -> 00115 -> 00012 -> GS-Singapore
2026-07-16 06:47:22.598719+00:00,True,False,5.0,13704.94072717741,45.71476153405237,46.320761534052366,3.0,5.0,2.099988000003883e-05,3.535088411743045,GS-Beijing -> 00123 -> 00011 -> 00115 -> 00012 -> GS-Singapore
2026-07-16 06:47:23.598719+00:00,True,False,5.0,13699.579475398554,45.69687832306493,46.30287832306493,3.0,5.0,2.099988000003883e-05,3.540060839715114,GS-Beijing -> 00123 -> 00011 -> 00115 -> 00012 -> GS-Singapore
2026-07-16 06:47:24.598719+00:00,True,False,5.0,13694.274978359053,45.679184425510314,46.28518442551031,3.0,5.0,2.099988000003883e-05,3.5450433926000944,GS-Beijing -> 00123 -> 00011 -> 00115 -> 00012 -> GS-Singapore
2026-07-16 06:47:25.598719+00:00,True,False,5.0,13689.027213686286,45.661679766761466,46.26767976676146,3.0,5.0,2.099988000003883e-05,3.5500360847473225,GS-Beijing -> 00123 -> 00011 -> 00115 -> 00012 -> GS-Singapore
2026-07-16 06:47:26.598719+00:00,True,False,5.0,13683.836159390372,45.64436427346806,46.25036427346805,3.0,5.0,2.099988000003883e-05,3.5550389305382417,GS-Beijing -> 00123 -> 00011 -> 00115 -> 00012 -> GS-Singapore
2026-07-16 06:47:27.598719+00:00,True,False,5.0,13678.701793908142,45.62723787370309,46.23323787370308,3.0,5.0,2.099988000003883e-05,3.5600519443930576,GS-Beijing -> 00123 -> 00011 -> 00115 -> 00012 -> GS-Singapore
2026-07-16 06:47:28.598719+00:00,True,False,5.0,13673.624096184103,45.610300497233006,46.21630049723301,3.0,5.0,2.099988000003883e-05,3.565075140764046,GS-Beijing -> 00123 -> 00011 -> 00115 -> 00012 -> GS-Singapore
2026-07-16 06:47:29.598719+00:00,True,False,5.0,13668.603045719043,45.593552075679774,46.19955207567979,3.0,5.0,2.099988000003883e-05,3.5701085341418874,GS-Beijing -> 00123 -> 00011 -> 00115 -> 00012 -> GS-Singapore
2026-07-16 06:47:30.598719+00:00,True,False,5.0,13663.63862265758,45.576992542813,46.18299254281301,3.0,5.0,2.099988000003883e-05,3.575152139050518,GS-Beijing -> 00123 -> 00011 -> 00115 -> 00012 -> GS-Singapore
2026-07-16 06:47:31.598719+00:00,True,False,5.0,13658.730807817825,45.56062183464878,46.16662183464877,3.0,5.0,2.099988000003883e-05,3.5802059700514732,GS-Beijing -> 00123 -> 00011 -> 00115 -> 00012 -> GS-Singapore
2026-07-16 06:47:32.598719+00:00,True,False,5.0,13653.879582794769,45.54443988979459,46.15043988979458,3.0,5.0,2.099988000003883e-05,3.585270041740557,GS-Beijing -> 00123 -> 00011 -> 00115 -> 00012 -> GS-Singapore
2026-07-16 06:47:33.598719+00:00,True,False,5.0,13649.084929986624,45.52844664953721,46.1344466495372,3.0,5.0,2.099988000003883e-05,3.590344368751671,GS-Beijing -> 00123 -> 00011 -> 00115 -> 00012 -> GS-Singapore
2026-07-16 06:47:34.598719+00:00,True,False,5.0,13644.346832685054,45.51264205814362,46.11864205814362,3.0,5.0,2.099988000003883e-05,3.5954289657548824,GS-Beijing -> 00123 -> 00011 -> 00115 -> 00012 -> GS-Singapore
2026-07-16 06:47:35.598719+00:00,True,True,4.0,12685.330062789675,42.313706446843554,42.726906446843564,2.0,1.0,0.001000999000000058,0.43953806222849856,GS-Beijing -> 00123 -> 00128 -> 00012 -> GS-Singapore
2026-07-16 06:47:36.598719+00:00,True,False,4.0,12673.714569633017,42.274961332192746,42.68816133219275,2.0,1.0,0.001000999000000058,0.45078469998476045,GS-Beijing -> 00123 -> 00128 -> 00012 -> GS-Singapore
2026-07-16 06:47:37.598719+00:00,True,False,4.0,12662.130582097521,42.236321308982106,42.6495213089821,2.0,1.0,0.001000999000000058,0.4620369415197896,GS-Beijing -> 00123 -> 00128 -> 00012 -> GS-Singapore
2026-07-16 06:47:38.598719+00:00,True,False,4.0,12650.578314711338,42.19778709280051,42.61098709280051,2.0,1.0,0.001000999000000058,0.47329470596573486,GS-Beijing -> 00123 -> 00128 -> 00012 -> GS-Singapore
2026-07-16 06:47:39.598719+00:00,True,False,4.0,12639.057984287647,42.15935940685889,42.572559406858886,2.0,1.0,0.001000999000000058,0.48455791170853324,GS-Beijing -> 00123 -> 00128 -> 00012 -> GS-Singapore
2026-07-16 06:47:40.598719+00:00,True,False,4.0,12627.569809943307,42.121038982052404,42.53423898205241,2.0,1.0,0.001000999000000058,0.49582647638662536,GS-Beijing -> 00123 -> 00128 -> 00012 -> GS-Singapore
2026-07-16 06:47:41.598719+00:00,True,False,4.0,12616.114013136767,42.08282655708693,42.49602655708693,2.0,1.0,0.001000999000000058,0.5071003168752188,GS-Beijing -> 00123 -> 00128 -> 00012 -> GS-Singapore
2026-07-16 06:47:42.598719+00:00,True,False,4.0,12604.690817689057,42.04472287854906,42.45792287854906,2.0,1.0,0.001000999000000058,0.5183793492888054,GS-Beijing -> 00123 -> 00128 -> 00012 -> GS-Singapore
2026-07-16 06:47:43.598719+00:00,True,False,4.0,12593.300449808929,42.00672870098997,42.41992870098996,2.0,1.0,0.001000999000000058,0.5296634889775174,GS-Beijing -> 00123 -> 00128 -> 00012 -> GS-Singapore
2026-07-16 06:47:44.598719+00:00,True,False,4.0,12581.943138129733,41.968844787048425,42.38204478704842,2.0,1.0,0.001000999000000058,0.5409526505111373,GS-Beijing -> 00123 -> 00128 -> 00012 -> GS-Singapore
2026-07-16 06:47:45.598719+00:00,True,False,4.0,12570.619113717645,41.93107190747823,42.34427190747822,2.0,1.0,0.001000999000000058,0.5522467476926902,GS-Beijing -> 00123 -> 00128 -> 00012 -> GS-Singapore
2026-07-16 06:47:46.598719+00:00,True,False,4.0,12559.328610114932,41.89341084129252,42.30661084129252,2.0,1.0,0.001000999000000058,0.5635456935368452,GS-Beijing -> 00123 -> 00128 -> 00012 -> GS-Singapore
2026-07-16 06:47:47.598719+00:00,True,False,4.0,12548.071863360536,41.85586237583247,42.269062375832476,2.0,1.0,0.001000999000000058,0.5748494002760491,GS-Beijing -> 00123 -> 00128 -> 00012 -> GS-Singapore
2026-07-16 06:47:48.598719+00:00,True,False,4.0,12536.849112024149,41.81842730688091,42.23162730688092,2.0,1.0,0.001000999000000058,0.5861577793437682,GS-Beijing -> 00123 -> 00128 -> 00012 -> GS-Singapore
2026-07-16 06:47:49.598719+00:00,True,False,4.0,12525.660597217899,41.78110643870133,42.19430643870133,2.0,1.0,0.001000999000000058,0.5974707413841447,GS-Beijing -> 00123 -> 00128 -> 00012 -> GS-Singapore
2026-07-16 06:47:50.598719+00:00,True,False,4.0,12514.506562638197,41.74390058417747,42.157100584177456,2.0,1.0,0.001000999000000058,0.6087881962363237,GS-Beijing -> 00123 -> 00128 -> 00012 -> GS-Singapore
2026-07-16 06:47:51.598719+00:00,True,False,4.0,12503.38725458844,41.706810564889004,42.120010564889,2.0,1.0,0.001000999000000058,0.6201100529320094,GS-Beijing -> 00123 -> 00128 -> 00012 -> GS-Singapore
2026-07-16 06:47:52.598719+00:00,True,False,4.0,12492.302922004363,41.66983721119617,42.08303721119616,2.0,1.0,0.001000999000000058,0.6314362196877035,GS-Beijing -> 00123 -> 00128 -> 00012 -> GS-Singapore
2026-07-16 06:47:53.598719+00:00,True,False,4.0,12481.253816479912,41.63298136232604,42.04618136232604,2.0,1.0,0.001000999000000058,0.6427666039097168,GS-Beijing -> 00123 -> 00128 -> 00012 -> GS-Singapore
2026-07-16 06:47:54.598719+00:00,True,False,4.0,12470.240192293133,41.59624386645889,42.00944386645889,2.0,1.0,0.001000999000000058,0.65410111218217,GS-Beijing -> 00123 -> 00128 -> 00012 -> GS-Singapore
2026-07-16 06:47:55.598719+00:00,True,False,4.0,12459.262306442533,41.55962558084945,41.972825580849445,2.0,1.0,0.001000999000000058,0.6654396502575839,GS-Beijing -> 00123 -> 00128 -> 00012 -> GS-Singapore
2026-07-16 06:47:56.598719+00:00,True,False,4.0,12448.32041866591,41.52312737188976,41.93632737188976,2.0,1.0,0.001000999000000058,0.6767821230547941,GS-Beijing -> 00123 -> 00128 -> 00012 -> GS-Singapore
2026-07-16 06:47:57.598719+00:00,True,False,4.0,12437.414791457391,41.486750115165975,41.89995011516598,2.0,1.0,0.001000999000000058,0.68812843466727,GS-Beijing -> 00123 -> 00128 -> 00012 -> GS-Singapore
2026-07-16 06:47:58.598719+00:00,True,False,4.0,12426.545690117691,41.45049469562604,41.863694695626045,2.0,1.0,0.001000999000000058,0.6994784883334155,GS-Beijing -> 00123 -> 00128 -> 00012 -> GS-Singapore
2026-07-16 06:47:59.598719+00:00,True,False,4.0,12415.713382751195,41.414362007569906,41.8275620075699,2.0,1.0,0.001000999000000058,0.7108321864546525,GS-Beijing -> 00123 -> 00128 -> 00012 -> GS-Singapore
2026-07-16 06:48:00.598719+00:00,True,False,4.0,12404.91814032081,41.378352954832536,41.79155295483254,2.0,1.0,0.001000999000000058,0.7221894305707561,GS-Beijing -> 00123 -> 00128 -> 00012 -> GS-Singapore
2026-07-16 06:48:01.598719+00:00,True,False,4.0,12394.1602366509,41.34246845079372,41.75566845079371,2.0,1.0,0.001000999000000058,0.7335501213715343,GS-Beijing -> 00123 -> 00128 -> 00012 -> GS-Singapore
2026-07-16 06:48:02.598719+00:00,True,False,4.0,12383.43994846261,41.306709418495814,41.71990941849581,2.0,1.0,0.001000999000000058,0.7449141586827022,GS-Beijing -> 00123 -> 00128 -> 00012 -> GS-Singapore
2026-07-16 06:48:03.598719+00:00,True,False,4.0,12372.757555396009,41.27107679071769,41.68427679071769,2.0,1.0,0.001000999000000058,0.7562814414624981,GS-Beijing -> 00123 -> 00128 -> 00012 -> GS-Singapore
2026-07-16 06:48:04.598719+00:00,True,False,4.0,12362.113340033586,41.23557151005309,41.64877151005309,2.0,1.0,0.001000999000000058,0.7676518677985662,GS-Beijing -> 00123 -> 00128 -> 00012 -> GS-Singapore
2026-07-16 06:48:05.598719+00:00,True,False,4.0,12351.507587929736,41.200194529008925,41.613394529008914,2.0,1.0,0.001000999000000058,0.7790253348970566,GS-Beijing -> 00123 -> 00128 -> 00012 -> GS-Singapore
2026-07-16 06:48:06.598719+00:00,True,False,4.0,12340.94058762579,41.164946810055476,41.57814681005548,2.0,1.0,0.001000999000000058,0.7904017390880256,GS-Beijing -> 00123 -> 00128 -> 00012 -> GS-Singapore
2026-07-16 06:48:07.598719+00:00,True,False,4.0,12330.412630683602,41.12982932573841,41.543029325738416,2.0,1.0,0.001000999000000058,0.8017809758057197,GS-Beijing -> 00123 -> 00128 -> 00012 -> GS-Singapore
2026-07-16 06:48:08.598719+00:00,True,False,4.0,12319.924011693627,41.09484305870573,41.50804305870572,2.0,1.0,0.001000999000000058,0.813162939599172,GS-Beijing -> 00123 -> 00128 -> 00012 -> GS-Singapore
2026-07-16 06:48:09.598719+00:00,True,False,4.0,12309.475028312942,41.05998900183454,41.47318900183454,2.0,1.0,0.001000999000000058,0.8245475241171434,GS-Beijing -> 00123 -> 00128 -> 00012 -> GS-Singapore
2026-07-16 06:48:10.598719+00:00,True,False,4.0,12299.06598127152,41.02526815825207,41.43846815825207,2.0,1.0,0.001000999000000058,0.8359346221074375,GS-Beijing -> 00123 -> 00128 -> 00012 -> GS-Singapore
2026-07-16 06:48:11.598719+00:00,True,False,4.0,12288.69717440689,40.990681541451224,41.40388154145122,2.0,1.0,0.001000999000000058,0.8473241254066135,GS-Beijing -> 00123 -> 00128 -> 00012 -> GS-Singapore
2026-07-16 06:48:12.598719+00:00,True,False,4.0,12278.36891467212,40.95623017531722,41.369430175317234,2.0,1.0,0.001000999000000058,0.858715924942647,GS-Beijing -> 00123 -> 00128 -> 00012 -> GS-Singapore
2026-07-16 06:48:13.598719+00:00,True,True,4.0,9336.646319209303,31.143699816522084,31.54849981652208,2.0,5.0,1.9999899999900705e-05,3.8018994034121505,GS-Beijing -> 00123 -> 00011 -> 00115 -> GS-Singapore
2026-07-16 06:48:14.598719+00:00,True,False,4.0,9333.922737144943,31.13461492465212,31.53941492465212,2.0,5.0,1.9999899999900705e-05,3.807407261785963,GS-Beijing -> 00123 -> 00011 -> 00115 -> GS-Singapore
2026-07-16 06:48:15.598719+00:00,True,False,4.0,9331.262306377652,31.12574068283483,31.530540682834825,2.0,5.0,1.9999899999900705e-05,3.812926024501408,GS-Beijing -> 00123 -> 00011 -> 00115 -> GS-Singapore
2026-07-16 06:48:16.598719+00:00,True,False,4.0,9328.664632793112,31.11707577644636,31.521875776446354,2.0,5.0,1.9999899999900705e-05,3.8184557078750334,GS-Beijing -> 00123 -> 00011 -> 00115 -> GS-Singapore
2026-07-16 06:48:17.598719+00:00,True,False,4.0,9326.12932924655,31.108618914110746,31.513418914110744,2.0,5.0,1.9999899999900705e-05,3.8239963282674196,GS-Beijing -> 00123 -> 00011 -> 00115 -> GS-Singapore
2026-07-16 06:48:18.598719+00:00,True,False,4.0,9323.656015869792,31.100368828724143,31.505168828724145,2.0,5.0,1.9999899999900705e-05,3.8295479020823837,GS-Beijing -> 00123 -> 00011 -> 00115 -> GS-Singapore
2026-07-16 06:48:19.598719+00:00,True,False,4.0,9321.244320355137,31.092324278401755,31.49712427840176,2.0,5.0,1.9999899999900705e-05,3.8351104457656326,GS-Beijing -> 00123 -> 00011 -> 00115 -> GS-Singapore
2026-07-16 06:48:20.598719+00:00,True,False,4.0,9318.893878217374,31.084484047351765,31.48928404735176,2.0,5.0,1.9999899999900705e-05,3.8406839758081492,GS-Beijing -> 00123 -> 00011 -> 00115 -> GS-Singapore
2026-07-16 06:48:21.598719+00:00,True,False,4.0,9316.604333050933,31.076846946733173,31.481646946733175,2.0,5.0,1.9999899999900705e-05,3.8462685087391613,GS-Beijing -> 00123 -> 00011 -> 00115 -> GS-Singapore
2026-07-16 06:48:22.598719+00:00,True,False,4.0,9314.37533674899,31.069411815386598,31.474211815386592,2.0,5.0,1.9999899999900705e-05,3.851864061137004,GS-Beijing -> 00123 -> 00011 -> 00115 -> GS-Singapore
2026-07-16 06:48:23.598719+00:00,True,False,4.0,9312.206549744562,31.0621775206385,31.4669775206385,2.0,5.0,1.9999899999900705e-05,3.857470649617868,GS-Beijing -> 00123 -> 00011 -> 00115 -> GS-Singapore
2026-07-16 06:48:24.598719+00:00,True,False,4.0,9310.097641166994,31.055142958823186,31.45994295882318,2.0,5.0,1.9999899999900705e-05,3.8630882908459565,GS-Beijing -> 00123 -> 00011 -> 00115 -> GS-Singapore
2026-07-16 06:48:25.598719+00:00,True,False,4.0,9308.048289067561,31.048307056035284,31.45310705603528,2.0,5.0,1.9999899999900705e-05,3.868717001527374,GS-Beijing -> 00123 -> 00011 -> 00115 -> GS-Singapore
2026-07-16 06:48:26.598719+00:00,True,False,4.0,9306.058180565426,31.041668768616674,31.446468768616672,2.0,5.0,1.9999899999900705e-05,3.8743567984106626,GS-Beijing -> 00123 -> 00011 -> 00115 -> GS-Singapore
2026-07-16 06:48:27.598719+00:00,True,False,4.0,9304.127011990617,31.035227083633362,31.44002708363336,2.0,5.0,1.9999899999900705e-05,3.8800076982920295,GS-Beijing -> 00123 -> 00011 -> 00115 -> GS-Singapore
2026-07-16 06:48:28.598719+00:00,True,False,4.0,9302.254489045392,31.028981019413745,31.433781019413736,2.0,5.0,1.9999899999900705e-05,3.8856697180081596,GS-Beijing -> 00123 -> 00011 -> 00115 -> GS-Singapore
2026-07-16 06:48:29.598719+00:00,True,False,4.0,9300.440326903006,31.02292962587807,31.42772962587807,2.0,5.0,1.9999899999900705e-05,3.8913428744431364,GS-Beijing -> 00123 -> 00011 -> 00115 -> GS-Singapore
2026-07-16 06:48:30.598719+00:00,True,False,4.0,9298.684250335196,31.017071984963668,31.421871984963666,2.0,5.0,1.9999899999900705e-05,3.897027184523795,GS-Beijing -> 00123 -> 00011 -> 00115 -> GS-Singapore
2026-07-16 06:48:31.598719+00:00,True,False,4.0,9296.985993785156,31.011407210868384,31.416207210868382,2.0,5.0,1.9999899999900705e-05,3.9027226652230134,GS-Beijing -> 00123 -> 00011 -> 00115 -> GS-Singapore
2026-07-16 06:48:32.598719+00:00,True,False,4.0,9295.345301466792,31.005934450381645,31.410734450381643,2.0,5.0,1.9999899999900705e-05,3.9084293335579012,GS-Beijing -> 00123 -> 00011 -> 00115 -> GS-Singapore
2026-07-16 06:48:33.598719+00:00,True,False,4.0,9293.761927434656,31.00065288311775,31.405452883117743,2.0,5.0,1.9999899999900705e-05,3.9141472065878578,GS-Beijing -> 00123 -> 00011 -> 00115 -> GS-Singapore
2026-07-16 06:48:34.598719+00:00,True,False,4.0,9292.235635617797,30.995561721628757,31.40036172162876,2.0,5.0,1.9999899999900705e-05,3.919876301424207,GS-Beijing -> 00123 -> 00011 -> 00115 -> GS-Singapore
2026-07-16 06:48:35.598719+00:00,True,False,4.0,9290.766199879383,30.9906602116034,31.395460211603393,2.0,5.0,1.9999899999900705e-05,3.9256166352166613,GS-Beijing -> 00123 -> 00011 -> 00115 -> GS-Singapore
2026-07-16 06:48:36.598719+00:00,True,False,4.0,9289.353404047846,30.985947631970937,31.39074763197093,2.0,5.0,1.9999899999900705e-05,3.9313682251669704,GS-Beijing -> 00123 -> 00011 -> 00115 -> GS-Singapore
2026-07-16 06:48:37.598719+00:00,True,False,4.0,9287.99704194113,30.981423294982058,31.386223294982056,2.0,5.0,1.9999899999900705e-05,3.937131088515555,GS-Beijing -> 00123 -> 00011 -> 00115 -> GS-Singapore
2026-07-16 06:48:38.598719+00:00,True,False,4.0,9286.69691735357,30.97708654616512,31.381886546165113,2.0,5.0,1.9999899999900705e-05,3.9429052425553657,GS-Beijing -> 00123 -> 00011 -> 00115 -> GS-Singapore
2026-07-16 06:48:39.598719+00:00,True,False,4.0,9285.452844077108,30.972936764396884,31.377736764396886,2.0,5.0,1.9999899999900705e-05,3.9486907046205335,GS-Beijing -> 00123 -> 00011 -> 00115 -> GS-Singapore
2026-07-16 06:48:40.598719+00:00,True,False,4.0,9284.264645886264,30.968973361852434,31.37377336185243,2.0,5.0,1.9999899999900705e-05,3.954487492094435,GS-Beijing -> 00123 -> 00011 -> 00115 -> GS-Singapore
2026-07-16 06:48:41.598719+00:00,True,False,4.0,9283.132156494428,30.965195783859343,31.369995783859338,2.0,5.0,1.9999899999900705e-05,3.960295622407207,GS-Beijing -> 00123 -> 00011 -> 00115 -> GS-Singapore
2026-07-16 06:48:42.598719+00:00,True,False,4.0,9282.0552195549,30.961603508901153,31.36640350890115,2.0,5.0,1.9999899999900705e-05,3.9661151130330943,GS-Beijing -> 00123 -> 00011 -> 00115 -> GS-Singapore
2026-07-16 06:48:43.598719+00:00,True,False,4.0,9281.03368859456,30.958196048396122,31.362996048396127,2.0,5.0,1.9999899999900705e-05,3.9719459814935227,GS-Beijing -> 00123 -> 00011 -> 00115 -> GS-Singapore
2026-07-16 06:48:44.598719+00:00,True,False,4.0,9280.067426960499,30.954972946519216,31.359772946519218,2.0,5.0,1.9999899999900705e-05,3.977788245359685,GS-Beijing -> 00123 -> 00011 -> 00115 -> GS-Singapore
2026-07-16 06:48:45.598719+00:00,True,False,4.0,9279.156307775163,30.951933780052478,31.356733780052473,2.0,5.0,1.9999899999900705e-05,3.9836419222478323,GS-Beijing -> 00123 -> 00011 -> 00115 -> GS-Singapore
2026-07-16 06:48:46.598719+00:00,True,False,4.0,9278.30021386477,30.949078158146225,31.353878158146223,2.0,5.0,1.9999899999900705e-05,3.989507029821093,GS-Beijing -> 00123 -> 00011 -> 00115 -> GS-Singapore
2026-07-16 06:48:47.598719+00:00,True,False,4.0,9277.499037666987,30.94640572201115,31.35120572201115,2.0,5.0,1.9999899999900705e-05,3.9953835857907087,GS-Beijing -> 00123 -> 00011 -> 00115 -> GS-Singapore
2026-07-16 06:48:48.598719+00:00,True,False,4.0,9276.752681162428,30.943916144689766,31.34871614468977,2.0,5.0,1.9999899999900705e-05,4.001271607916081,GS-Beijing -> 00123 -> 00011 -> 00115 -> GS-Singapore
2026-07-16 06:48:49.598719+00:00,True,False,4.0,9276.061055765736,30.94160913069313,31.346409130693125,2.0,5.0,1.9999899999900705e-05,4.007171114003903,GS-Beijing -> 00123 -> 00011 -> 00115 -> GS-Singapore
2026-07-16 06:48:50.598719+00:00,True,False,4.0,9275.424082234735,30.93948441569779,31.344284415697796,2.0,5.0,1.9999899999900705e-05,4.013082121909603,GS-Beijing -> 00123 -> 00011 -> 00115 -> GS-Singapore
2026-07-16 06:48:51.598719+00:00,True,False,4.0,9274.841690565516,30.937541766195853,31.342341766195847,2.0,5.0,1.9999899999900705e-05,4.019004649535839,GS-Beijing -> 00123 -> 00011 -> 00115 -> GS-Singapore
2026-07-16 06:48:52.598719+00:00,True,False,4.0,9274.313819846251,30.935780979007323,31.34058097900732,2.0,5.0,1.9999899999900705e-05,4.0249387148353275,GS-Beijing -> 00123 -> 00011 -> 00115 -> GS-Singapore
2026-07-16 06:48:53.598719+00:00,True,False,4.0,9273.840418176233,30.934201881010072,31.339001881010077,2.0,5.0,1.9999899999900705e-05,4.03088433580648,GS-Beijing -> 00123 -> 00011 -> 00115 -> GS-Singapore
2026-07-16 06:48:54.598719+00:00,True,False,4.0,9273.421442493629,30.932804328565293,31.33760432856529,2.0,5.0,1.9999899999900705e-05,4.036841530498734,GS-Beijing -> 00123 -> 00011 -> 00115 -> GS-Singapore
2026-07-16 06:48:55.598719+00:00,True,False,4.0,9273.056858461234,30.931588207136397,31.336388207136395,2.0,5.0,1.9999899999900705e-05,4.042810317011202,GS-Beijing -> 00123 -> 00011 -> 00115 -> GS-Singapore
2026-07-16 06:48:56.598719+00:00,True,False,4.0,9272.746640315594,30.930553430785757,31.33535343078576,2.0,5.0,1.9999899999900705e-05,4.048790713490623,GS-Beijing -> 00123 -> 00011 -> 00115 -> GS-Singapore
2026-07-16 06:48:57.598719+00:00,True,False,4.0,9272.49077070974,30.929699941650103,31.3344999416501,2.0,5.0,1.9999899999900705e-05,4.054782738133548,GS-Beijing -> 00123 -> 00011 -> 00115 -> GS-Singapore
2026-07-16 06:48:58.598719+00:00,True,False,4.0,9272.289240567698,30.929027709455244,31.333827709455246,2.0,5.0,1.9999899999900705e-05,4.060786409183283,GS-Beijing -> 00123 -> 00011 -> 00115 -> GS-Singapore
2026-07-16 06:48:59.598719+00:00,True,False,4.0,9272.142048892856,30.928536730876854,31.33333673087685,2.0,5.0,1.9999899999900705e-05,4.066801744939935,GS-Beijing -> 00123 -> 00011 -> 00115 -> GS-Singapore
2026-07-16 06:49:00.598719+00:00,True,False,4.0,9272.049202633694,30.928227029092554,31.33302702909256,2.0,5.0,1.9999899999900705e-05,4.072828763745733,GS-Beijing -> 00123 -> 00011 -> 00115 -> GS-Singapore
2026-07-16 06:49:01.598719+00:00,True,False,4.0,9272.01071646744,30.92809865306031,31.332898653060315,2.0,5.0,1.9999899999900705e-05,4.078867483997962,GS-Beijing -> 00123 -> 00011 -> 00115 -> GS-Singapore
2026-07-16 06:49:02.598719+00:00,True,False,4.0,9272.026612645928,30.92815167700426,31.332951677004253,2.0,5.0,1.9999899999900705e-05,4.084917924142193,GS-Beijing -> 00123 -> 00011 -> 00115 -> GS-Singapore
2026-07-16 06:49:03.598719+00:00,True,False,4.0,9272.096920795164,30.928386199746107,31.33318619974611,2.0,5.0,1.9999899999900705e-05,4.090980102674052,GS-Beijing -> 00123 -> 00011 -> 00115 -> GS-Singapore
2026-07-16 06:49:04.598719+00:00,True,False,4.0,9272.221677713804,30.928802344032963,31.333602344032965,2.0,5.0,1.9999899999900705e-05,4.097054038142657,GS-Beijing -> 00123 -> 00011 -> 00115 -> GS-Singapore
2026-07-16 06:49:05.598719+00:00,True,False,4.0,9272.4009271867,30.92940025591538,31.334200255915373,2.0,5.0,1.9999899999900705e-05,4.103139749143118,GS-Beijing -> 00123 -> 00011 -> 00115 -> GS-Singapore
2026-07-16 06:49:06.598719+00:00,True,False,4.0,9272.634719757521,30.93018010398888,31.334980103988876,2.0,5.0,1.9999899999900705e-05,4.1092372543273115,GS-Beijing -> 00123 -> 00011 -> 00115 -> GS-Singapore
2026-07-16 06:49:07.598719+00:00,True,False,4.0,9272.923112533397,30.931142078742347,31.33594207874234,2.0,5.0,1.9999899999900705e-05,4.1153465723937295,GS-Beijing -> 00123 -> 00011 -> 00115 -> GS-Singapore
2026-07-16 06:49:08.598719+00:00,True,False,4.0,9273.266168966957,30.932286391830967,31.33708639183097,2.0,5.0,1.9999899999900705e-05,4.121467722093776,GS-Beijing -> 00123 -> 00011 -> 00115 -> GS-Singapore
2026-07-16 06:49:09.598719+00:00,True,False,4.0,9273.663958613632,30.93361327526669,31.33841327526669,2.0,5.0,1.9999899999900705e-05,4.127600722232717,GS-Beijing -> 00123 -> 00011 -> 00115 -> GS-Singapore
2026-07-16 06:49:10.598719+00:00,True,False,4.0,9274.116556927638,30.93512298073769,31.339922980737686,2.0,5.0,1.9999899999900705e-05,4.133745591664761,GS-Beijing -> 00123 -> 00011 -> 00115 -> GS-Singapore
2026-07-16 06:49:11.598719+00:00,True,False,4.0,9274.62404501556,30.936815778786407,31.3416157787864,2.0,5.0,1.9999899999900705e-05,4.139902349296019,GS-Beijing -> 00123 -> 00011 -> 00115 -> GS-Singapore
2026-07-16 06:49:12.598719+00:00,True,False,4.0,9275.186509397576,30.938691958013088,31.34349195801309,2.0,5.0,1.9999899999900705e-05,4.14607101408688,GS-Beijing -> 00123 -> 00011 -> 00115 -> GS-Singapore
2026-07-16 06:49:13.598719+00:00,True,False,4.0,9275.804041765927,30.940751824270134,31.34555182427013,2.0,5.0,1.9999899999900705e-05,4.152251605049475,GS-Beijing -> 00123 -> 00011 -> 00115 -> GS-Singapore
2026-07-16 06:49:14.598719+00:00,True,False,4.0,9276.4767387347,30.942995699827446,31.347795699827444,2.0,5.0,1.9999899999900705e-05,4.158444141248324,GS-Beijing -> 00123 -> 00011 -> 00115 -> GS-Singapore
2026-07-16 06:49:15.598719+00:00,True,False,4.0,9277.20470159297,30.94542392254901,31.350223922549006,2.0,5.0,1.9999899999900705e-05,4.164648641798946,GS-Beijing -> 00123 -> 00011 -> 00115 -> GS-Singapore
2026-07-16 06:49:16.598719+00:00,True,False,4.0,9277.988036038585,30.948036845004903,31.352836845004905,2.0,5.0,1.9999899999900705e-05,4.170865125875409,GS-Beijing -> 00123 -> 00011 -> 00115 -> GS-Singapore
2026-07-16 06:49:17.598719+00:00,True,False,4.0,9278.826851918257,30.95083483360431,31.355634833604306,2.0,5.0,1.9999899999900705e-05,4.177093612697888,GS-Beijing -> 00123 -> 00011 -> 00115 -> GS-Singapore
2026-07-16 06:49:18.598719+00:00,True,False,4.0,9279.72126297011,30.953818267736775,31.358618267736784,2.0,5.0,1.9999899999900705e-05,4.183334121543952,GS-Beijing -> 00123 -> 00011 -> 00115 -> GS-Singapore
2026-07-16 06:49:19.598719+00:00,True,False,4.0,9280.671386533619,30.956987538804658,31.361787538804663,2.0,5.0,1.9999899999900705e-05,4.18958667174557,GS-Beijing -> 00123 -> 00011 -> 00115 -> GS-Singapore
2026-07-16 06:49:20.598719+00:00,True,False,4.0,9281.677343301873,30.960343049396773,31.365143049396774,2.0,5.0,1.9999899999900705e-05,4.195851282686808,GS-Beijing -> 00123 -> 00011 -> 00115 -> GS-Singapore
2026-07-16 06:49:21.598719+00:00,True,False,4.0,9282.739257019253,30.963885212279937,31.368685212279928,2.0,5.0,1.9999899999900705e-05,4.202127973805355,GS-Beijing -> 00123 -> 00011 -> 00115 -> GS-Singapore
2026-07-16 06:49:22.598719+00:00,True,False,4.0,9283.857254211573,30.967614449498836,31.37241444949884,2.0,5.0,1.9999899999900705e-05,4.208416764595114,GS-Beijing -> 00123 -> 00011 -> 00115 -> GS-Singapore
2026-07-16 06:49:23.598719+00:00,True,False,4.0,9285.031463903268,30.971531191432668,31.376331191432666,2.0,5.0,1.9999899999900705e-05,4.214717674604158,GS-Beijing -> 00123 -> 00011 -> 00115 -> GS-Singapore
2026-07-16 06:49:24.598719+00:00,True,False,4.0,9286.262017311536,30.975635875774888,31.380435875774886,2.0,5.0,1.9999899999900705e-05,4.221030723432017,GS-Beijing -> 00123 -> 00011 -> 00115 -> GS-Singapore
2026-07-16 06:49:25.598719+00:00,True,False,4.0,9287.549047585617,30.979928946663552,31.384728946663557,2.0,5.0,1.9999899999900705e-05,4.227355930738884,GS-Beijing -> 00123 -> 00011 -> 00115 -> GS-Singapore
2026-07-16 06:49:26.598719+00:00,True,False,4.0,9288.892689482696,30.98441085360025,31.389210853600247,2.0,5.0,1.9999899999900705e-05,4.233693316232944,GS-Beijing -> 00123 -> 00011 -> 00115 -> GS-Singapore
2026-07-16 06:49:27.598719+00:00,True,False,4.0,9290.293079080939,30.989082050492875,31.39388205049287,2.0,5.0,1.9999899999900705e-05,4.2400428996849495,GS-Beijing -> 00123 -> 00011 -> 00115 -> GS-Singapore
2026-07-16 06:49:28.598719+00:00,True,False,4.0,9291.750353488347,30.993942994684502,31.398742994684504,2.0,5.0,1.9999899999900705e-05,4.246404700914006,GS-Beijing -> 00123 -> 00011 -> 00115 -> GS-Singapore
2026-07-16 06:49:29.598719+00:00,True,False,4.0,9293.264650530691,30.99899414591241,31.403794145912407,2.0,5.0,1.9999899999900705e-05,4.252778739802961,GS-Beijing -> 00123 -> 00011 -> 00115 -> GS-Singapore
2026-07-16 06:49:30.598719+00:00,True,False,4.0,9294.836108452628,31.004235965311135,31.409035965311134,2.0,5.0,1.9999899999900705e-05,4.259165036284946,GS-Beijing -> 00123 -> 00011 -> 00115 -> GS-Singapore
2026-07-16 06:49:31.598719+00:00,True,False,4.0,9296.464865621007,31.00966891442281,31.414468914422812,2.0,5.0,1.9999899999900705e-05,4.265563610349959,GS-Beijing -> 00123 -> 00011 -> 00115 -> GS-Singapore
2026-07-16 06:49:32.598719+00:00,True,False,4.0,9298.151060197657,31.015293454105695,31.420093454105697,2.0,5.0,1.9999899999900705e-05,4.2719744820447545,GS-Beijing -> 00123 -> 00011 -> 00115 -> GS-Singapore
2026-07-16 06:49:33.598719+00:00,True,False,4.0,9299.894829851784,31.02111004357483,31.42591004357483,2.0,5.0,1.9999899999900705e-05,4.278397671473192,GS-Beijing -> 00123 -> 00011 -> 00115 -> GS-Singapore
2026-07-16 06:49:34.598719+00:00,True,False,4.0,9301.696311442032,31.027119139341497,31.431919139341495,2.0,5.0,1.9999899999900705e-05,4.284833198797372,GS-Beijing -> 00123 -> 00011 -> 00115 -> GS-Singapore
2026-07-16 06:49:35.598719+00:00,True,False,4.0,9303.555640723636,31.033321194236436,31.43812119423643,2.0,5.0,1.9999899999900705e-05,4.291281084232832,GS-Beijing -> 00123 -> 00011 -> 00115 -> GS-Singapore
2026-07-16 06:49:36.598719+00:00,True,False,4.0,9305.47295201495,31.039716656297443,31.444516656297438,2.0,5.0,1.9999899999900705e-05,4.297741348056199,GS-Beijing -> 00123 -> 00011 -> 00115 -> GS-Singapore
2026-07-16 06:49:37.598719+00:00,True,False,4.0,9307.448377915174,31.04630596782783,31.451105967827832,2.0,5.0,1.9999899999900705e-05,4.3042140105992,GS-Beijing -> 00123 -> 00011 -> 00115 -> GS-Singapore
2026-07-16 06:49:38.598719+00:00,True,False,4.0,9309.482048976213,31.053089564301892,31.45788956430189,2.0,5.0,1.9999899999900705e-05,4.310699092252229,GS-Beijing -> 00123 -> 00011 -> 00115 -> GS-Singapore
2026-07-16 06:49:39.598719+00:00,True,False,4.0,9311.574093411997,31.06006787339526,31.46486787339525,2.0,5.0,1.9999899999900705e-05,4.317196613461954,GS-Beijing -> 00123 -> 00011 -> 00115 -> GS-Singapore
2026-07-16 06:49:40.598719+00:00,True,False,4.0,9313.724636786681,31.06724131394487,31.472041313944864,2.0,5.0,1.9999899999900705e-05,4.323706594736123,GS-Beijing -> 00123 -> 00011 -> 00115 -> GS-Singapore
2026-07-16 06:49:41.598719+00:00,True,False,4.0,9315.933801715846,31.074610294952272,31.47941029495227,2.0,5.0,1.9999899999900705e-05,4.330229056638586,GS-Beijing -> 00123 -> 00011 -> 00115 -> GS-Singapore
2026-07-16 06:49:42.598719+00:00,True,False,4.0,9318.201707566035,31.0821752145814,31.486975214581395,2.0,5.0,1.9999899999900705e-05,4.3367640197923265,GS-Beijing -> 00123 -> 00011 -> 00115 -> GS-Singapore
2026-07-16 06:49:43.598719+00:00,True,False,4.0,9320.528470143556,31.08993645912052,31.494736459120514,2.0,5.0,1.9999899999900705e-05,4.3433115048788675,GS-Beijing -> 00123 -> 00011 -> 00115 -> GS-Singapore
2026-07-16 06:49:44.598719+00:00,True,False,4.0,9322.914201419133,31.097894402063755,31.502694402063756,2.0,5.0,1.9999899999900705e-05,4.349871532641654,GS-Beijing -> 00123 -> 00011 -> 00115 -> GS-Singapore
2026-07-16 06:49:45.598719+00:00,True,False,4.0,9325.359009230608,31.106049403119435,31.510849403119433,2.0,5.0,1.9999899999900705e-05,4.356444123877846,GS-Beijing -> 00123 -> 00011 -> 00115 -> GS-Singapore
2026-07-16 06:49:46.598719+00:00,True,False,4.0,9327.862996982269,31.114401807207134,31.519201807207132,2.0,5.0,1.9999899999900705e-05,4.363029299450561,GS-Beijing -> 00123 -> 00011 -> 00115 -> GS-Singapore
2026-07-16 06:49:47.598719+00:00,True,False,4.0,9330.426263371724,31.122951943546642,31.52775194354664,2.0,5.0,1.9999899999900705e-05,4.369627080276905,GS-Beijing -> 00123 -> 00011 -> 00115 -> GS-Singapore
2026-07-16 06:49:48.598719+00:00,True,False,4.0,9333.048902116216,31.13170012474502,31.53650012474501,2.0,5.0,1.9999899999900705e-05,4.376237487337754,GS-Beijing -> 00123 -> 00011 -> 00115 -> GS-Singapore
2026-07-16 06:49:49.598719+00:00,True,False,4.0,9335.731001665172,31.14064664583781,31.545446645837806,2.0,5.0,1.9999899999900705e-05,4.382860541671569,GS-Beijing -> 00123 -> 00011 -> 00115 -> GS-Singapore
2026-07-16 06:49:50.598719+00:00,True,False,4.0,9338.472644941827,31.149791783427144,31.554591783427142,2.0,5.0,1.9999899999900705e-05,4.389496264380092,GS-Beijing -> 00123 -> 00011 -> 00115 -> GS-Singapore
2026-07-16 06:49:51.598719+00:00,True,False,4.0,9341.273909066796,31.15913579475971,31.56393579475971,2.0,5.0,1.9999899999900705e-05,4.396144676625411,GS-Beijing -> 00123 -> 00011 -> 00115 -> GS-Singapore
2026-07-16 06:49:52.598719+00:00,True,False,4.0,9344.134865129461,31.16867891696415,31.57347891696415,2.0,5.0,1.9999899999900705e-05,4.402805799626682,GS-Beijing -> 00123 -> 00011 -> 00115 -> GS-Singapore
2026-07-16 06:49:53.598719+00:00,True,False,4.0,9347.055577901263,31.178421366094753,31.58322136609475,2.0,5.0,1.9999899999900705e-05,4.409479654668942,GS-Beijing -> 00123 -> 00011 -> 00115 -> GS-Singapore
2026-07-16 06:49:54.598719+00:00,True,False,4.0,9350.036105614257,31.188363336392733,31.593163336392728,2.0,5.0,1.9999899999900705e-05,4.416166263095883,GS-Beijing -> 00123 -> 00011 -> 00115 -> GS-Singapore
2026-07-16 06:49:55.598719+00:00,True,False,4.0,9353.076499726556,31.19850499950388,31.603304999503877,2.0,5.0,1.9999899999900705e-05,4.422865646315545,GS-Beijing -> 00123 -> 00011 -> 00115 -> GS-Singapore
2026-07-16 06:49:56.598719+00:00,True,False,4.0,9356.176804688042,31.208846503697043,31.613646503697044,2.0,5.0,1.9999899999900705e-05,4.429577825793395,GS-Beijing -> 00123 -> 00011 -> 00115 -> GS-Singapore
2026-07-16 06:49:57.598719+00:00,True,False,4.0,9359.337057719504,31.21938797312741,31.624187973127402,2.0,5.0,1.9999899999900705e-05,4.436302823060091,GS-Beijing -> 00123 -> 00011 -> 00115 -> GS-Singapore
2026-07-16 06:49:58.598719+00:00,True,False,4.0,9362.557288606004,31.230129507147254,31.634929507147245,2.0,5.0,1.9999899999900705e-05,4.443040659709165,GS-Beijing -> 00123 -> 00011 -> 00115 -> GS-Singapore
2026-07-16 06:49:59.598719+00:00,True,False,4.0,9365.837519486142,31.241071179602997,31.645871179603,2.0,5.0,1.9999899999900705e-05,4.449791357395611,GS-Beijing -> 00123 -> 00011 -> 00115 -> GS-Singapore
2026-07-16 06:50:00.598719+00:00,True,False,4.0,9369.17776467276,31.252213038237144,31.65701303823714,2.0,5.0,1.9999899999900705e-05,4.456554937838071,GS-Beijing -> 00123 -> 00011 -> 00115 -> GS-Singapore
2026-07-16 06:50:01.598719+00:00,True,False,4.0,9372.578030451721,31.263555104017065,31.668355104017056,2.0,5.0,1.9999899999900705e-05,4.463331422816916,GS-Beijing -> 00123 -> 00011 -> 00115 -> GS-Singapore
2026-07-16 06:50:02.598719+00:00,True,False,4.0,9376.038314932523,31.275097370636733,31.67989737063673,2.0,5.0,1.9999899999900705e-05,4.470120834175852,GS-Beijing -> 00123 -> 00011 -> 00115 -> GS-Singapore
2026-07-16 06:50:03.598719+00:00,True,False,4.0,9379.558607847912,31.286839803848277,31.691639803848272,2.0,5.0,1.9999899999900705e-05,4.476923193824602,GS-Beijing -> 00123 -> 00011 -> 00115 -> GS-Singapore
2026-07-16 06:50:04.598719+00:00,True,False,4.0,9383.138890442058,31.298782341088973,31.703582341088975,2.0,5.0,1.9999899999900705e-05,4.483738523733933,GS-Beijing -> 00123 -> 00011 -> 00115 -> GS-Singapore
2026-07-16 06:50:05.598719+00:00,True,False,4.0,9386.779135291099,31.310924890882678,31.715724890882676,2.0,5.0,1.9999899999900705e-05,4.490566845941439,GS-Beijing -> 00123 -> 00011 -> 00115 -> GS-Singapore
2026-07-16 06:50:06.598719+00:00,True,False,4.0,9390.47930619511,31.32326733247943,31.728067332479423,2.0,5.0,1.9999899999900705e-05,4.497408182547234,GS-Beijing -> 00123 -> 00011 -> 00115 -> GS-Singapore
2026-07-16 06:50:07.598719+00:00,True,False,4.0,9394.239358048984,31.335809515424785,31.74060951542478,2.0,5.0,1.9999899999900705e-05,4.5042625557146305,GS-Beijing -> 00123 -> 00011 -> 00115 -> GS-Singapore
2026-07-16 06:50:08.598719+00:00,True,False,4.0,9398.059236731247,31.348551259188945,31.753351259188936,2.0,5.0,1.9999899999900705e-05,4.511129987675153,GS-Beijing -> 00123 -> 00011 -> 00115 -> GS-Singapore
2026-07-16 06:50:09.598719+00:00,True,False,4.0,9401.938878995572,31.36149235280486,31.766292352804857,2.0,5.0,1.9999899999900705e-05,4.518010500724053,GS-Beijing -> 00123 -> 00011 -> 00115 -> GS-Singapore
2026-07-16 06:50:10.598719+00:00,True,False,4.0,9405.878212410942,31.37463255466868,31.779432554668674,2.0,5.0,1.9999899999900705e-05,4.5249041172208315,GS-Beijing -> 00123 -> 00011 -> 00115 -> GS-Singapore
2026-07-16 06:50:11.598719+00:00,True,False,4.0,9409.8771552595,31.387971592198966,31.79277159219896,2.0,5.0,1.9999899999900705e-05,4.531810859592335,GS-Beijing -> 00123 -> 00011 -> 00115 -> GS-Singapore
2026-07-16 06:50:12.598719+00:00,True,False,4.0,9413.935616487295,31.401509161672426,31.806309161672424,2.0,5.0,1.9999899999900705e-05,4.538730750330588,GS-Beijing -> 00123 -> 00011 -> 00115 -> GS-Singapore
2026-07-16 06:50:13.598719+00:00,True,False,4.0,9418.053495643588,31.415244928021465,31.820044928021453,2.0,5.0,1.9999899999900705e-05,4.545663811991549,GS-Beijing -> 00123 -> 00011 -> 00115 -> GS-Singapore
2026-07-16 06:50:14.598719+00:00,True,False,4.0,9422.23068283781,31.429178524690606,31.833978524690604,2.0,5.0,1.9999899999900705e-05,4.552610067204519,GS-Beijing -> 00123 -> 00011 -> 00115 -> GS-Singapore
2026-07-16 06:50:15.598719+00:00,True,False,4.0,9426.46705873522,31.44330955362199,31.848109553621992,2.0,5.0,1.9999899999900705e-05,4.559569538656218,GS-Beijing -> 00123 -> 00011 -> 00115 -> GS-Singapore
2026-07-16 06:50:16.598719+00:00,True,False,4.0,9430.762494512903,31.45763758510864,31.862437585108633,2.0,5.0,1.9999899999900705e-05,4.566542249107618,GS-Beijing -> 00123 -> 00011 -> 00115 -> GS-Singapore
2026-07-16 06:50:17.598719+00:00,True,False,4.0,9435.116851851692,31.472162157767464,31.876962157767462,2.0,5.0,1.9999899999900705e-05,4.573528221381714,GS-Beijing -> 00123 -> 00011 -> 00115 -> GS-Singapore
2026-07-16 06:50:18.598719+00:00,True,False,4.0,9439.529982972197,31.486882778659485,31.891682778659483,2.0,5.0,1.9999899999900705e-05,4.580527478372748,GS-Beijing -> 00123 -> 00011 -> 00115 -> GS-Singapore
2026-07-16 06:50:19.598719+00:00,True,False,4.0,9444.001730626824,31.501798923263184,31.90659892326319,2.0,5.0,1.9999899999900705e-05,4.587540043041793,GS-Beijing -> 00123 -> 00011 -> 00115 -> GS-Singapore
2026-07-16 06:50:20.598719+00:00,True,False,4.0,9448.53192813509,31.51691003559232,31.92171003559232,2.0,5.0,1.9999899999900705e-05,4.594565938416434,GS-Beijing -> 00123 -> 00011 -> 00115 -> GS-Singapore
2026-07-16 06:50:21.598719+00:00,True,False,4.0,9453.120399431904,31.53221552835697,31.937015528356966,2.0,5.0,1.9999899999900705e-05,4.601605187595036,GS-Beijing -> 00123 -> 00011 -> 00115 -> GS-Singapore
2026-07-16 06:50:22.598719+00:00,True,False,4.0,9457.766959112918,31.547714783114785,31.95251478311478,2.0,5.0,1.9999899999900705e-05,4.608657813741411,GS-Beijing -> 00123 -> 00011 -> 00115 -> GS-Singapore
2026-07-16 06:50:23.598719+00:00,True,False,4.0,9462.471412494284,31.56340715047036,31.968207150470356,2.0,5.0,1.9999899999900705e-05,4.615723840090862,GS-Beijing -> 00123 -> 00011 -> 00115 -> GS-Singapore
2026-07-16 06:50:24.598719+00:00,True,False,4.0,9467.23355569337,31.57929195034443,31.98409195034443,2.0,5.0,1.9999899999900705e-05,4.622803289946182,GS-Beijing -> 00123 -> 00011 -> 00115 -> GS-Singapore
2026-07-16 06:50:25.598719+00:00,True,False,4.0,9472.053175703702,31.595368472223882,32.00016847222388,2.0,5.0,1.9999899999900705e-05,4.629896186679719,GS-Beijing -> 00123 -> 00011 -> 00115 -> GS-Singapore
2026-07-16 06:50:26.598719+00:00,True,False,4.0,9476.93005050223,31.61163597551954,32.01643597551954,2.0,5.0,1.9999899999900705e-05,4.637002553736707,GS-Beijing -> 00123 -> 00011 -> 00115 -> GS-Singapore
2026-07-16 06:50:27.598719+00:00,True,False,4.0,9481.863949139926,31.62809368986837,32.032893689868374,2.0,5.0,1.9999899999900705e-05,4.644122414625851,GS-Beijing -> 00123 -> 00011 -> 00115 -> GS-Singapore
2026-07-16 06:50:28.598719+00:00,True,False,4.0,9486.85463185392,31.644740815507507,32.049540815507505,2.0,5.0,1.9999899999900705e-05,4.651255792931288,GS-Beijing -> 00123 -> 00011 -> 00115 -> GS-Singapore
2026-07-16 06:50:29.598719+00:00,True,False,4.0,9491.901850213691,31.661576523761955,32.06637652376195,2.0,5.0,1.9999899999900705e-05,4.658402712306046,GS-Beijing -> 00123 -> 00011 -> 00115 -> GS-Singapore
2026-07-16 06:50:30.598719+00:00,True,False,4.0,9497.005347220911,31.678599957377553,32.08339995737755,2.0,5.0,1.9999899999900705e-05,4.665563196473315,GS-Beijing -> 00123 -> 00011 -> 00115 -> GS-Singapore
2026-07-16 06:50:31.598719+00:00,True,False,4.0,9502.16485746747,31.695810231048135,32.10061023104814,2.0,5.0,1.9999899999900705e-05,4.67273726922976,GS-Beijing -> 00123 -> 00011 -> 00115 -> GS-Singapore
2026-07-16 06:50:32.598719+00:00,True,False,4.0,9507.380107284767,31.713206431913534,32.11800643191353,2.0,5.0,1.9999899999900705e-05,4.679924954439679,GS-Beijing -> 00123 -> 00011 -> 00115 -> GS-Singapore
2026-07-16 06:50:33.598719+00:00,True,False,4.0,9512.650814895282,31.730787620065087,32.13558762006508,2.0,5.0,1.9999899999900705e-05,4.687126276041084,GS-Beijing -> 00123 -> 00011 -> 00115 -> GS-Singapore
2026-07-16 06:50:34.598719+00:00,True,False,4.0,9517.976690575557,31.748552829089373,32.15335282908937,2.0,5.0,1.9999899999900705e-05,4.694341258044069,GS-Beijing -> 00123 -> 00011 -> 00115 -> GS-Singapore
2026-07-16 06:50:35.598719+00:00,True,False,4.0,9523.357436831826,31.766501066654005,32.171301066654,2.0,5.0,1.9999899999900705e-05,4.7015699245296645,GS-Beijing -> 00123 -> 00011 -> 00115 -> GS-Singapore
2026-07-16 06:50:36.598719+00:00,True,False,4.0,9528.79274858163,31.784631315113444,32.18943131511344,2.0,5.0,1.9999899999900705e-05,4.708812299652822,GS-Beijing -> 00123 -> 00011 -> 00115 -> GS-Singapore
2026-07-16 06:50:37.598719+00:00,True,False,4.0,9534.282313319887,31.80294253206292,32.20774253206292,2.0,5.0,1.9999899999900705e-05,4.7160684076415365,GS-Beijing -> 00123 -> 00011 -> 00115 -> GS-Singapore
2026-07-16 06:50:38.598719+00:00,True,False,4.0,9539.825811332907,31.82143365105238,32.226233651052375,2.0,5.0,1.9999899999900705e-05,4.723338272796166,GS-Beijing -> 00123 -> 00011 -> 00115 -> GS-Singapore
2026-07-16 06:50:39.598719+00:00,True,False,4.0,9545.4229158736,31.840103582170833,32.244903582170835,2.0,5.0,1.9999899999900705e-05,4.730621919487531,GS-Beijing -> 00123 -> 00011 -> 00115 -> GS-Singapore
2026-07-16 06:50:40.598719+00:00,True,False,4.0,9551.07329337678,31.8589512127646,32.263751212764596,2.0,5.0,1.9999899999900705e-05,4.737919372166367,GS-Beijing -> 00123 -> 00011 -> 00115 -> GS-Singapore
2026-07-16 06:50:41.598719+00:00,True,False,4.0,9556.776603657872,31.87797540810007,32.282775408100065,2.0,5.0,1.9999899999900705e-05,4.745230655350852,GS-Beijing -> 00123 -> 00011 -> 00115 -> GS-Singapore
2026-07-16 06:50:42.598719+00:00,True,False,4.0,9562.532500121251,31.897175012058682,32.30197501205868,2.0,5.0,1.9999899999900705e-05,4.752555793638049,GS-Beijing -> 00123 -> 00011 -> 00115 -> GS-Singapore
2026-07-16 06:50:43.598719+00:00,True,False,4.0,9568.340629977705,31.9165488478623,32.321348847862296,2.0,5.0,1.9999899999900705e-05,4.759894811695938,GS-Beijing -> 00123 -> 00011 -> 00115 -> GS-Singapore
2026-07-16 06:50:44.598719+00:00,True,False,4.0,9574.200634454008,31.936095718772247,32.340895718772245,2.0,5.0,1.9999899999900705e-05,4.767247734272004,GS-Beijing -> 00123 -> 00011 -> 00115 -> GS-Singapore
2026-07-16 06:50:45.598719+00:00,True,False,4.0,9580.112149021956,31.955814408853325,32.36061440885332,2.0,5.0,1.9999899999900705e-05,4.774614586184438,GS-Beijing -> 00123 -> 00011 -> 00115 -> GS-Singapore
2026-07-16 06:50:46.598719+00:00,True,False,4.0,9586.074803610418,31.975703683681118,32.38050368368112,2.0,5.0,1.9999899999900705e-05,4.7819953923291845,GS-Beijing -> 00123 -> 00011 -> 00115 -> GS-Singapore
2026-07-16 06:50:47.598719+00:00,True,False,4.0,9592.088222843746,31.995762291137243,32.40056229113724,2.0,5.0,1.9999899999900705e-05,4.789390177676246,GS-Beijing -> 00123 -> 00011 -> 00115 -> GS-Singapore
2026-07-16 06:50:48.598719+00:00,True,False,4.0,9598.152026246014,32.01598896209062,32.42078896209061,2.0,5.0,1.9999899999900705e-05,4.796798967273771,GS-Beijing -> 00123 -> 00011 -> 00115 -> GS-Singapore
2026-07-16 06:50:49.598719+00:00,True,False,4.0,9604.26582848656,32.03638241121649,32.441182411216495,2.0,5.0,1.9999899999900705e-05,4.804221786244408,GS-Beijing -> 00123 -> 00011 -> 00115 -> GS-Singapore
2026-07-16 06:50:50.598719+00:00,True,False,4.0,9610.429239610234,32.05694133776452,32.46174133776452,2.0,5.0,1.9999899999900705e-05,4.811658659789131,GS-Beijing -> 00123 -> 00011 -> 00115 -> GS-Singapore
2026-07-16 06:50:51.598719+00:00,True,False,4.0,9616.64186523962,32.077664426233234,32.482464426233236,2.0,5.0,1.9999899999900705e-05,4.819109613186502,GS-Beijing -> 00123 -> 00011 -> 00115 -> GS-Singapore
2026-07-16 06:50:52.598719+00:00,True,False,4.0,9622.903306842401,32.09855034726191,32.50335034726191,2.0,5.0,1.9999899999900705e-05,4.826574671787132,GS-Beijing -> 00123 -> 00011 -> 00115 -> GS-Singapore
2026-07-16 06:50:53.598719+00:00,True,False,4.0,9629.213161932032,32.11959775829995,32.524397758299955,2.0,5.0,1.9999899999900705e-05,4.834053861025083,GS-Beijing -> 00123 -> 00011 -> 00115 -> GS-Singapore
2026-07-16 06:50:54.598719+00:00,True,False,4.0,9635.571024295647,32.14080530436709,32.545605304367086,2.0,5.0,1.9999899999900705e-05,4.841547206410496,GS-Beijing -> 00123 -> 00011 -> 00115 -> GS-Singapore
2026-07-16 06:50:55.598719+00:00,True,False,4.0,9641.976484246195,32.16217161889442,32.566971618894414,2.0,5.0,1.9999899999900705e-05,4.849054733531286,GS-Beijing -> 00123 -> 00011 -> 00115 -> GS-Singapore
2026-07-16 06:50:56.598719+00:00,True,False,4.0,9648.42912881676,32.18369532437258,32.58849532437257,2.0,5.0,1.9999899999900705e-05,4.856576468053682,GS-Beijing -> 00123 -> 00011 -> 00115 -> GS-Singapore
2026-07-16 06:50:57.598719+00:00,True,False,4.0,9654.928542020562,32.20537503321902,32.61017503321902,2.0,5.0,1.9999899999900705e-05,4.864112435724499,GS-Beijing -> 00123 -> 00011 -> 00115 -> GS-Singapore
2026-07-16 06:50:58.598719+00:00,True,False,4.0,9661.474305033717,32.22720934838767,32.63200934838766,2.0,5.0,1.9999899999900705e-05,4.871662662365454,GS-Beijing -> 00123 -> 00011 -> 00115 -> GS-Singapore
2026-07-16 06:50:59.598719+00:00,True,False,4.0,9668.065996448153,32.249196864212486,32.65399686421249,2.0,5.0,1.9999899999900705e-05,4.879227173885022,GS-Beijing -> 00123 -> 00011 -> 00115 -> GS-Singapore
2026-07-16 06:51:00.598719+00:00,True,False,4.0,9674.703192482899,32.27133616711232,32.67613616711231,2.0,5.0,1.9999899999900705e-05,4.886805996264268,GS-Beijing -> 00123 -> 00011 -> 00115 -> GS-Singapore
2026-07-16 06:51:01.598719+00:00,True,False,4.0,9681.385467189999,32.293625836277705,32.69842583627771,2.0,5.0,1.9999899999900705e-05,4.894399155568431,GS-Beijing -> 00123 -> 00011 -> 00115 -> GS-Singapore
2026-07-16 06:51:02.598719+00:00,True,False,4.0,9688.112392673538,32.316064444401526,32.72086444440152,2.0,5.0,1.9999899999900705e-05,4.902006677940673,GS-Beijing -> 00123 -> 00011 -> 00115 -> GS-Singapore
2026-07-16 06:51:03.598719+00:00,True,False,4.0,9694.883539309823,32.3386505584134,32.7434505584134,2.0,5.0,1.9999899999900705e-05,4.909628589607518,GS-Beijing -> 00123 -> 00011 -> 00115 -> GS-Singapore
2026-07-16 06:51:04.598719+00:00,True,False,4.0,9701.698475936064,32.361382740109036,32.76618274010903,2.0,5.0,1.9999899999900705e-05,4.917264916876864,GS-Beijing -> 00123 -> 00011 -> 00115 -> GS-Singapore
2026-07-16 06:51:05.598719+00:00,True,False,4.0,9708.5567700688,32.38425954687893,32.789059546878924,2.0,5.0,1.9999899999900705e-05,4.924915686135028,GS-Beijing -> 00123 -> 00011 -> 00115 -> GS-Singapore
2026-07-16 06:51:06.598719+00:00,True,False,4.0,9715.45798809917,32.40727953235958,32.81207953235958,2.0,5.0,1.9999899999900705e-05,4.932580923852715,GS-Beijing -> 00123 -> 00011 -> 00115 -> GS-Singapore
2026-07-16 06:51:07.598719+00:00,True,False,4.0,9722.401695494927,32.43044124710745,32.83524124710745,2.0,5.0,1.9999899999900705e-05,4.940260656581483,GS-Beijing -> 00123 -> 00011 -> 00115 -> GS-Singapore
2026-07-16 06:51:08.598719+00:00,True,True,3.0,6512.281250140392,21.722632028789704,21.92503202878971,1.0,5.0,9.99999999995449e-06,4.947954910955518,GS-Beijing -> 00123 -> 00011 -> GS-Singapore
2026-07-16 06:51:09.598719+00:00,True,False,3.0,6506.609357680244,21.703712632024402,21.9061126320244,1.0,5.0,9.99999999995449e-06,4.955663713692719,GS-Beijing -> 00123 -> 00011 -> GS-Singapore
2026-07-16 06:51:10.598719+00:00,True,False,3.0,6500.982500335207,21.684943456233338,21.887343456233335,1.0,5.0,9.99999999995449e-06,4.963387091592324,GS-Beijing -> 00123 -> 00011 -> GS-Singapore
2026-07-16 06:51:11.598719+00:00,True,False,3.0,6495.400355268501,21.666323424548928,21.86872342454893,1.0,5.0,9.99999999995449e-06,4.9711250715397295,GS-Beijing -> 00123 -> 00011 -> GS-Singapore
2026-07-16 06:51:12.598719+00:00,True,False,3.0,6489.862599638711,21.647851460088138,21.85025146008814,1.0,5.0,9.99999999995449e-06,4.978877680501686,GS-Beijing -> 00123 -> 00011 -> GS-Singapore
2026-07-16 06:51:13.598719+00:00,True,False,3.0,6484.368910784683,21.629526486569198,21.831926486569195,1.0,5.0,9.99999999995449e-06,4.986644945530244,GS-Beijing -> 00123 -> 00011 -> GS-Singapore
2026-07-16 06:51:14.598719+00:00,True,False,3.0,6478.918966410002,21.61134742892699,21.81374742892699,1.0,5.0,9.99999999995449e-06,4.994426893760394,GS-Beijing -> 00123 -> 00011 -> GS-Singapore
2026-07-16 06:51:15.598719+00:00,True,False,3.0,6473.5124447620465,21.593313213910296,21.79571321391029,1.0,5.0,9.99999999995449e-06,5.0022235524163605,GS-Beijing -> 00123 -> 00011 -> GS-Singapore
2026-07-16 06:51:16.598719+00:00,True,False,3.0,6468.149024803826,21.57542277065498,21.77782277065498,1.0,5.0,9.99999999995449e-06,5.010034948802726,GS-Beijing -> 00123 -> 00011 -> GS-Singapore
2026-07-16 06:51:17.598719+00:00,True,False,3.0,6462.828386377861,21.55767503123064,21.760075031230638,1.0,5.0,9.99999999995449e-06,5.017861110310081,GS-Beijing -> 00123 -> 00011 -> GS-Singapore
2026-07-16 06:51:18.598719+00:00,True,False,3.0,6457.550210377481,21.54006893121201,21.74246893121201,1.0,5.0,9.99999999995449e-06,5.025702064417313,GS-Beijing -> 00123 -> 00011 -> GS-Singapore
2026-07-16 06:51:19.598719+00:00,True,False,3.0,6452.314178898547,21.522603410185013,21.72500341018501,1.0,5.0,9.99999999995449e-06,5.03355783868828,GS-Beijing -> 00123 -> 00011 -> GS-Singapore
2026-07-16 06:51:20.598719+00:00,True,False,3.0,6447.119975402028,21.5052774122891,21.707677412289097,1.0,5.0,9.99999999995449e-06,5.0414284607747035,GS-Beijing -> 00123 -> 00011 -> GS-Singapore
2026-07-16 06:51:21.598719+00:00,True,False,3.0,6441.967284849672,21.48808988666977,21.690489886669774,1.0,5.0,9.99999999995449e-06,5.04931395841353,GS-Beijing -> 00123 -> 00011 -> GS-Singapore
2026-07-16 06:51:22.598719+00:00,True,False,3.0,6436.855793858319,21.47103978799333,21.673439787993324,1.0,5.0,9.99999999995449e-06,5.057214359429022,GS-Beijing -> 00123 -> 00011 -> GS-Singapore
2026-07-16 06:51:23.598719+00:00,True,False,3.0,6431.7851908358225,21.454126076900252,21.65652607690025,1.0,5.0,9.99999999995449e-06,5.06512969173486,GS-Beijing -> 00123 -> 00011 -> GS-Singapore
2026-07-16 06:51:24.598719+00:00,True,False,3.0,6426.755166113952,21.4373477204485,21.6397477204485,1.0,5.0,9.99999999995449e-06,5.073059983330797,GS-Beijing -> 00123 -> 00011 -> GS-Singapore
2026-07-16 06:51:25.598719+00:00,True,False,3.0,6421.765412075998,21.420703692539185,21.623103692539182,1.0,5.0,9.99999999995449e-06,5.081005262307222,GS-Beijing -> 00123 -> 00011 -> GS-Singapore
2026-07-16 06:51:26.598719+00:00,True,False,3.0,6416.8156232870315,21.40419297435105,21.606592974351052,1.0,5.0,9.99999999995449e-06,5.088965556839204,GS-Beijing -> 00123 -> 00011 -> GS-Singapore
2026-07-16 06:51:27.598719+00:00,True,False,3.0,6411.905496607292,21.38781455471869,21.59021455471869,1.0,5.0,9.99999999995449e-06,5.096940895196163,GS-Beijing -> 00123 -> 00011 -> GS-Singapore
2026-07-16 06:51:28.598719+00:00,True,False,3.0,6407.034731311065,21.371567430529108,21.573967430529105,1.0,5.0,9.99999999995449e-06,5.104931305732887,GS-Beijing -> 00123 -> 00011 -> GS-Singapore
2026-07-16 06:51:29.598719+00:00,True,False,3.0,6402.203029194691,21.355450607081956,21.557850607081953,1.0,5.0,9.99999999995449e-06,5.112936816898218,GS-Beijing -> 00123 -> 00011 -> GS-Singapore
2026-07-16 06:51:30.598719+00:00,True,False,3.0,6397.410094687137,21.339463098458392,21.541863098458386,1.0,5.0,9.99999999995449e-06,5.120957457225662,GS-Beijing -> 00123 -> 00011 -> GS-Singapore
2026-07-16 06:51:31.598719+00:00,True,False,3.0,6392.655634942933,21.323603927831076,21.526003927831077,1.0,5.0,9.99999999995449e-06,5.128993255344412,GS-Beijing -> 00123 -> 00011 -> GS-Singapore
2026-07-16 06:51:32.598719+00:00,True,False,3.0,6387.939359946731,21.30787212781294,21.51027212781294,1.0,5.0,9.99999999995449e-06,5.137044239970976,GS-Beijing -> 00123 -> 00011 -> GS-Singapore
2026-07-16 06:51:33.598719+00:00,True,False,3.0,6383.260982602302,21.292266740754037,21.494666740754038,1.0,5.0,9.99999999995449e-06,5.1451104399155,GS-Beijing -> 00123 -> 00011 -> GS-Singapore
2026-07-16 06:51:34.598719+00:00,True,False,3.0,6378.620218820976,21.276786819036577,21.479186819036578,1.0,5.0,9.99999999995449e-06,5.153191884080114,GS-Beijing -> 00123 -> 00011 -> GS-Singapore
2026-07-16 06:51:35.598719+00:00,True,False,3.0,6374.016787608072,21.261431425363185,21.463831425363182,1.0,5.0,9.99999999995449e-06,5.161288601457006,GS-Beijing -> 00123 -> 00011 -> GS-Singapore
2026-07-16 06:51:36.598719+00:00,True,False,3.0,6369.4504111377555,21.24619963300663,21.44859963300663,1.0,5.0,9.99999999995449e-06,5.169400621132661,GS-Beijing -> 00123 -> 00011 -> GS-Singapore
2026-07-16 06:51:37.598719+00:00,True,False,3.0,6364.920814837102,21.231090526090224,21.433490526090225,1.0,5.0,9.99999999995449e-06,5.177527972284892,GS-Beijing -> 00123 -> 00011 -> GS-Singapore
2026-07-16 06:51:38.598719+00:00,True,False,3.0,6360.427727448105,21.216103199794656,21.418503199794657,1.0,5.0,9.99999999995449e-06,5.185670684184995,GS-Beijing -> 00123 -> 00011 -> GS-Singapore
2026-07-16 06:51:39.598719+00:00,True,False,3.0,6355.970881104133,21.201236760613014,21.403636760613015,1.0,5.0,9.99999999995449e-06,5.193828786201312,GS-Beijing -> 00123 -> 00011 -> GS-Singapore
2026-07-16 06:51:40.598719+00:00,True,False,3.0,6351.550011391389,21.18649032655581,21.388890326555806,1.0,5.0,9.99999999995449e-06,5.202002307792654,GS-Beijing -> 00123 -> 00011 -> GS-Singapore
2026-07-16 06:51:41.598719+00:00,True,False,3.0,6347.16485740886,21.171863027350945,21.374263027350946,1.0,5.0,9.99999999995449e-06,5.2101912785116795,GS-Beijing -> 00123 -> 00011 -> GS-Singapore
2026-07-16 06:51:42.598719+00:00,True,False,3.0,6342.815161826176,21.15735400463669,21.35975400463669,1.0,5.0,9.99999999995449e-06,5.218395728009018,GS-Beijing -> 00123 -> 00011 -> GS-Singapore
2026-07-16 06:51:43.598719+00:00,True,False,3.0,6338.500670938938,21.142962412146268,21.345362412146265,1.0,5.0,9.99999999995449e-06,5.226615686025534,GS-Beijing -> 00123 -> 00011 -> GS-Singapore
2026-07-16 06:51:44.598719+00:00,True,False,3.0,6334.221134714799,21.12868741586154,21.331087415861536,1.0,5.0,9.99999999995449e-06,5.234851182406139,GS-Beijing -> 00123 -> 00011 -> GS-Singapore
2026-07-16 06:51:45.598719+00:00,True,False,3.0,6329.976306848139,21.114528194195398,21.3169281941954,1.0,5.0,9.99999999995449e-06,5.243102247082893,GS-Beijing -> 00123 -> 00011 -> GS-Singapore
2026-07-16 06:51:46.598719+00:00,True,False,3.0,6325.76594479781,21.10048393811765,21.302883938117652,1.0,5.0,9.99999999995449e-06,5.251368910090809,GS-Beijing -> 00123 -> 00011 -> GS-Singapore
2026-07-16 06:51:47.598719+00:00,True,False,3.0,6321.589809827342,21.086553851289153,21.288953851289154,1.0,5.0,9.99999999995449e-06,5.259651201554938,GS-Beijing -> 00123 -> 00011 -> GS-Singapore
2026-07-16 06:51:48.598719+00:00,True,False,3.0,6317.4476670475215,21.072737150203828,21.27513715020383,1.0,5.0,9.99999999995449e-06,5.267949151703652,GS-Beijing -> 00123 -> 00011 -> GS-Singapore
2026-07-16 06:51:49.598719+00:00,True,False,3.0,6313.339285447725,21.059033064293182,21.261433064293186,1.0,5.0,9.99999999995449e-06,5.276262790861772,GS-Beijing -> 00123 -> 00011 -> GS-Singapore
2026-07-16 06:51:50.598719+00:00,True,False,3.0,6309.264437929602,21.04544083603865,21.247840836038648,1.0,5.0,9.99999999995449e-06,5.284592149450043,GS-Beijing -> 00123 -> 00011 -> GS-Singapore
2026-07-16 06:51:51.598719+00:00,True,False,3.0,6305.222901341489,21.03195972108641,21.23435972108641,1.0,5.0,9.99999999995449e-06,5.2929372579890295,GS-Beijing -> 00123 -> 00011 -> GS-Singapore
2026-07-16 06:51:52.598719+00:00,True,False,3.0,6301.214456492661,21.0185889882949,21.2209889882949,1.0,5.0,9.99999999995449e-06,5.301298147099168,GS-Beijing -> 00123 -> 00011 -> GS-Singapore
2026-07-16 06:51:53.598719+00:00,True,False,3.0,6297.238888189982,21.005327919857088,21.207727919857085,1.0,5.0,9.99999999995449e-06,5.3096748474963285,GS-Beijing -> 00123 -> 00011 -> GS-Singapore
2026-07-16 06:51:54.598719+00:00,True,False,3.0,6293.295985255423,20.99217581135888,21.19457581135888,1.0,5.0,9.99999999995449e-06,5.318067390001545,GS-Beijing -> 00123 -> 00011 -> GS-Singapore
2026-07-16 06:51:55.598719+00:00,True,False,3.0,6289.385540542962,20.97913197183554,21.18153197183554,1.0,5.0,9.99999999995449e-06,5.326475805530489,GS-Beijing -> 00123 -> 00011 -> GS-Singapore
2026-07-16 06:51:56.598719+00:00,True,False,3.0,6285.507350962095,20.96619572385005,21.168595723850046,1.0,5.0,9.99999999995449e-06,5.334900125104548,GS-Beijing -> 00123 -> 00011 -> GS-Singapore
2026-07-16 06:51:57.598719+00:00,True,False,3.0,6281.661217487901,20.95336640352674,21.15576640352674,1.0,5.0,9.99999999995449e-06,5.343340379841132,GS-Beijing -> 00123 -> 00011 -> GS-Singapore
2026-07-16 06:51:58.598719+00:00,True,False,3.0,6277.846945173419,20.940643360592542,21.143043360592543,1.0,5.0,9.99999999995449e-06,5.351796600962743,GS-Beijing -> 00123 -> 00011 -> GS-Singapore
2026-07-16 06:51:59.598719+00:00,True,False,3.0,6274.064343167885,20.92802595843784,21.130425958437836,1.0,5.0,9.99999999995449e-06,5.360268819791596,GS-Beijing -> 00123 -> 00011 -> GS-Singapore
2026-07-16 06:52:00.598719+00:00,True,False,3.0,6270.313224715675,20.91551357411291,21.11791357411291,1.0,5.0,9.99999999995449e-06,5.368757067755222,GS-Beijing -> 00123 -> 00011 -> GS-Singapore
2026-07-16 06:52:01.598719+00:00,True,False,3.0,6266.593407175351,20.90310559839151,21.105505598391506,1.0,5.0,9.99999999995449e-06,5.377261376378019,GS-Beijing -> 00123 -> 00011 -> GS-Singapore
2026-07-16 06:52:02.598719+00:00,True,False,3.0,6262.904712013305,20.890801435749612,21.09320143574961,1.0,5.0,9.99999999995449e-06,5.385781777292312,GS-Beijing -> 00123 -> 00011 -> GS-Singapore
2026-07-16 06:52:03.598719+00:00,True,False,3.0,6259.246964816615,20.87860050440834,21.081000504408337,1.0,5.0,9.99999999995449e-06,5.394318302230518,GS-Beijing -> 00123 -> 00011 -> GS-Singapore
2026-07-16 06:52:04.598719+00:00,True,False,3.0,6255.619995289999,20.866502236323768,21.068902236323765,1.0,5.0,9.99999999995449e-06,5.402870983034337,GS-Beijing -> 00123 -> 00011 -> GS-Singapore
2026-07-16 06:52:05.598719+00:00,True,False,3.0,6252.023637259188,20.85450607719821,21.056906077198207,1.0,5.0,9.99999999995449e-06,5.41143985164479,GS-Beijing -> 00123 -> 00011 -> GS-Singapore
2026-07-16 06:52:06.598719+00:00,True,False,3.0,6248.457728670248,20.842611486477917,21.045011486477915,1.0,5.0,9.99999999995449e-06,5.4200249401099185,GS-Beijing -> 00123 -> 00011 -> GS-Singapore
2026-07-16 06:52:07.598719+00:00,True,False,3.0,6244.92211158229,20.8308179373288,21.0332179373288,1.0,5.0,9.99999999995449e-06,5.4286262805817795,GS-Beijing -> 00123 -> 00011 -> GS-Singapore
2026-07-16 06:52:08.598719+00:00,True,False,3.0,6241.416632172477,20.8191249166531,21.0215249166531,1.0,5.0,9.99999999995449e-06,5.437243905319168,GS-Beijing -> 00123 -> 00011 -> GS-Singapore
