timestamp,is_success,is_handover,hops,distance_km,delay_ms,path_str
2026-07-15 06:29:35.619217+00:00,False,False,,,,
2026-07-15 06:29:36.619217+00:00,False,False,,,,
2026-07-15 06:29:37.619217+00:00,False,False,,,,
2026-07-15 06:29:38.619217+00:00,False,False,,,,
2026-07-15 06:29:39.619217+00:00,False,False,,,,
2026-07-15 06:29:40.619217+00:00,False,False,,,,
2026-07-15 06:29:41.619217+00:00,False,False,,,,
2026-07-15 06:29:42.619217+00:00,False,False,,,,
2026-07-15 06:29:43.619217+00:00,False,False,,,,
2026-07-15 06:29:44.619217+00:00,False,False,,,,
2026-07-15 06:29:45.619217+00:00,False,False,,,,
2026-07-15 06:29:46.619217+00:00,False,False,,,,
2026-07-15 06:29:47.619217+00:00,False,False,,,,
2026-07-15 06:29:48.619217+00:00,False,False,,,,
2026-07-15 06:29:49.619217+00:00,False,False,,,,
2026-07-15 06:29:50.619217+00:00,False,False,,,,
2026-07-15 06:29:51.619217+00:00,False,False,,,,
2026-07-15 06:29:52.619217+00:00,False,False,,,,
2026-07-15 06:29:53.619217+00:00,False,False,,,,
2026-07-15 06:29:54.619217+00:00,False,False,,,,
2026-07-15 06:29:55.619217+00:00,False,False,,,,
2026-07-15 06:29:56.619217+00:00,False,False,,,,
2026-07-15 06:29:57.619217+00:00,False,False,,,,
2026-07-15 06:29:58.619217+00:00,False,False,,,,
2026-07-15 06:29:59.619217+00:00,False,False,,,,
2026-07-15 06:30:00.619217+00:00,False,False,,,,
2026-07-15 06:30:01.619217+00:00,False,False,,,,
2026-07-15 06:30:02.619217+00:00,False,False,,,,
2026-07-15 06:30:03.619217+00:00,False,False,,,,
2026-07-15 06:30:04.619217+00:00,False,False,,,,
2026-07-15 06:30:05.619217+00:00,False,False,,,,
2026-07-15 06:30:06.619217+00:00,False,False,,,,
2026-07-15 06:30:07.619217+00:00,False,False,,,,
2026-07-15 06:30:08.619217+00:00,False,False,,,,
2026-07-15 06:30:09.619217+00:00,False,False,,,,
2026-07-15 06:30:10.619217+00:00,False,False,,,,
2026-07-15 06:30:11.619217+00:00,False,False,,,,
2026-07-15 06:30:12.619217+00:00,False,False,,,,
2026-07-15 06:30:13.619217+00:00,False,False,,,,
2026-07-15 06:30:14.619217+00:00,False,False,,,,
2026-07-15 06:30:15.619217+00:00,False,False,,,,
2026-07-15 06:30:16.619217+00:00,False,False,,,,
2026-07-15 06:30:17.619217+00:00,False,False,,,,
2026-07-15 06:30:18.619217+00:00,False,False,,,,
2026-07-15 06:30:19.619217+00:00,False,False,,,,
2026-07-15 06:30:20.619217+00:00,False,False,,,,
2026-07-15 06:30:21.619217+00:00,False,False,,,,
2026-07-15 06:30:22.619217+00:00,False,False,,,,
2026-07-15 06:30:23.619217+00:00,False,False,,,,
2026-07-15 06:30:24.619217+00:00,False,False,,,,
2026-07-15 06:30:25.619217+00:00,False,False,,,,
2026-07-15 06:30:26.619217+00:00,False,False,,,,
2026-07-15 06:30:27.619217+00:00,False,False,,,,
2026-07-15 06:30:28.619217+00:00,False,False,,,,
2026-07-15 06:30:29.619217+00:00,False,False,,,,
2026-07-15 06:30:30.619217+00:00,False,False,,,,
2026-07-15 06:30:31.619217+00:00,False,False,,,,
2026-07-15 06:30:32.619217+00:00,False,False,,,,
2026-07-15 06:30:33.619217+00:00,False,False,,,,
2026-07-15 06:30:34.619217+00:00,False,False,,,,
2026-07-15 06:30:35.619217+00:00,False,False,,,,
2026-07-15 06:30:36.619217+00:00,False,False,,,,
2026-07-15 06:30:37.619217+00:00,False,False,,,,
2026-07-15 06:30:38.619217+00:00,False,False,,,,
2026-07-15 06:30:39.619217+00:00,False,False,,,,
2026-07-15 06:30:40.619217+00:00,False,False,,,,
2026-07-15 06:30:41.619217+00:00,False,False,,,,
2026-07-15 06:30:42.619217+00:00,False,False,,,,
2026-07-15 06:30:43.619217+00:00,False,False,,,,
2026-07-15 06:30:44.619217+00:00,False,False,,,,
2026-07-15 06:30:45.619217+00:00,False,False,,,,
2026-07-15 06:30:46.619217+00:00,False,False,,,,
2026-07-15 06:30:47.619217+00:00,False,False,,,,
2026-07-15 06:30:48.619217+00:00,False,False,,,,
2026-07-15 06:30:49.619217+00:00,False,False,,,,
2026-07-15 06:30:50.619217+00:00,False,False,,,,
2026-07-15 06:30:51.619217+00:00,False,False,,,,
2026-07-15 06:30:52.619217+00:00,False,False,,,,
2026-07-15 06:30:53.619217+00:00,False,False,,,,
2026-07-15 06:30:54.619217+00:00,False,False,,,,
2026-07-15 06:30:55.619217+00:00,False,False,,,,
2026-07-15 06:30:56.619217+00:00,False,False,,,,
2026-07-15 06:30:57.619217+00:00,False,False,,,,
2026-07-15 06:30:58.619217+00:00,False,False,,,,
2026-07-15 06:30:59.619217+00:00,False,False,,,,
2026-07-15 06:31:00.619217+00:00,False,False,,,,
2026-07-15 06:31:01.619217+00:00,False,False,,,,
2026-07-15 06:31:02.619217+00:00,False,False,,,,
2026-07-15 06:31:03.619217+00:00,False,False,,,,
2026-07-15 06:31:04.619217+00:00,False,False,,,,
2026-07-15 06:31:05.619217+00:00,False,False,,,,
2026-07-15 06:31:06.619217+00:00,False,False,,,,
2026-07-15 06:31:07.619217+00:00,False,False,,,,
2026-07-15 06:31:08.619217+00:00,False,False,,,,
2026-07-15 06:31:09.619217+00:00,False,False,,,,
2026-07-15 06:31:10.619217+00:00,False,False,,,,
2026-07-15 06:31:11.619217+00:00,False,False,,,,
2026-07-15 06:31:12.619217+00:00,False,False,,,,
2026-07-15 06:31:13.619217+00:00,False,False,,,,
2026-07-15 06:31:14.619217+00:00,False,False,,,,
2026-07-15 06:31:15.619217+00:00,False,False,,,,
2026-07-15 06:31:16.619217+00:00,False,False,,,,
2026-07-15 06:31:17.619217+00:00,False,False,,,,
2026-07-15 06:31:18.619217+00:00,False,False,,,,
2026-07-15 06:31:19.619217+00:00,False,False,,,,
2026-07-15 06:31:20.619217+00:00,False,False,,,,
2026-07-15 06:31:21.619217+00:00,False,False,,,,
2026-07-15 06:31:22.619217+00:00,False,False,,,,
2026-07-15 06:31:23.619217+00:00,False,False,,,,
2026-07-15 06:31:24.619217+00:00,False,False,,,,
2026-07-15 06:31:25.619217+00:00,False,False,,,,
2026-07-15 06:31:26.619217+00:00,False,False,,,,
2026-07-15 06:31:27.619217+00:00,False,False,,,,
2026-07-15 06:31:28.619217+00:00,False,False,,,,
2026-07-15 06:31:29.619217+00:00,False,False,,,,
2026-07-15 06:31:30.619217+00:00,False,False,,,,
2026-07-15 06:31:31.619217+00:00,False,False,,,,
2026-07-15 06:31:32.619217+00:00,False,False,,,,
2026-07-15 06:31:33.619217+00:00,False,False,,,,
2026-07-15 06:31:34.619217+00:00,False,False,,,,
2026-07-15 06:31:35.619217+00:00,False,False,,,,
2026-07-15 06:31:36.619217+00:00,False,False,,,,
2026-07-15 06:31:37.619217+00:00,False,False,,,,
2026-07-15 06:31:38.619217+00:00,False,False,,,,
2026-07-15 06:31:39.619217+00:00,False,False,,,,
2026-07-15 06:31:40.619217+00:00,False,False,,,,
2026-07-15 06:31:41.619217+00:00,False,False,,,,
2026-07-15 06:31:42.619217+00:00,False,False,,,,
2026-07-15 06:31:43.619217+00:00,False,False,,,,
2026-07-15 06:31:44.619217+00:00,False,False,,,,
2026-07-15 06:31:45.619217+00:00,False,False,,,,
2026-07-15 06:31:46.619217+00:00,False,False,,,,
2026-07-15 06:31:47.619217+00:00,False,False,,,,
2026-07-15 06:31:48.619217+00:00,False,False,,,,
2026-07-15 06:31:49.619217+00:00,False,False,,,,
2026-07-15 06:31:50.619217+00:00,False,False,,,,
2026-07-15 06:31:51.619217+00:00,False,False,,,,
2026-07-15 06:31:52.619217+00:00,False,False,,,,
2026-07-15 06:31:53.619217+00:00,False,False,,,,
2026-07-15 06:31:54.619217+00:00,False,False,,,,
2026-07-15 06:31:55.619217+00:00,False,False,,,,
2026-07-15 06:31:56.619217+00:00,False,False,,,,
2026-07-15 06:31:57.619217+00:00,False,False,,,,
2026-07-15 06:31:58.619217+00:00,False,False,,,,
2026-07-15 06:31:59.619217+00:00,False,False,,,,
2026-07-15 06:32:00.619217+00:00,False,False,,,,
2026-07-15 06:32:01.619217+00:00,False,False,,,,
2026-07-15 06:32:02.619217+00:00,False,False,,,,
2026-07-15 06:32:03.619217+00:00,False,False,,,,
2026-07-15 06:32:04.619217+00:00,False,False,,,,
2026-07-15 06:32:05.619217+00:00,False,False,,,,
2026-07-15 06:32:06.619217+00:00,False,False,,,,
2026-07-15 06:32:07.619217+00:00,False,False,,,,
2026-07-15 06:32:08.619217+00:00,False,False,,,,
2026-07-15 06:32:09.619217+00:00,False,False,,,,
2026-07-15 06:32:10.619217+00:00,False,False,,,,
2026-07-15 06:32:11.619217+00:00,False,False,,,,
2026-07-15 06:32:12.619217+00:00,False,False,,,,
2026-07-15 06:32:13.619217+00:00,False,False,,,,
2026-07-15 06:32:14.619217+00:00,False,False,,,,
2026-07-15 06:32:15.619217+00:00,False,False,,,,
2026-07-15 06:32:16.619217+00:00,False,False,,,,
2026-07-15 06:32:17.619217+00:00,False,False,,,,
2026-07-15 06:32:18.619217+00:00,False,False,,,,
2026-07-15 06:32:19.619217+00:00,False,False,,,,
2026-07-15 06:32:20.619217+00:00,False,False,,,,
2026-07-15 06:32:21.619217+00:00,False,False,,,,
2026-07-15 06:32:22.619217+00:00,False,False,,,,
2026-07-15 06:32:23.619217+00:00,False,False,,,,
2026-07-15 06:32:24.619217+00:00,False,False,,,,
2026-07-15 06:32:25.619217+00:00,False,False,,,,
2026-07-15 06:32:26.619217+00:00,False,False,,,,
2026-07-15 06:32:27.619217+00:00,False,False,,,,
2026-07-15 06:32:28.619217+00:00,False,False,,,,
2026-07-15 06:32:29.619217+00:00,False,False,,,,
2026-07-15 06:32:30.619217+00:00,False,False,,,,
2026-07-15 06:32:31.619217+00:00,False,False,,,,
2026-07-15 06:32:32.619217+00:00,False,False,,,,
2026-07-15 06:32:33.619217+00:00,False,False,,,,
2026-07-15 06:32:34.619217+00:00,False,False,,,,
2026-07-15 06:32:35.619217+00:00,False,False,,,,
2026-07-15 06:32:36.619217+00:00,False,False,,,,
2026-07-15 06:32:37.619217+00:00,False,False,,,,
2026-07-15 06:32:38.619217+00:00,False,False,,,,
2026-07-15 06:32:39.619217+00:00,False,False,,,,
2026-07-15 06:32:40.619217+00:00,False,False,,,,
2026-07-15 06:32:41.619217+00:00,False,False,,,,
2026-07-15 06:32:42.619217+00:00,False,False,,,,
2026-07-15 06:32:43.619217+00:00,False,False,,,,
2026-07-15 06:32:44.619217+00:00,False,False,,,,
2026-07-15 06:32:45.619217+00:00,False,False,,,,
2026-07-15 06:32:46.619217+00:00,False,False,,,,
2026-07-15 06:32:47.619217+00:00,False,False,,,,
2026-07-15 06:32:48.619217+00:00,False,False,,,,
2026-07-15 06:32:49.619217+00:00,False,False,,,,
2026-07-15 06:32:50.619217+00:00,False,False,,,,
2026-07-15 06:32:51.619217+00:00,False,False,,,,
2026-07-15 06:32:52.619217+00:00,False,False,,,,
2026-07-15 06:32:53.619217+00:00,False,False,,,,
2026-07-15 06:32:54.619217+00:00,False,False,,,,
2026-07-15 06:32:55.619217+00:00,False,False,,,,
2026-07-15 06:32:56.619217+00:00,False,False,,,,
2026-07-15 06:32:57.619217+00:00,False,False,,,,
2026-07-15 06:32:58.619217+00:00,False,False,,,,
2026-07-15 06:32:59.619217+00:00,False,False,,,,
2026-07-15 06:33:00.619217+00:00,False,False,,,,
2026-07-15 06:33:01.619217+00:00,False,False,,,,
2026-07-15 06:33:02.619217+00:00,False,False,,,,
2026-07-15 06:33:03.619217+00:00,False,False,,,,
2026-07-15 06:33:04.619217+00:00,False,False,,,,
2026-07-15 06:33:05.619217+00:00,False,False,,,,
2026-07-15 06:33:06.619217+00:00,False,False,,,,
2026-07-15 06:33:07.619217+00:00,False,False,,,,
2026-07-15 06:33:08.619217+00:00,False,False,,,,
2026-07-15 06:33:09.619217+00:00,False,False,,,,
2026-07-15 06:33:10.619217+00:00,False,False,,,,
2026-07-15 06:33:11.619217+00:00,False,False,,,,
2026-07-15 06:33:12.619217+00:00,False,False,,,,
2026-07-15 06:33:13.619217+00:00,False,False,,,,
2026-07-15 06:33:14.619217+00:00,False,False,,,,
2026-07-15 06:33:15.619217+00:00,False,False,,,,
2026-07-15 06:33:16.619217+00:00,False,False,,,,
2026-07-15 06:33:17.619217+00:00,False,False,,,,
2026-07-15 06:33:18.619217+00:00,False,False,,,,
2026-07-15 06:33:19.619217+00:00,False,False,,,,
2026-07-15 06:33:20.619217+00:00,False,False,,,,
2026-07-15 06:33:21.619217+00:00,False,False,,,,
2026-07-15 06:33:22.619217+00:00,False,False,,,,
2026-07-15 06:33:23.619217+00:00,False,False,,,,
2026-07-15 06:33:24.619217+00:00,False,False,,,,
2026-07-15 06:33:25.619217+00:00,False,False,,,,
2026-07-15 06:33:26.619217+00:00,False,False,,,,
2026-07-15 06:33:27.619217+00:00,False,False,,,,
2026-07-15 06:33:28.619217+00:00,False,False,,,,
2026-07-15 06:33:29.619217+00:00,False,False,,,,
2026-07-15 06:33:30.619217+00:00,False,False,,,,
2026-07-15 06:33:31.619217+00:00,False,False,,,,
2026-07-15 06:33:32.619217+00:00,False,False,,,,
2026-07-15 06:33:33.619217+00:00,False,False,,,,
2026-07-15 06:33:34.619217+00:00,False,False,,,,
2026-07-15 06:33:35.619217+00:00,False,False,,,,
2026-07-15 06:33:36.619217+00:00,False,False,,,,
2026-07-15 06:33:37.619217+00:00,False,False,,,,
2026-07-15 06:33:38.619217+00:00,False,False,,,,
2026-07-15 06:33:39.619217+00:00,False,False,,,,
2026-07-15 06:33:40.619217+00:00,False,False,,,,
2026-07-15 06:33:41.619217+00:00,False,False,,,,
2026-07-15 06:33:42.619217+00:00,False,False,,,,
2026-07-15 06:33:43.619217+00:00,False,False,,,,
2026-07-15 06:33:44.619217+00:00,False,False,,,,
2026-07-15 06:33:45.619217+00:00,False,False,,,,
2026-07-15 06:33:46.619217+00:00,False,False,,,,
2026-07-15 06:33:47.619217+00:00,False,False,,,,
2026-07-15 06:33:48.619217+00:00,False,False,,,,
2026-07-15 06:33:49.619217+00:00,False,False,,,,
2026-07-15 06:33:50.619217+00:00,False,False,,,,
2026-07-15 06:33:51.619217+00:00,False,False,,,,
2026-07-15 06:33:52.619217+00:00,False,False,,,,
2026-07-15 06:33:53.619217+00:00,False,False,,,,
2026-07-15 06:33:54.619217+00:00,False,False,,,,
2026-07-15 06:33:55.619217+00:00,False,False,,,,
2026-07-15 06:33:56.619217+00:00,False,False,,,,
2026-07-15 06:33:57.619217+00:00,False,False,,,,
2026-07-15 06:33:58.619217+00:00,False,False,,,,
2026-07-15 06:33:59.619217+00:00,False,False,,,,
2026-07-15 06:34:00.619217+00:00,False,False,,,,
2026-07-15 06:34:01.619217+00:00,False,False,,,,
2026-07-15 06:34:02.619217+00:00,False,False,,,,
2026-07-15 06:34:03.619217+00:00,False,False,,,,
2026-07-15 06:34:04.619217+00:00,False,False,,,,
2026-07-15 06:34:05.619217+00:00,False,False,,,,
2026-07-15 06:34:06.619217+00:00,False,False,,,,
2026-07-15 06:34:07.619217+00:00,False,False,,,,
2026-07-15 06:34:08.619217+00:00,False,False,,,,
2026-07-15 06:34:09.619217+00:00,False,False,,,,
2026-07-15 06:34:10.619217+00:00,False,False,,,,
2026-07-15 06:34:11.619217+00:00,False,False,,,,
2026-07-15 06:34:12.619217+00:00,False,False,,,,
2026-07-15 06:34:13.619217+00:00,False,False,,,,
2026-07-15 06:34:14.619217+00:00,False,False,,,,
2026-07-15 06:34:15.619217+00:00,False,False,,,,
2026-07-15 06:34:16.619217+00:00,False,False,,,,
2026-07-15 06:34:17.619217+00:00,False,False,,,,
2026-07-15 06:34:18.619217+00:00,False,False,,,,
2026-07-15 06:34:19.619217+00:00,False,False,,,,
2026-07-15 06:34:20.619217+00:00,False,False,,,,
2026-07-15 06:34:21.619217+00:00,False,False,,,,
2026-07-15 06:34:22.619217+00:00,False,False,,,,
2026-07-15 06:34:23.619217+00:00,False,False,,,,
2026-07-15 06:34:24.619217+00:00,False,False,,,,
2026-07-15 06:34:25.619217+00:00,False,False,,,,
2026-07-15 06:34:26.619217+00:00,False,False,,,,
2026-07-15 06:34:27.619217+00:00,False,False,,,,
2026-07-15 06:34:28.619217+00:00,False,False,,,,
2026-07-15 06:34:29.619217+00:00,False,False,,,,
2026-07-15 06:34:30.619217+00:00,False,False,,,,
2026-07-15 06:34:31.619217+00:00,False,False,,,,
2026-07-15 06:34:32.619217+00:00,False,False,,,,
2026-07-15 06:34:33.619217+00:00,False,False,,,,
2026-07-15 06:34:34.619217+00:00,False,False,,,,
2026-07-15 06:34:35.619217+00:00,False,False,,,,
2026-07-15 06:34:36.619217+00:00,False,False,,,,
2026-07-15 06:34:37.619217+00:00,False,False,,,,
2026-07-15 06:34:38.619217+00:00,False,False,,,,
2026-07-15 06:34:39.619217+00:00,False,False,,,,
2026-07-15 06:34:40.619217+00:00,False,False,,,,
2026-07-15 06:34:41.619217+00:00,False,False,,,,
2026-07-15 06:34:42.619217+00:00,False,False,,,,
2026-07-15 06:34:43.619217+00:00,False,False,,,,
2026-07-15 06:34:44.619217+00:00,False,False,,,,
2026-07-15 06:34:45.619217+00:00,False,False,,,,
2026-07-15 06:34:46.619217+00:00,False,False,,,,
2026-07-15 06:34:47.619217+00:00,False,False,,,,
2026-07-15 06:34:48.619217+00:00,False,False,,,,
2026-07-15 06:34:49.619217+00:00,False,False,,,,
2026-07-15 06:34:50.619217+00:00,False,False,,,,
2026-07-15 06:34:51.619217+00:00,False,False,,,,
2026-07-15 06:34:52.619217+00:00,False,False,,,,
2026-07-15 06:34:53.619217+00:00,False,False,,,,
2026-07-15 06:34:54.619217+00:00,False,False,,,,
2026-07-15 06:34:55.619217+00:00,False,False,,,,
2026-07-15 06:34:56.619217+00:00,False,False,,,,
2026-07-15 06:34:57.619217+00:00,False,False,,,,
2026-07-15 06:34:58.619217+00:00,False,False,,,,
2026-07-15 06:34:59.619217+00:00,False,False,,,,
2026-07-15 06:35:00.619217+00:00,False,False,,,,
2026-07-15 06:35:01.619217+00:00,False,False,,,,
2026-07-15 06:35:02.619217+00:00,False,False,,,,
2026-07-15 06:35:03.619217+00:00,False,False,,,,
2026-07-15 06:35:04.619217+00:00,False,False,,,,
2026-07-15 06:35:05.619217+00:00,False,False,,,,
2026-07-15 06:35:06.619217+00:00,False,False,,,,
2026-07-15 06:35:07.619217+00:00,False,False,,,,
2026-07-15 06:35:08.619217+00:00,False,False,,,,
2026-07-15 06:35:09.619217+00:00,False,False,,,,
2026-07-15 06:35:10.619217+00:00,False,False,,,,
2026-07-15 06:35:11.619217+00:00,False,False,,,,
2026-07-15 06:35:12.619217+00:00,False,False,,,,
2026-07-15 06:35:13.619217+00:00,False,False,,,,
2026-07-15 06:35:14.619217+00:00,False,False,,,,
2026-07-15 06:35:15.619217+00:00,False,False,,,,
2026-07-15 06:35:16.619217+00:00,False,False,,,,
2026-07-15 06:35:17.619217+00:00,False,False,,,,
2026-07-15 06:35:18.619217+00:00,False,False,,,,
2026-07-15 06:35:19.619217+00:00,False,False,,,,
2026-07-15 06:35:20.619217+00:00,False,False,,,,
2026-07-15 06:35:21.619217+00:00,False,False,,,,
2026-07-15 06:35:22.619217+00:00,False,False,,,,
2026-07-15 06:35:23.619217+00:00,False,False,,,,
2026-07-15 06:35:24.619217+00:00,False,False,,,,
2026-07-15 06:35:25.619217+00:00,False,False,,,,
2026-07-15 06:35:26.619217+00:00,False,False,,,,
2026-07-15 06:35:27.619217+00:00,False,False,,,,
2026-07-15 06:35:28.619217+00:00,False,False,,,,
2026-07-15 06:35:29.619217+00:00,False,False,,,,
2026-07-15 06:35:30.619217+00:00,False,False,,,,
2026-07-15 06:35:31.619217+00:00,False,False,,,,
2026-07-15 06:35:32.619217+00:00,False,False,,,,
2026-07-15 06:35:33.619217+00:00,False,False,,,,
2026-07-15 06:35:34.619217+00:00,False,False,,,,
2026-07-15 06:35:35.619217+00:00,False,False,,,,
2026-07-15 06:35:36.619217+00:00,False,False,,,,
2026-07-15 06:35:37.619217+00:00,False,False,,,,
2026-07-15 06:35:38.619217+00:00,False,False,,,,
2026-07-15 06:35:39.619217+00:00,False,False,,,,
2026-07-15 06:35:40.619217+00:00,False,False,,,,
2026-07-15 06:35:41.619217+00:00,False,False,,,,
2026-07-15 06:35:42.619217+00:00,False,False,,,,
2026-07-15 06:35:43.619217+00:00,False,False,,,,
2026-07-15 06:35:44.619217+00:00,False,False,,,,
2026-07-15 06:35:45.619217+00:00,False,False,,,,
2026-07-15 06:35:46.619217+00:00,False,False,,,,
2026-07-15 06:35:47.619217+00:00,False,False,,,,
2026-07-15 06:35:48.619217+00:00,False,False,,,,
2026-07-15 06:35:49.619217+00:00,False,False,,,,
2026-07-15 06:35:50.619217+00:00,False,False,,,,
2026-07-15 06:35:51.619217+00:00,False,False,,,,
2026-07-15 06:35:52.619217+00:00,False,False,,,,
2026-07-15 06:35:53.619217+00:00,False,False,,,,
2026-07-15 06:35:54.619217+00:00,False,False,,,,
2026-07-15 06:35:55.619217+00:00,False,False,,,,
2026-07-15 06:35:56.619217+00:00,False,False,,,,
2026-07-15 06:35:57.619217+00:00,False,False,,,,
2026-07-15 06:35:58.619217+00:00,False,False,,,,
2026-07-15 06:35:59.619217+00:00,False,False,,,,
2026-07-15 06:36:00.619217+00:00,False,False,,,,
2026-07-15 06:36:01.619217+00:00,False,False,,,,
2026-07-15 06:36:02.619217+00:00,False,False,,,,
2026-07-15 06:36:03.619217+00:00,False,False,,,,
2026-07-15 06:36:04.619217+00:00,False,False,,,,
2026-07-15 06:36:05.619217+00:00,False,False,,,,
2026-07-15 06:36:06.619217+00:00,False,False,,,,
2026-07-15 06:36:07.619217+00:00,False,False,,,,
2026-07-15 06:36:08.619217+00:00,False,False,,,,
2026-07-15 06:36:09.619217+00:00,False,False,,,,
2026-07-15 06:36:10.619217+00:00,False,False,,,,
2026-07-15 06:36:11.619217+00:00,False,False,,,,
2026-07-15 06:36:12.619217+00:00,False,False,,,,
2026-07-15 06:36:13.619217+00:00,False,False,,,,
2026-07-15 06:36:14.619217+00:00,False,False,,,,
2026-07-15 06:36:15.619217+00:00,False,False,,,,
2026-07-15 06:36:16.619217+00:00,False,False,,,,
2026-07-15 06:36:17.619217+00:00,False,False,,,,
2026-07-15 06:36:18.619217+00:00,False,False,,,,
2026-07-15 06:36:19.619217+00:00,False,False,,,,
2026-07-15 06:36:20.619217+00:00,False,False,,,,
2026-07-15 06:36:21.619217+00:00,False,False,,,,
2026-07-15 06:36:22.619217+00:00,False,False,,,,
2026-07-15 06:36:23.619217+00:00,False,False,,,,
2026-07-15 06:36:24.619217+00:00,False,False,,,,
2026-07-15 06:36:25.619217+00:00,False,False,,,,
2026-07-15 06:36:26.619217+00:00,False,False,,,,
2026-07-15 06:36:27.619217+00:00,False,False,,,,
2026-07-15 06:36:28.619217+00:00,False,False,,,,
2026-07-15 06:36:29.619217+00:00,False,False,,,,
2026-07-15 06:36:30.619217+00:00,False,False,,,,
2026-07-15 06:36:31.619217+00:00,False,False,,,,
2026-07-15 06:36:32.619217+00:00,False,False,,,,
2026-07-15 06:36:33.619217+00:00,False,False,,,,
2026-07-15 06:36:34.619217+00:00,False,False,,,,
2026-07-15 06:36:35.619217+00:00,False,False,,,,
2026-07-15 06:36:36.619217+00:00,False,False,,,,
2026-07-15 06:36:37.619217+00:00,False,False,,,,
2026-07-15 06:36:38.619217+00:00,False,False,,,,
2026-07-15 06:36:39.619217+00:00,False,False,,,,
2026-07-15 06:36:40.619217+00:00,False,False,,,,
2026-07-15 06:36:41.619217+00:00,False,False,,,,
2026-07-15 06:36:42.619217+00:00,False,False,,,,
2026-07-15 06:36:43.619217+00:00,False,False,,,,
2026-07-15 06:36:44.619217+00:00,False,False,,,,
2026-07-15 06:36:45.619217+00:00,False,False,,,,
2026-07-15 06:36:46.619217+00:00,False,False,,,,
2026-07-15 06:36:47.619217+00:00,False,False,,,,
2026-07-15 06:36:48.619217+00:00,False,False,,,,
2026-07-15 06:36:49.619217+00:00,False,False,,,,
2026-07-15 06:36:50.619217+00:00,False,False,,,,
2026-07-15 06:36:51.619217+00:00,False,False,,,,
2026-07-15 06:36:52.619217+00:00,False,False,,,,
2026-07-15 06:36:53.619217+00:00,False,False,,,,
2026-07-15 06:36:54.619217+00:00,False,False,,,,
2026-07-15 06:36:55.619217+00:00,False,False,,,,
2026-07-15 06:36:56.619217+00:00,False,False,,,,
2026-07-15 06:36:57.619217+00:00,False,False,,,,
2026-07-15 06:36:58.619217+00:00,False,False,,,,
2026-07-15 06:36:59.619217+00:00,False,False,,,,
2026-07-15 06:37:00.619217+00:00,False,False,,,,
2026-07-15 06:37:01.619217+00:00,False,False,,,,
2026-07-15 06:37:02.619217+00:00,False,False,,,,
2026-07-15 06:37:03.619217+00:00,False,False,,,,
2026-07-15 06:37:04.619217+00:00,False,False,,,,
2026-07-15 06:37:05.619217+00:00,False,False,,,,
2026-07-15 06:37:06.619217+00:00,False,False,,,,
2026-07-15 06:37:07.619217+00:00,False,False,,,,
2026-07-15 06:37:08.619217+00:00,False,False,,,,
2026-07-15 06:37:09.619217+00:00,False,False,,,,
2026-07-15 06:37:10.619217+00:00,False,False,,,,
2026-07-15 06:37:11.619217+00:00,False,False,,,,
2026-07-15 06:37:12.619217+00:00,False,False,,,,
2026-07-15 06:37:13.619217+00:00,False,False,,,,
2026-07-15 06:37:14.619217+00:00,False,False,,,,
2026-07-15 06:37:15.619217+00:00,False,False,,,,
2026-07-15 06:37:16.619217+00:00,False,False,,,,
2026-07-15 06:37:17.619217+00:00,False,False,,,,
2026-07-15 06:37:18.619217+00:00,False,False,,,,
2026-07-15 06:37:19.619217+00:00,False,False,,,,
2026-07-15 06:37:20.619217+00:00,False,False,,,,
2026-07-15 06:37:21.619217+00:00,False,False,,,,
2026-07-15 06:37:22.619217+00:00,False,False,,,,
2026-07-15 06:37:23.619217+00:00,False,False,,,,
2026-07-15 06:37:24.619217+00:00,False,False,,,,
2026-07-15 06:37:25.619217+00:00,False,False,,,,
2026-07-15 06:37:26.619217+00:00,False,False,,,,
2026-07-15 06:37:27.619217+00:00,False,False,,,,
2026-07-15 06:37:28.619217+00:00,False,False,,,,
2026-07-15 06:37:29.619217+00:00,False,False,,,,
2026-07-15 06:37:30.619217+00:00,False,False,,,,
2026-07-15 06:37:31.619217+00:00,False,False,,,,
2026-07-15 06:37:32.619217+00:00,False,False,,,,
2026-07-15 06:37:33.619217+00:00,False,False,,,,
2026-07-15 06:37:34.619217+00:00,False,False,,,,
2026-07-15 06:37:35.619217+00:00,False,False,,,,
2026-07-15 06:37:36.619217+00:00,False,False,,,,
2026-07-15 06:37:37.619217+00:00,False,False,,,,
2026-07-15 06:37:38.619217+00:00,False,False,,,,
2026-07-15 06:37:39.619217+00:00,False,False,,,,
2026-07-15 06:37:40.619217+00:00,False,False,,,,
2026-07-15 06:37:41.619217+00:00,False,False,,,,
2026-07-15 06:37:42.619217+00:00,False,False,,,,
2026-07-15 06:37:43.619217+00:00,False,False,,,,
2026-07-15 06:37:44.619217+00:00,False,False,,,,
2026-07-15 06:37:45.619217+00:00,False,False,,,,
2026-07-15 06:37:46.619217+00:00,False,False,,,,
2026-07-15 06:37:47.619217+00:00,False,False,,,,
2026-07-15 06:37:48.619217+00:00,False,False,,,,
2026-07-15 06:37:49.619217+00:00,False,False,,,,
2026-07-15 06:37:50.619217+00:00,False,False,,,,
2026-07-15 06:37:51.619217+00:00,False,False,,,,
2026-07-15 06:37:52.619217+00:00,False,False,,,,
2026-07-15 06:37:53.619217+00:00,False,False,,,,
2026-07-15 06:37:54.619217+00:00,False,False,,,,
2026-07-15 06:37:55.619217+00:00,False,False,,,,
2026-07-15 06:37:56.619217+00:00,False,False,,,,
2026-07-15 06:37:57.619217+00:00,False,False,,,,
2026-07-15 06:37:58.619217+00:00,False,False,,,,
2026-07-15 06:37:59.619217+00:00,False,False,,,,
2026-07-15 06:38:00.619217+00:00,False,False,,,,
2026-07-15 06:38:01.619217+00:00,False,False,,,,
2026-07-15 06:38:02.619217+00:00,False,False,,,,
2026-07-15 06:38:03.619217+00:00,False,False,,,,
2026-07-15 06:38:04.619217+00:00,False,False,,,,
2026-07-15 06:38:05.619217+00:00,False,False,,,,
2026-07-15 06:38:06.619217+00:00,False,False,,,,
2026-07-15 06:38:07.619217+00:00,False,False,,,,
2026-07-15 06:38:08.619217+00:00,False,False,,,,
2026-07-15 06:38:09.619217+00:00,False,False,,,,
2026-07-15 06:38:10.619217+00:00,False,False,,,,
2026-07-15 06:38:11.619217+00:00,False,False,,,,
2026-07-15 06:38:12.619217+00:00,False,False,,,,
2026-07-15 06:38:13.619217+00:00,False,False,,,,
2026-07-15 06:38:14.619217+00:00,False,False,,,,
2026-07-15 06:38:15.619217+00:00,False,False,,,,
2026-07-15 06:38:16.619217+00:00,False,False,,,,
2026-07-15 06:38:17.619217+00:00,False,False,,,,
2026-07-15 06:38:18.619217+00:00,False,False,,,,
2026-07-15 06:38:19.619217+00:00,False,False,,,,
2026-07-15 06:38:20.619217+00:00,False,False,,,,
2026-07-15 06:38:21.619217+00:00,False,False,,,,
2026-07-15 06:38:22.619217+00:00,False,False,,,,
2026-07-15 06:38:23.619217+00:00,False,False,,,,
2026-07-15 06:38:24.619217+00:00,False,False,,,,
2026-07-15 06:38:25.619217+00:00,False,False,,,,
2026-07-15 06:38:26.619217+00:00,False,False,,,,
2026-07-15 06:38:27.619217+00:00,False,False,,,,
2026-07-15 06:38:28.619217+00:00,False,False,,,,
2026-07-15 06:38:29.619217+00:00,False,False,,,,
2026-07-15 06:38:30.619217+00:00,False,False,,,,
2026-07-15 06:38:31.619217+00:00,False,False,,,,
2026-07-15 06:38:32.619217+00:00,False,False,,,,
2026-07-15 06:38:33.619217+00:00,False,False,,,,
2026-07-15 06:38:34.619217+00:00,False,False,,,,
2026-07-15 06:38:35.619217+00:00,False,False,,,,
2026-07-15 06:38:36.619217+00:00,False,False,,,,
2026-07-15 06:38:37.619217+00:00,False,False,,,,
2026-07-15 06:38:38.619217+00:00,False,False,,,,
2026-07-15 06:38:39.619217+00:00,False,False,,,,
2026-07-15 06:38:40.619217+00:00,False,False,,,,
2026-07-15 06:38:41.619217+00:00,False,False,,,,
2026-07-15 06:38:42.619217+00:00,False,False,,,,
2026-07-15 06:38:43.619217+00:00,False,False,,,,
2026-07-15 06:38:44.619217+00:00,False,False,,,,
2026-07-15 06:38:45.619217+00:00,False,False,,,,
2026-07-15 06:38:46.619217+00:00,False,False,,,,
2026-07-15 06:38:47.619217+00:00,False,False,,,,
2026-07-15 06:38:48.619217+00:00,False,False,,,,
2026-07-15 06:38:49.619217+00:00,False,False,,,,
2026-07-15 06:38:50.619217+00:00,False,False,,,,
2026-07-15 06:38:51.619217+00:00,False,False,,,,
2026-07-15 06:38:52.619217+00:00,False,False,,,,
2026-07-15 06:38:53.619217+00:00,False,False,,,,
2026-07-15 06:38:54.619217+00:00,False,False,,,,
2026-07-15 06:38:55.619217+00:00,False,False,,,,
2026-07-15 06:38:56.619217+00:00,False,False,,,,
2026-07-15 06:38:57.619217+00:00,False,False,,,,
2026-07-15 06:38:58.619217+00:00,False,False,,,,
2026-07-15 06:38:59.619217+00:00,False,False,,,,
2026-07-15 06:39:00.619217+00:00,False,False,,,,
2026-07-15 06:39:01.619217+00:00,False,False,,,,
2026-07-15 06:39:02.619217+00:00,False,False,,,,
2026-07-15 06:39:03.619217+00:00,False,False,,,,
2026-07-15 06:39:04.619217+00:00,False,False,,,,
2026-07-15 06:39:05.619217+00:00,False,False,,,,
2026-07-15 06:39:06.619217+00:00,False,False,,,,
2026-07-15 06:39:07.619217+00:00,False,False,,,,
2026-07-15 06:39:08.619217+00:00,False,False,,,,
2026-07-15 06:39:09.619217+00:00,False,False,,,,
2026-07-15 06:39:10.619217+00:00,False,False,,,,
2026-07-15 06:39:11.619217+00:00,False,False,,,,
2026-07-15 06:39:12.619217+00:00,False,False,,,,
2026-07-15 06:39:13.619217+00:00,False,False,,,,
2026-07-15 06:39:14.619217+00:00,False,False,,,,
2026-07-15 06:39:15.619217+00:00,False,False,,,,
2026-07-15 06:39:16.619217+00:00,False,False,,,,
2026-07-15 06:39:17.619217+00:00,False,False,,,,
2026-07-15 06:39:18.619217+00:00,False,False,,,,
2026-07-15 06:39:19.619217+00:00,False,False,,,,
2026-07-15 06:39:20.619217+00:00,False,False,,,,
2026-07-15 06:39:21.619217+00:00,False,False,,,,
2026-07-15 06:39:22.619217+00:00,False,False,,,,
2026-07-15 06:39:23.619217+00:00,False,False,,,,
2026-07-15 06:39:24.619217+00:00,False,False,,,,
2026-07-15 06:39:25.619217+00:00,False,False,,,,
2026-07-15 06:39:26.619217+00:00,False,False,,,,
2026-07-15 06:39:27.619217+00:00,False,False,,,,
2026-07-15 06:39:28.619217+00:00,False,False,,,,
2026-07-15 06:39:29.619217+00:00,False,False,,,,
2026-07-15 06:39:30.619217+00:00,False,False,,,,
2026-07-15 06:39:31.619217+00:00,False,False,,,,
2026-07-15 06:39:32.619217+00:00,False,False,,,,
2026-07-15 06:39:33.619217+00:00,False,False,,,,
2026-07-15 06:39:34.619217+00:00,False,False,,,,
2026-07-15 06:39:35.619217+00:00,False,False,,,,
2026-07-15 06:39:36.619217+00:00,False,False,,,,
2026-07-15 06:39:37.619217+00:00,False,False,,,,
2026-07-15 06:39:38.619217+00:00,False,False,,,,
2026-07-15 06:39:39.619217+00:00,False,False,,,,
2026-07-15 06:39:40.619217+00:00,False,False,,,,
2026-07-15 06:39:41.619217+00:00,False,False,,,,
2026-07-15 06:39:42.619217+00:00,False,False,,,,
2026-07-15 06:39:43.619217+00:00,False,False,,,,
2026-07-15 06:39:44.619217+00:00,False,False,,,,
2026-07-15 06:39:45.619217+00:00,False,False,,,,
2026-07-15 06:39:46.619217+00:00,False,False,,,,
2026-07-15 06:39:47.619217+00:00,False,False,,,,
2026-07-15 06:39:48.619217+00:00,False,False,,,,
2026-07-15 06:39:49.619217+00:00,False,False,,,,
2026-07-15 06:39:50.619217+00:00,False,False,,,,
2026-07-15 06:39:51.619217+00:00,False,False,,,,
2026-07-15 06:39:52.619217+00:00,False,False,,,,
2026-07-15 06:39:53.619217+00:00,False,False,,,,
2026-07-15 06:39:54.619217+00:00,False,False,,,,
2026-07-15 06:39:55.619217+00:00,False,False,,,,
2026-07-15 06:39:56.619217+00:00,False,False,,,,
2026-07-15 06:39:57.619217+00:00,False,False,,,,
2026-07-15 06:39:58.619217+00:00,False,False,,,,
2026-07-15 06:39:59.619217+00:00,False,False,,,,
2026-07-15 06:40:00.619217+00:00,False,False,,,,
2026-07-15 06:40:01.619217+00:00,False,False,,,,
2026-07-15 06:40:02.619217+00:00,False,False,,,,
2026-07-15 06:40:03.619217+00:00,False,False,,,,
2026-07-15 06:40:04.619217+00:00,False,False,,,,
2026-07-15 06:40:05.619217+00:00,False,False,,,,
2026-07-15 06:40:06.619217+00:00,False,False,,,,
2026-07-15 06:40:07.619217+00:00,False,False,,,,
2026-07-15 06:40:08.619217+00:00,False,False,,,,
2026-07-15 06:40:09.619217+00:00,False,False,,,,
2026-07-15 06:40:10.619217+00:00,False,False,,,,
2026-07-15 06:40:11.619217+00:00,False,False,,,,
2026-07-15 06:40:12.619217+00:00,False,False,,,,
2026-07-15 06:40:13.619217+00:00,False,False,,,,
2026-07-15 06:40:14.619217+00:00,False,False,,,,
2026-07-15 06:40:15.619217+00:00,False,False,,,,
2026-07-15 06:40:16.619217+00:00,False,False,,,,
2026-07-15 06:40:17.619217+00:00,False,False,,,,
2026-07-15 06:40:18.619217+00:00,False,False,,,,
2026-07-15 06:40:19.619217+00:00,False,False,,,,
2026-07-15 06:40:20.619217+00:00,False,False,,,,
2026-07-15 06:40:21.619217+00:00,False,False,,,,
2026-07-15 06:40:22.619217+00:00,False,False,,,,
2026-07-15 06:40:23.619217+00:00,False,False,,,,
2026-07-15 06:40:24.619217+00:00,False,False,,,,
2026-07-15 06:40:25.619217+00:00,False,False,,,,
2026-07-15 06:40:26.619217+00:00,False,False,,,,
2026-07-15 06:40:27.619217+00:00,False,False,,,,
2026-07-15 06:40:28.619217+00:00,False,False,,,,
2026-07-15 06:40:29.619217+00:00,False,False,,,,
2026-07-15 06:40:30.619217+00:00,False,False,,,,
2026-07-15 06:40:31.619217+00:00,False,False,,,,
2026-07-15 06:40:32.619217+00:00,False,False,,,,
2026-07-15 06:40:33.619217+00:00,False,False,,,,
2026-07-15 06:40:34.619217+00:00,False,False,,,,
2026-07-15 06:40:35.619217+00:00,False,False,,,,
2026-07-15 06:40:36.619217+00:00,False,False,,,,
2026-07-15 06:40:37.619217+00:00,False,False,,,,
2026-07-15 06:40:38.619217+00:00,False,False,,,,
2026-07-15 06:40:39.619217+00:00,False,False,,,,
2026-07-15 06:40:40.619217+00:00,False,False,,,,
2026-07-15 06:40:41.619217+00:00,False,False,,,,
2026-07-15 06:40:42.619217+00:00,False,False,,,,
2026-07-15 06:40:43.619217+00:00,False,False,,,,
2026-07-15 06:40:44.619217+00:00,False,False,,,,
2026-07-15 06:40:45.619217+00:00,False,False,,,,
2026-07-15 06:40:46.619217+00:00,False,False,,,,
2026-07-15 06:40:47.619217+00:00,False,False,,,,
2026-07-15 06:40:48.619217+00:00,False,False,,,,
2026-07-15 06:40:49.619217+00:00,False,False,,,,
2026-07-15 06:40:50.619217+00:00,False,False,,,,
2026-07-15 06:40:51.619217+00:00,False,False,,,,
2026-07-15 06:40:52.619217+00:00,False,False,,,,
2026-07-15 06:40:53.619217+00:00,False,False,,,,
2026-07-15 06:40:54.619217+00:00,False,False,,,,
2026-07-15 06:40:55.619217+00:00,False,False,,,,
2026-07-15 06:40:56.619217+00:00,False,False,,,,
2026-07-15 06:40:57.619217+00:00,False,False,,,,
2026-07-15 06:40:58.619217+00:00,False,False,,,,
2026-07-15 06:40:59.619217+00:00,False,False,,,,
2026-07-15 06:41:00.619217+00:00,False,False,,,,
2026-07-15 06:41:01.619217+00:00,False,False,,,,
2026-07-15 06:41:02.619217+00:00,False,False,,,,
2026-07-15 06:41:03.619217+00:00,False,False,,,,
2026-07-15 06:41:04.619217+00:00,False,False,,,,
2026-07-15 06:41:05.619217+00:00,False,False,,,,
2026-07-15 06:41:06.619217+00:00,False,False,,,,
2026-07-15 06:41:07.619217+00:00,False,False,,,,
2026-07-15 06:41:08.619217+00:00,False,False,,,,
2026-07-15 06:41:09.619217+00:00,False,False,,,,
2026-07-15 06:41:10.619217+00:00,False,False,,,,
2026-07-15 06:41:11.619217+00:00,False,False,,,,
2026-07-15 06:41:12.619217+00:00,False,False,,,,
2026-07-15 06:41:13.619217+00:00,False,False,,,,
2026-07-15 06:41:14.619217+00:00,False,False,,,,
2026-07-15 06:41:15.619217+00:00,False,False,,,,
2026-07-15 06:41:16.619217+00:00,False,False,,,,
2026-07-15 06:41:17.619217+00:00,False,False,,,,
2026-07-15 06:41:18.619217+00:00,False,False,,,,
2026-07-15 06:41:19.619217+00:00,False,False,,,,
2026-07-15 06:41:20.619217+00:00,False,False,,,,
2026-07-15 06:41:21.619217+00:00,False,False,,,,
2026-07-15 06:41:22.619217+00:00,False,False,,,,
2026-07-15 06:41:23.619217+00:00,False,False,,,,
2026-07-15 06:41:24.619217+00:00,False,False,,,,
2026-07-15 06:41:25.619217+00:00,False,False,,,,
2026-07-15 06:41:26.619217+00:00,False,False,,,,
2026-07-15 06:41:27.619217+00:00,False,False,,,,
2026-07-15 06:41:28.619217+00:00,False,False,,,,
2026-07-15 06:41:29.619217+00:00,False,False,,,,
2026-07-15 06:41:30.619217+00:00,False,False,,,,
2026-07-15 06:41:31.619217+00:00,False,False,,,,
2026-07-15 06:41:32.619217+00:00,False,False,,,,
2026-07-15 06:41:33.619217+00:00,False,False,,,,
2026-07-15 06:41:34.619217+00:00,False,False,,,,
2026-07-15 06:41:35.619217+00:00,False,False,,,,
2026-07-15 06:41:36.619217+00:00,False,False,,,,
2026-07-15 06:41:37.619217+00:00,False,False,,,,
2026-07-15 06:41:38.619217+00:00,False,False,,,,
2026-07-15 06:41:39.619217+00:00,False,False,,,,
2026-07-15 06:41:40.619217+00:00,False,False,,,,
2026-07-15 06:41:41.619217+00:00,False,False,,,,
2026-07-15 06:41:42.619217+00:00,False,False,,,,
2026-07-15 06:41:43.619217+00:00,False,False,,,,
2026-07-15 06:41:44.619217+00:00,False,False,,,,
2026-07-15 06:41:45.619217+00:00,False,False,,,,
2026-07-15 06:41:46.619217+00:00,False,False,,,,
2026-07-15 06:41:47.619217+00:00,False,False,,,,
2026-07-15 06:41:48.619217+00:00,False,False,,,,
2026-07-15 06:41:49.619217+00:00,False,False,,,,
2026-07-15 06:41:50.619217+00:00,False,False,,,,
2026-07-15 06:41:51.619217+00:00,False,False,,,,
2026-07-15 06:41:52.619217+00:00,False,False,,,,
2026-07-15 06:41:53.619217+00:00,False,False,,,,
2026-07-15 06:41:54.619217+00:00,False,False,,,,
2026-07-15 06:41:55.619217+00:00,False,False,,,,
2026-07-15 06:41:56.619217+00:00,False,False,,,,
2026-07-15 06:41:57.619217+00:00,False,False,,,,
2026-07-15 06:41:58.619217+00:00,False,False,,,,
2026-07-15 06:41:59.619217+00:00,False,False,,,,
2026-07-15 06:42:00.619217+00:00,False,False,,,,
2026-07-15 06:42:01.619217+00:00,False,False,,,,
2026-07-15 06:42:02.619217+00:00,False,False,,,,
2026-07-15 06:42:03.619217+00:00,False,False,,,,
2026-07-15 06:42:04.619217+00:00,False,False,,,,
2026-07-15 06:42:05.619217+00:00,False,False,,,,
2026-07-15 06:42:06.619217+00:00,False,False,,,,
2026-07-15 06:42:07.619217+00:00,False,False,,,,
2026-07-15 06:42:08.619217+00:00,False,False,,,,
2026-07-15 06:42:09.619217+00:00,False,False,,,,
2026-07-15 06:42:10.619217+00:00,False,False,,,,
2026-07-15 06:42:11.619217+00:00,False,False,,,,
2026-07-15 06:42:12.619217+00:00,False,False,,,,
2026-07-15 06:42:13.619217+00:00,False,False,,,,
2026-07-15 06:42:14.619217+00:00,False,False,,,,
2026-07-15 06:42:15.619217+00:00,False,False,,,,
2026-07-15 06:42:16.619217+00:00,False,False,,,,
2026-07-15 06:42:17.619217+00:00,False,False,,,,
2026-07-15 06:42:18.619217+00:00,False,False,,,,
2026-07-15 06:42:19.619217+00:00,False,False,,,,
2026-07-15 06:42:20.619217+00:00,False,False,,,,
2026-07-15 06:42:21.619217+00:00,False,False,,,,
2026-07-15 06:42:22.619217+00:00,False,False,,,,
2026-07-15 06:42:23.619217+00:00,False,False,,,,
2026-07-15 06:42:24.619217+00:00,False,False,,,,
2026-07-15 06:42:25.619217+00:00,False,False,,,,
2026-07-15 06:42:26.619217+00:00,False,False,,,,
2026-07-15 06:42:27.619217+00:00,False,False,,,,
2026-07-15 06:42:28.619217+00:00,False,False,,,,
2026-07-15 06:42:29.619217+00:00,False,False,,,,
2026-07-15 06:42:30.619217+00:00,False,False,,,,
2026-07-15 06:42:31.619217+00:00,False,False,,,,
2026-07-15 06:42:32.619217+00:00,False,False,,,,
2026-07-15 06:42:33.619217+00:00,False,False,,,,
2026-07-15 06:42:34.619217+00:00,False,False,,,,
2026-07-15 06:42:35.619217+00:00,False,False,,,,
2026-07-15 06:42:36.619217+00:00,False,False,,,,
2026-07-15 06:42:37.619217+00:00,False,False,,,,
2026-07-15 06:42:38.619217+00:00,False,False,,,,
2026-07-15 06:42:39.619217+00:00,False,False,,,,
2026-07-15 06:42:40.619217+00:00,False,False,,,,
2026-07-15 06:42:41.619217+00:00,False,False,,,,
2026-07-15 06:42:42.619217+00:00,False,False,,,,
2026-07-15 06:42:43.619217+00:00,False,False,,,,
2026-07-15 06:42:44.619217+00:00,False,False,,,,
2026-07-15 06:42:45.619217+00:00,False,False,,,,
2026-07-15 06:42:46.619217+00:00,False,False,,,,
2026-07-15 06:42:47.619217+00:00,False,False,,,,
2026-07-15 06:42:48.619217+00:00,False,False,,,,
2026-07-15 06:42:49.619217+00:00,False,False,,,,
2026-07-15 06:42:50.619217+00:00,False,False,,,,
2026-07-15 06:42:51.619217+00:00,False,False,,,,
2026-07-15 06:42:52.619217+00:00,False,False,,,,
2026-07-15 06:42:53.619217+00:00,False,False,,,,
2026-07-15 06:42:54.619217+00:00,False,False,,,,
2026-07-15 06:42:55.619217+00:00,False,False,,,,
2026-07-15 06:42:56.619217+00:00,False,False,,,,
2026-07-15 06:42:57.619217+00:00,False,False,,,,
2026-07-15 06:42:58.619217+00:00,False,False,,,,
2026-07-15 06:42:59.619217+00:00,False,False,,,,
2026-07-15 06:43:00.619217+00:00,False,False,,,,
2026-07-15 06:43:01.619217+00:00,False,False,,,,
2026-07-15 06:43:02.619217+00:00,False,False,,,,
2026-07-15 06:43:03.619217+00:00,False,False,,,,
2026-07-15 06:43:04.619217+00:00,False,False,,,,
2026-07-15 06:43:05.619217+00:00,False,False,,,,
2026-07-15 06:43:06.619217+00:00,False,False,,,,
2026-07-15 06:43:07.619217+00:00,False,False,,,,
2026-07-15 06:43:08.619217+00:00,False,False,,,,
2026-07-15 06:43:09.619217+00:00,False,False,,,,
2026-07-15 06:43:10.619217+00:00,False,False,,,,
2026-07-15 06:43:11.619217+00:00,False,False,,,,
2026-07-15 06:43:12.619217+00:00,False,False,,,,
2026-07-15 06:43:13.619217+00:00,False,False,,,,
2026-07-15 06:43:14.619217+00:00,False,False,,,,
2026-07-15 06:43:15.619217+00:00,False,False,,,,
2026-07-15 06:43:16.619217+00:00,False,False,,,,
2026-07-15 06:43:17.619217+00:00,False,False,,,,
2026-07-15 06:43:18.619217+00:00,False,False,,,,
2026-07-15 06:43:19.619217+00:00,False,False,,,,
2026-07-15 06:43:20.619217+00:00,False,False,,,,
2026-07-15 06:43:21.619217+00:00,False,False,,,,
2026-07-15 06:43:22.619217+00:00,False,False,,,,
2026-07-15 06:43:23.619217+00:00,False,False,,,,
2026-07-15 06:43:24.619217+00:00,False,False,,,,
2026-07-15 06:43:25.619217+00:00,False,False,,,,
2026-07-15 06:43:26.619217+00:00,False,False,,,,
2026-07-15 06:43:27.619217+00:00,False,False,,,,
2026-07-15 06:43:28.619217+00:00,False,False,,,,
2026-07-15 06:43:29.619217+00:00,False,False,,,,
2026-07-15 06:43:30.619217+00:00,False,False,,,,
2026-07-15 06:43:31.619217+00:00,False,False,,,,
2026-07-15 06:43:32.619217+00:00,False,False,,,,
2026-07-15 06:43:33.619217+00:00,False,False,,,,
2026-07-15 06:43:34.619217+00:00,False,False,,,,
2026-07-15 06:43:35.619217+00:00,False,False,,,,
2026-07-15 06:43:36.619217+00:00,False,False,,,,
2026-07-15 06:43:37.619217+00:00,False,False,,,,
2026-07-15 06:43:38.619217+00:00,False,False,,,,
2026-07-15 06:43:39.619217+00:00,False,False,,,,
2026-07-15 06:43:40.619217+00:00,False,False,,,,
2026-07-15 06:43:41.619217+00:00,False,False,,,,
2026-07-15 06:43:42.619217+00:00,False,False,,,,
2026-07-15 06:43:43.619217+00:00,False,False,,,,
2026-07-15 06:43:44.619217+00:00,False,False,,,,
2026-07-15 06:43:45.619217+00:00,False,False,,,,
2026-07-15 06:43:46.619217+00:00,False,False,,,,
2026-07-15 06:43:47.619217+00:00,False,False,,,,
2026-07-15 06:43:48.619217+00:00,False,False,,,,
2026-07-15 06:43:49.619217+00:00,False,False,,,,
2026-07-15 06:43:50.619217+00:00,False,False,,,,
2026-07-15 06:43:51.619217+00:00,False,False,,,,
2026-07-15 06:43:52.619217+00:00,False,False,,,,
2026-07-15 06:43:53.619217+00:00,False,False,,,,
2026-07-15 06:43:54.619217+00:00,False,False,,,,
2026-07-15 06:43:55.619217+00:00,False,False,,,,
2026-07-15 06:43:56.619217+00:00,False,False,,,,
2026-07-15 06:43:57.619217+00:00,False,False,,,,
2026-07-15 06:43:58.619217+00:00,False,False,,,,
2026-07-15 06:43:59.619217+00:00,False,False,,,,
2026-07-15 06:44:00.619217+00:00,False,False,,,,
2026-07-15 06:44:01.619217+00:00,False,False,,,,
2026-07-15 06:44:02.619217+00:00,False,False,,,,
2026-07-15 06:44:03.619217+00:00,False,False,,,,
2026-07-15 06:44:04.619217+00:00,False,False,,,,
2026-07-15 06:44:05.619217+00:00,False,False,,,,
2026-07-15 06:44:06.619217+00:00,False,False,,,,
2026-07-15 06:44:07.619217+00:00,False,False,,,,
2026-07-15 06:44:08.619217+00:00,False,False,,,,
2026-07-15 06:44:09.619217+00:00,False,False,,,,
2026-07-15 06:44:10.619217+00:00,False,False,,,,
2026-07-15 06:44:11.619217+00:00,False,False,,,,
2026-07-15 06:44:12.619217+00:00,False,False,,,,
2026-07-15 06:44:13.619217+00:00,False,False,,,,
2026-07-15 06:44:14.619217+00:00,False,False,,,,
2026-07-15 06:44:15.619217+00:00,False,False,,,,
2026-07-15 06:44:16.619217+00:00,False,False,,,,
2026-07-15 06:44:17.619217+00:00,False,False,,,,
2026-07-15 06:44:18.619217+00:00,False,False,,,,
2026-07-15 06:44:19.619217+00:00,False,False,,,,
2026-07-15 06:44:20.619217+00:00,False,False,,,,
2026-07-15 06:44:21.619217+00:00,False,False,,,,
2026-07-15 06:44:22.619217+00:00,False,False,,,,
2026-07-15 06:44:23.619217+00:00,False,False,,,,
2026-07-15 06:44:24.619217+00:00,False,False,,,,
2026-07-15 06:44:25.619217+00:00,False,False,,,,
2026-07-15 06:44:26.619217+00:00,False,False,,,,
2026-07-15 06:44:27.619217+00:00,False,False,,,,
2026-07-15 06:44:28.619217+00:00,False,False,,,,
2026-07-15 06:44:29.619217+00:00,False,False,,,,
2026-07-15 06:44:30.619217+00:00,False,False,,,,
2026-07-15 06:44:31.619217+00:00,False,False,,,,
2026-07-15 06:44:32.619217+00:00,False,False,,,,
2026-07-15 06:44:33.619217+00:00,False,False,,,,
2026-07-15 06:44:34.619217+00:00,False,False,,,,
2026-07-15 06:44:35.619217+00:00,False,False,,,,
2026-07-15 06:44:36.619217+00:00,False,False,,,,
2026-07-15 06:44:37.619217+00:00,False,False,,,,
2026-07-15 06:44:38.619217+00:00,False,False,,,,
2026-07-15 06:44:39.619217+00:00,False,False,,,,
2026-07-15 06:44:40.619217+00:00,False,False,,,,
2026-07-15 06:44:41.619217+00:00,False,False,,,,
2026-07-15 06:44:42.619217+00:00,False,False,,,,
2026-07-15 06:44:43.619217+00:00,False,False,,,,
2026-07-15 06:44:44.619217+00:00,False,False,,,,
2026-07-15 06:44:45.619217+00:00,False,False,,,,
2026-07-15 06:44:46.619217+00:00,False,False,,,,
2026-07-15 06:44:47.619217+00:00,False,False,,,,
2026-07-15 06:44:48.619217+00:00,False,False,,,,
2026-07-15 06:44:49.619217+00:00,False,False,,,,
2026-07-15 06:44:50.619217+00:00,False,False,,,,
2026-07-15 06:44:51.619217+00:00,False,False,,,,
2026-07-15 06:44:52.619217+00:00,False,False,,,,
2026-07-15 06:44:53.619217+00:00,False,False,,,,
2026-07-15 06:44:54.619217+00:00,False,False,,,,
2026-07-15 06:44:55.619217+00:00,False,False,,,,
2026-07-15 06:44:56.619217+00:00,False,False,,,,
2026-07-15 06:44:57.619217+00:00,False,False,,,,
2026-07-15 06:44:58.619217+00:00,False,False,,,,
2026-07-15 06:44:59.619217+00:00,False,False,,,,
2026-07-15 06:45:00.619217+00:00,False,False,,,,
2026-07-15 06:45:01.619217+00:00,False,False,,,,
2026-07-15 06:45:02.619217+00:00,False,False,,,,
2026-07-15 06:45:03.619217+00:00,False,False,,,,
2026-07-15 06:45:04.619217+00:00,False,False,,,,
2026-07-15 06:45:05.619217+00:00,False,False,,,,
2026-07-15 06:45:06.619217+00:00,False,False,,,,
2026-07-15 06:45:07.619217+00:00,False,False,,,,
2026-07-15 06:45:08.619217+00:00,False,False,,,,
2026-07-15 06:45:09.619217+00:00,False,False,,,,
2026-07-15 06:45:10.619217+00:00,False,False,,,,
2026-07-15 06:45:11.619217+00:00,False,False,,,,
2026-07-15 06:45:12.619217+00:00,False,False,,,,
2026-07-15 06:45:13.619217+00:00,False,False,,,,
2026-07-15 06:45:14.619217+00:00,False,False,,,,
2026-07-15 06:45:15.619217+00:00,False,False,,,,
2026-07-15 06:45:16.619217+00:00,False,False,,,,
2026-07-15 06:45:17.619217+00:00,False,False,,,,
2026-07-15 06:45:18.619217+00:00,False,False,,,,
2026-07-15 06:45:19.619217+00:00,False,False,,,,
2026-07-15 06:45:20.619217+00:00,False,False,,,,
2026-07-15 06:45:21.619217+00:00,False,False,,,,
2026-07-15 06:45:22.619217+00:00,False,False,,,,
2026-07-15 06:45:23.619217+00:00,False,False,,,,
2026-07-15 06:45:24.619217+00:00,False,False,,,,
2026-07-15 06:45:25.619217+00:00,False,False,,,,
2026-07-15 06:45:26.619217+00:00,False,False,,,,
2026-07-15 06:45:27.619217+00:00,False,False,,,,
2026-07-15 06:45:28.619217+00:00,False,False,,,,
2026-07-15 06:45:29.619217+00:00,False,False,,,,
2026-07-15 06:45:30.619217+00:00,False,False,,,,
2026-07-15 06:45:31.619217+00:00,False,False,,,,
2026-07-15 06:45:32.619217+00:00,False,False,,,,
2026-07-15 06:45:33.619217+00:00,False,False,,,,
2026-07-15 06:45:34.619217+00:00,False,False,,,,
2026-07-15 06:45:35.619217+00:00,False,False,,,,
2026-07-15 06:45:36.619217+00:00,False,False,,,,
2026-07-15 06:45:37.619217+00:00,False,False,,,,
2026-07-15 06:45:38.619217+00:00,False,False,,,,
2026-07-15 06:45:39.619217+00:00,False,False,,,,
2026-07-15 06:45:40.619217+00:00,False,False,,,,
2026-07-15 06:45:41.619217+00:00,False,False,,,,
2026-07-15 06:45:42.619217+00:00,False,False,,,,
2026-07-15 06:45:43.619217+00:00,False,False,,,,
2026-07-15 06:45:44.619217+00:00,False,False,,,,
2026-07-15 06:45:45.619217+00:00,False,False,,,,
2026-07-15 06:45:46.619217+00:00,False,False,,,,
2026-07-15 06:45:47.619217+00:00,False,False,,,,
2026-07-15 06:45:48.619217+00:00,False,False,,,,
2026-07-15 06:45:49.619217+00:00,False,False,,,,
2026-07-15 06:45:50.619217+00:00,False,False,,,,
2026-07-15 06:45:51.619217+00:00,False,False,,,,
2026-07-15 06:45:52.619217+00:00,False,False,,,,
2026-07-15 06:45:53.619217+00:00,False,False,,,,
2026-07-15 06:45:54.619217+00:00,False,False,,,,
2026-07-15 06:45:55.619217+00:00,False,False,,,,
2026-07-15 06:45:56.619217+00:00,False,False,,,,
2026-07-15 06:45:57.619217+00:00,False,False,,,,
2026-07-15 06:45:58.619217+00:00,False,False,,,,
2026-07-15 06:45:59.619217+00:00,False,False,,,,
2026-07-15 06:46:00.619217+00:00,False,False,,,,
2026-07-15 06:46:01.619217+00:00,False,False,,,,
2026-07-15 06:46:02.619217+00:00,False,False,,,,
2026-07-15 06:46:03.619217+00:00,False,False,,,,
2026-07-15 06:46:04.619217+00:00,False,False,,,,
2026-07-15 06:46:05.619217+00:00,False,False,,,,
2026-07-15 06:46:06.619217+00:00,False,False,,,,
2026-07-15 06:46:07.619217+00:00,False,False,,,,
2026-07-15 06:46:08.619217+00:00,False,False,,,,
2026-07-15 06:46:09.619217+00:00,False,False,,,,
2026-07-15 06:46:10.619217+00:00,False,False,,,,
2026-07-15 06:46:11.619217+00:00,False,False,,,,
2026-07-15 06:46:12.619217+00:00,False,False,,,,
2026-07-15 06:46:13.619217+00:00,False,False,,,,
2026-07-15 06:46:14.619217+00:00,False,False,,,,
2026-07-15 06:46:15.619217+00:00,False,False,,,,
2026-07-15 06:46:16.619217+00:00,False,False,,,,
2026-07-15 06:46:17.619217+00:00,False,False,,,,
2026-07-15 06:46:18.619217+00:00,False,False,,,,
2026-07-15 06:46:19.619217+00:00,False,False,,,,
2026-07-15 06:46:20.619217+00:00,False,False,,,,
2026-07-15 06:46:21.619217+00:00,False,False,,,,
2026-07-15 06:46:22.619217+00:00,False,False,,,,
2026-07-15 06:46:23.619217+00:00,False,False,,,,
2026-07-15 06:46:24.619217+00:00,False,False,,,,
2026-07-15 06:46:25.619217+00:00,False,False,,,,
2026-07-15 06:46:26.619217+00:00,False,False,,,,
2026-07-15 06:46:27.619217+00:00,False,False,,,,
2026-07-15 06:46:28.619217+00:00,False,False,,,,
2026-07-15 06:46:29.619217+00:00,False,False,,,,
2026-07-15 06:46:30.619217+00:00,False,False,,,,
2026-07-15 06:46:31.619217+00:00,False,False,,,,
2026-07-15 06:46:32.619217+00:00,False,False,,,,
2026-07-15 06:46:33.619217+00:00,False,False,,,,
2026-07-15 06:46:34.619217+00:00,False,False,,,,
2026-07-15 06:46:35.619217+00:00,False,False,,,,
2026-07-15 06:46:36.619217+00:00,False,False,,,,
2026-07-15 06:46:37.619217+00:00,False,False,,,,
2026-07-15 06:46:38.619217+00:00,False,False,,,,
2026-07-15 06:46:39.619217+00:00,False,False,,,,
2026-07-15 06:46:40.619217+00:00,False,False,,,,
2026-07-15 06:46:41.619217+00:00,False,False,,,,
2026-07-15 06:46:42.619217+00:00,False,False,,,,
2026-07-15 06:46:43.619217+00:00,False,False,,,,
2026-07-15 06:46:44.619217+00:00,False,False,,,,
2026-07-15 06:46:45.619217+00:00,False,False,,,,
2026-07-15 06:46:46.619217+00:00,False,False,,,,
2026-07-15 06:46:47.619217+00:00,False,False,,,,
2026-07-15 06:46:48.619217+00:00,False,False,,,,
2026-07-15 06:46:49.619217+00:00,False,False,,,,
2026-07-15 06:46:50.619217+00:00,False,False,,,,
2026-07-15 06:46:51.619217+00:00,False,False,,,,
2026-07-15 06:46:52.619217+00:00,False,False,,,,
2026-07-15 06:46:53.619217+00:00,False,False,,,,
2026-07-15 06:46:54.619217+00:00,False,False,,,,
2026-07-15 06:46:55.619217+00:00,False,False,,,,
2026-07-15 06:46:56.619217+00:00,False,False,,,,
2026-07-15 06:46:57.619217+00:00,False,False,,,,
2026-07-15 06:46:58.619217+00:00,False,False,,,,
2026-07-15 06:46:59.619217+00:00,False,False,,,,
2026-07-15 06:47:00.619217+00:00,False,False,,,,
2026-07-15 06:47:01.619217+00:00,False,False,,,,
2026-07-15 06:47:02.619217+00:00,False,False,,,,
2026-07-15 06:47:03.619217+00:00,False,False,,,,
2026-07-15 06:47:04.619217+00:00,False,False,,,,
2026-07-15 06:47:05.619217+00:00,False,False,,,,
2026-07-15 06:47:06.619217+00:00,False,False,,,,
2026-07-15 06:47:07.619217+00:00,False,False,,,,
2026-07-15 06:47:08.619217+00:00,False,False,,,,
2026-07-15 06:47:09.619217+00:00,False,False,,,,
2026-07-15 06:47:10.619217+00:00,False,False,,,,
2026-07-15 06:47:11.619217+00:00,False,False,,,,
2026-07-15 06:47:12.619217+00:00,False,False,,,,
2026-07-15 06:47:13.619217+00:00,False,False,,,,
2026-07-15 06:47:14.619217+00:00,False,False,,,,
2026-07-15 06:47:15.619217+00:00,False,False,,,,
2026-07-15 06:47:16.619217+00:00,False,False,,,,
2026-07-15 06:47:17.619217+00:00,False,False,,,,
2026-07-15 06:47:18.619217+00:00,False,False,,,,
2026-07-15 06:47:19.619217+00:00,False,False,,,,
2026-07-15 06:47:20.619217+00:00,False,False,,,,
2026-07-15 06:47:21.619217+00:00,False,False,,,,
2026-07-15 06:47:22.619217+00:00,False,False,,,,
2026-07-15 06:47:23.619217+00:00,False,False,,,,
2026-07-15 06:47:24.619217+00:00,False,False,,,,
2026-07-15 06:47:25.619217+00:00,False,False,,,,
2026-07-15 06:47:26.619217+00:00,False,False,,,,
2026-07-15 06:47:27.619217+00:00,False,False,,,,
2026-07-15 06:47:28.619217+00:00,False,False,,,,
2026-07-15 06:47:29.619217+00:00,False,False,,,,
2026-07-15 06:47:30.619217+00:00,False,False,,,,
2026-07-15 06:47:31.619217+00:00,False,False,,,,
2026-07-15 06:47:32.619217+00:00,False,False,,,,
2026-07-15 06:47:33.619217+00:00,False,False,,,,
2026-07-15 06:47:34.619217+00:00,False,False,,,,
2026-07-15 06:47:35.619217+00:00,False,False,,,,
2026-07-15 06:47:36.619217+00:00,False,False,,,,
2026-07-15 06:47:37.619217+00:00,False,False,,,,
2026-07-15 06:47:38.619217+00:00,False,False,,,,
2026-07-15 06:47:39.619217+00:00,False,False,,,,
2026-07-15 06:47:40.619217+00:00,False,False,,,,
2026-07-15 06:47:41.619217+00:00,False,False,,,,
2026-07-15 06:47:42.619217+00:00,False,False,,,,
2026-07-15 06:47:43.619217+00:00,False,False,,,,
2026-07-15 06:47:44.619217+00:00,False,False,,,,
2026-07-15 06:47:45.619217+00:00,False,False,,,,
2026-07-15 06:47:46.619217+00:00,False,False,,,,
2026-07-15 06:47:47.619217+00:00,False,False,,,,
2026-07-15 06:47:48.619217+00:00,False,False,,,,
2026-07-15 06:47:49.619217+00:00,False,False,,,,
2026-07-15 06:47:50.619217+00:00,False,False,,,,
2026-07-15 06:47:51.619217+00:00,False,False,,,,
2026-07-15 06:47:52.619217+00:00,False,False,,,,
2026-07-15 06:47:53.619217+00:00,False,False,,,,
2026-07-15 06:47:54.619217+00:00,False,False,,,,
2026-07-15 06:47:55.619217+00:00,False,False,,,,
2026-07-15 06:47:56.619217+00:00,False,False,,,,
2026-07-15 06:47:57.619217+00:00,False,False,,,,
2026-07-15 06:47:58.619217+00:00,False,False,,,,
2026-07-15 06:47:59.619217+00:00,False,False,,,,
2026-07-15 06:48:00.619217+00:00,False,False,,,,
2026-07-15 06:48:01.619217+00:00,False,False,,,,
2026-07-15 06:48:02.619217+00:00,False,False,,,,
2026-07-15 06:48:03.619217+00:00,False,False,,,,
2026-07-15 06:48:04.619217+00:00,False,False,,,,
2026-07-15 06:48:05.619217+00:00,False,False,,,,
2026-07-15 06:48:06.619217+00:00,False,False,,,,
2026-07-15 06:48:07.619217+00:00,False,False,,,,
2026-07-15 06:48:08.619217+00:00,False,False,,,,
2026-07-15 06:48:09.619217+00:00,False,False,,,,
2026-07-15 06:48:10.619217+00:00,False,False,,,,
2026-07-15 06:48:11.619217+00:00,False,False,,,,
2026-07-15 06:48:12.619217+00:00,False,False,,,,
2026-07-15 06:48:13.619217+00:00,False,False,,,,
2026-07-15 06:48:14.619217+00:00,False,False,,,,
2026-07-15 06:48:15.619217+00:00,False,False,,,,
2026-07-15 06:48:16.619217+00:00,False,False,,,,
2026-07-15 06:48:17.619217+00:00,False,False,,,,
2026-07-15 06:48:18.619217+00:00,False,False,,,,
2026-07-15 06:48:19.619217+00:00,False,False,,,,
2026-07-15 06:48:20.619217+00:00,False,False,,,,
2026-07-15 06:48:21.619217+00:00,False,False,,,,
2026-07-15 06:48:22.619217+00:00,False,False,,,,
2026-07-15 06:48:23.619217+00:00,False,False,,,,
2026-07-15 06:48:24.619217+00:00,False,False,,,,
2026-07-15 06:48:25.619217+00:00,False,False,,,,
2026-07-15 06:48:26.619217+00:00,False,False,,,,
2026-07-15 06:48:27.619217+00:00,False,False,,,,
2026-07-15 06:48:28.619217+00:00,False,False,,,,
2026-07-15 06:48:29.619217+00:00,False,False,,,,
2026-07-15 06:48:30.619217+00:00,False,False,,,,
2026-07-15 06:48:31.619217+00:00,False,False,,,,
2026-07-15 06:48:32.619217+00:00,False,False,,,,
2026-07-15 06:48:33.619217+00:00,False,False,,,,
2026-07-15 06:48:34.619217+00:00,False,False,,,,
2026-07-15 06:48:35.619217+00:00,False,False,,,,
2026-07-15 06:48:36.619217+00:00,False,False,,,,
2026-07-15 06:48:37.619217+00:00,False,False,,,,
2026-07-15 06:48:38.619217+00:00,False,False,,,,
2026-07-15 06:48:39.619217+00:00,False,False,,,,
2026-07-15 06:48:40.619217+00:00,False,False,,,,
2026-07-15 06:48:41.619217+00:00,False,False,,,,
2026-07-15 06:48:42.619217+00:00,False,False,,,,
2026-07-15 06:48:43.619217+00:00,False,False,,,,
2026-07-15 06:48:44.619217+00:00,False,False,,,,
2026-07-15 06:48:45.619217+00:00,False,False,,,,
2026-07-15 06:48:46.619217+00:00,False,False,,,,
2026-07-15 06:48:47.619217+00:00,False,False,,,,
2026-07-15 06:48:48.619217+00:00,False,False,,,,
2026-07-15 06:48:49.619217+00:00,False,False,,,,
2026-07-15 06:48:50.619217+00:00,False,False,,,,
2026-07-15 06:48:51.619217+00:00,False,False,,,,
2026-07-15 06:48:52.619217+00:00,False,False,,,,
2026-07-15 06:48:53.619217+00:00,False,False,,,,
2026-07-15 06:48:54.619217+00:00,False,False,,,,
2026-07-15 06:48:55.619217+00:00,False,False,,,,
2026-07-15 06:48:56.619217+00:00,False,False,,,,
2026-07-15 06:48:57.619217+00:00,False,False,,,,
2026-07-15 06:48:58.619217+00:00,False,False,,,,
2026-07-15 06:48:59.619217+00:00,False,False,,,,
2026-07-15 06:49:00.619217+00:00,False,False,,,,
2026-07-15 06:49:01.619217+00:00,False,False,,,,
2026-07-15 06:49:02.619217+00:00,False,False,,,,
2026-07-15 06:49:03.619217+00:00,False,False,,,,
2026-07-15 06:49:04.619217+00:00,False,False,,,,
2026-07-15 06:49:05.619217+00:00,False,False,,,,
2026-07-15 06:49:06.619217+00:00,False,False,,,,
2026-07-15 06:49:07.619217+00:00,False,False,,,,
2026-07-15 06:49:08.619217+00:00,False,False,,,,
2026-07-15 06:49:09.619217+00:00,False,False,,,,
2026-07-15 06:49:10.619217+00:00,False,False,,,,
2026-07-15 06:49:11.619217+00:00,False,False,,,,
2026-07-15 06:49:12.619217+00:00,False,False,,,,
2026-07-15 06:49:13.619217+00:00,False,False,,,,
2026-07-15 06:49:14.619217+00:00,False,False,,,,
2026-07-15 06:49:15.619217+00:00,False,False,,,,
2026-07-15 06:49:16.619217+00:00,False,False,,,,
2026-07-15 06:49:17.619217+00:00,False,False,,,,
2026-07-15 06:49:18.619217+00:00,False,False,,,,
2026-07-15 06:49:19.619217+00:00,False,False,,,,
2026-07-15 06:49:20.619217+00:00,False,False,,,,
2026-07-15 06:49:21.619217+00:00,False,False,,,,
2026-07-15 06:49:22.619217+00:00,False,False,,,,
2026-07-15 06:49:23.619217+00:00,False,False,,,,
2026-07-15 06:49:24.619217+00:00,False,False,,,,
2026-07-15 06:49:25.619217+00:00,False,False,,,,
2026-07-15 06:49:26.619217+00:00,False,False,,,,
2026-07-15 06:49:27.619217+00:00,False,False,,,,
2026-07-15 06:49:28.619217+00:00,False,False,,,,
2026-07-15 06:49:29.619217+00:00,False,False,,,,
2026-07-15 06:49:30.619217+00:00,False,False,,,,
2026-07-15 06:49:31.619217+00:00,False,False,,,,
2026-07-15 06:49:32.619217+00:00,False,False,,,,
2026-07-15 06:49:33.619217+00:00,False,False,,,,
2026-07-15 06:49:34.619217+00:00,False,False,,,,
2026-07-15 06:49:35.619217+00:00,False,False,,,,
2026-07-15 06:49:36.619217+00:00,False,False,,,,
2026-07-15 06:49:37.619217+00:00,False,False,,,,
2026-07-15 06:49:38.619217+00:00,False,False,,,,
2026-07-15 06:49:39.619217+00:00,False,False,,,,
2026-07-15 06:49:40.619217+00:00,False,False,,,,
2026-07-15 06:49:41.619217+00:00,False,False,,,,
2026-07-15 06:49:42.619217+00:00,False,False,,,,
2026-07-15 06:49:43.619217+00:00,False,False,,,,
2026-07-15 06:49:44.619217+00:00,False,False,,,,
2026-07-15 06:49:45.619217+00:00,False,False,,,,
2026-07-15 06:49:46.619217+00:00,False,False,,,,
2026-07-15 06:49:47.619217+00:00,False,False,,,,
2026-07-15 06:49:48.619217+00:00,False,False,,,,
2026-07-15 06:49:49.619217+00:00,False,False,,,,
2026-07-15 06:49:50.619217+00:00,False,False,,,,
2026-07-15 06:49:51.619217+00:00,False,False,,,,
2026-07-15 06:49:52.619217+00:00,False,False,,,,
2026-07-15 06:49:53.619217+00:00,False,False,,,,
2026-07-15 06:49:54.619217+00:00,False,False,,,,
2026-07-15 06:49:55.619217+00:00,False,False,,,,
2026-07-15 06:49:56.619217+00:00,False,False,,,,
2026-07-15 06:49:57.619217+00:00,False,False,,,,
2026-07-15 06:49:58.619217+00:00,False,False,,,,
2026-07-15 06:49:59.619217+00:00,False,False,,,,
2026-07-15 06:50:00.619217+00:00,False,False,,,,
2026-07-15 06:50:01.619217+00:00,False,False,,,,
2026-07-15 06:50:02.619217+00:00,False,False,,,,
2026-07-15 06:50:03.619217+00:00,False,False,,,,
2026-07-15 06:50:04.619217+00:00,False,False,,,,
2026-07-15 06:50:05.619217+00:00,False,False,,,,
2026-07-15 06:50:06.619217+00:00,False,False,,,,
2026-07-15 06:50:07.619217+00:00,False,False,,,,
2026-07-15 06:50:08.619217+00:00,False,False,,,,
2026-07-15 06:50:09.619217+00:00,False,False,,,,
2026-07-15 06:50:10.619217+00:00,False,False,,,,
2026-07-15 06:50:11.619217+00:00,False,False,,,,
2026-07-15 06:50:12.619217+00:00,False,False,,,,
2026-07-15 06:50:13.619217+00:00,False,False,,,,
2026-07-15 06:50:14.619217+00:00,False,False,,,,
2026-07-15 06:50:15.619217+00:00,False,False,,,,
2026-07-15 06:50:16.619217+00:00,False,False,,,,
2026-07-15 06:50:17.619217+00:00,False,False,,,,
2026-07-15 06:50:18.619217+00:00,False,False,,,,
2026-07-15 06:50:19.619217+00:00,False,False,,,,
2026-07-15 06:50:20.619217+00:00,False,False,,,,
2026-07-15 06:50:21.619217+00:00,False,False,,,,
2026-07-15 06:50:22.619217+00:00,False,False,,,,
2026-07-15 06:50:23.619217+00:00,False,False,,,,
2026-07-15 06:50:24.619217+00:00,False,False,,,,
2026-07-15 06:50:25.619217+00:00,False,False,,,,
2026-07-15 06:50:26.619217+00:00,False,False,,,,
2026-07-15 06:50:27.619217+00:00,False,False,,,,
2026-07-15 06:50:28.619217+00:00,False,False,,,,
2026-07-15 06:50:29.619217+00:00,False,False,,,,
2026-07-15 06:50:30.619217+00:00,False,False,,,,
2026-07-15 06:50:31.619217+00:00,False,False,,,,
2026-07-15 06:50:32.619217+00:00,False,False,,,,
2026-07-15 06:50:33.619217+00:00,False,False,,,,
2026-07-15 06:50:34.619217+00:00,False,False,,,,
2026-07-15 06:50:35.619217+00:00,False,False,,,,
2026-07-15 06:50:36.619217+00:00,False,False,,,,
2026-07-15 06:50:37.619217+00:00,False,False,,,,
2026-07-15 06:50:38.619217+00:00,False,False,,,,
2026-07-15 06:50:39.619217+00:00,False,False,,,,
2026-07-15 06:50:40.619217+00:00,False,False,,,,
2026-07-15 06:50:41.619217+00:00,False,False,,,,
2026-07-15 06:50:42.619217+00:00,False,False,,,,
2026-07-15 06:50:43.619217+00:00,False,False,,,,
2026-07-15 06:50:44.619217+00:00,False,False,,,,
2026-07-15 06:50:45.619217+00:00,False,False,,,,
2026-07-15 06:50:46.619217+00:00,False,False,,,,
2026-07-15 06:50:47.619217+00:00,False,False,,,,
2026-07-15 06:50:48.619217+00:00,False,False,,,,
2026-07-15 06:50:49.619217+00:00,False,False,,,,
2026-07-15 06:50:50.619217+00:00,False,False,,,,
2026-07-15 06:50:51.619217+00:00,False,False,,,,
2026-07-15 06:50:52.619217+00:00,False,False,,,,
2026-07-15 06:50:53.619217+00:00,False,False,,,,
2026-07-15 06:50:54.619217+00:00,False,False,,,,
2026-07-15 06:50:55.619217+00:00,False,False,,,,
2026-07-15 06:50:56.619217+00:00,False,False,,,,
2026-07-15 06:50:57.619217+00:00,False,False,,,,
2026-07-15 06:50:58.619217+00:00,False,False,,,,
2026-07-15 06:50:59.619217+00:00,False,False,,,,
2026-07-15 06:51:00.619217+00:00,False,False,,,,
2026-07-15 06:51:01.619217+00:00,False,False,,,,
2026-07-15 06:51:02.619217+00:00,False,False,,,,
2026-07-15 06:51:03.619217+00:00,False,False,,,,
2026-07-15 06:51:04.619217+00:00,False,False,,,,
2026-07-15 06:51:05.619217+00:00,False,False,,,,
2026-07-15 06:51:06.619217+00:00,False,False,,,,
2026-07-15 06:51:07.619217+00:00,False,False,,,,
2026-07-15 06:51:08.619217+00:00,False,False,,,,
2026-07-15 06:51:09.619217+00:00,False,False,,,,
2026-07-15 06:51:10.619217+00:00,False,False,,,,
2026-07-15 06:51:11.619217+00:00,False,False,,,,
2026-07-15 06:51:12.619217+00:00,False,False,,,,
2026-07-15 06:51:13.619217+00:00,False,False,,,,
2026-07-15 06:51:14.619217+00:00,False,False,,,,
2026-07-15 06:51:15.619217+00:00,False,False,,,,
2026-07-15 06:51:16.619217+00:00,False,False,,,,
2026-07-15 06:51:17.619217+00:00,False,False,,,,
2026-07-15 06:51:18.619217+00:00,False,False,,,,
2026-07-15 06:51:19.619217+00:00,False,False,,,,
2026-07-15 06:51:20.619217+00:00,False,False,,,,
2026-07-15 06:51:21.619217+00:00,False,False,,,,
2026-07-15 06:51:22.619217+00:00,False,False,,,,
2026-07-15 06:51:23.619217+00:00,False,False,,,,
2026-07-15 06:51:24.619217+00:00,False,False,,,,
2026-07-15 06:51:25.619217+00:00,False,False,,,,
2026-07-15 06:51:26.619217+00:00,False,False,,,,
2026-07-15 06:51:27.619217+00:00,False,False,,,,
2026-07-15 06:51:28.619217+00:00,False,False,,,,
2026-07-15 06:51:29.619217+00:00,False,False,,,,
2026-07-15 06:51:30.619217+00:00,False,False,,,,
2026-07-15 06:51:31.619217+00:00,False,False,,,,
2026-07-15 06:51:32.619217+00:00,False,False,,,,
2026-07-15 06:51:33.619217+00:00,False,False,,,,
2026-07-15 06:51:34.619217+00:00,False,False,,,,
2026-07-15 06:51:35.619217+00:00,False,False,,,,
2026-07-15 06:51:36.619217+00:00,False,False,,,,
2026-07-15 06:51:37.619217+00:00,False,False,,,,
2026-07-15 06:51:38.619217+00:00,False,False,,,,
2026-07-15 06:51:39.619217+00:00,False,False,,,,
2026-07-15 06:51:40.619217+00:00,False,False,,,,
2026-07-15 06:51:41.619217+00:00,False,False,,,,
2026-07-15 06:51:42.619217+00:00,False,False,,,,
2026-07-15 06:51:43.619217+00:00,False,False,,,,
2026-07-15 06:51:44.619217+00:00,False,False,,,,
2026-07-15 06:51:45.619217+00:00,False,False,,,,
2026-07-15 06:51:46.619217+00:00,False,False,,,,
2026-07-15 06:51:47.619217+00:00,False,False,,,,
2026-07-15 06:51:48.619217+00:00,False,False,,,,
2026-07-15 06:51:49.619217+00:00,False,False,,,,
2026-07-15 06:51:50.619217+00:00,False,False,,,,
2026-07-15 06:51:51.619217+00:00,False,False,,,,
2026-07-15 06:51:52.619217+00:00,False,False,,,,
2026-07-15 06:51:53.619217+00:00,False,False,,,,
2026-07-15 06:51:54.619217+00:00,False,False,,,,
2026-07-15 06:51:55.619217+00:00,False,False,,,,
2026-07-15 06:51:56.619217+00:00,False,False,,,,
2026-07-15 06:51:57.619217+00:00,False,False,,,,
2026-07-15 06:51:58.619217+00:00,False,False,,,,
2026-07-15 06:51:59.619217+00:00,False,False,,,,
2026-07-15 06:52:00.619217+00:00,False,False,,,,
2026-07-15 06:52:01.619217+00:00,False,False,,,,
2026-07-15 06:52:02.619217+00:00,False,False,,,,
2026-07-15 06:52:03.619217+00:00,False,False,,,,
2026-07-15 06:52:04.619217+00:00,False,False,,,,
2026-07-15 06:52:05.619217+00:00,False,False,,,,
2026-07-15 06:52:06.619217+00:00,False,False,,,,
2026-07-15 06:52:07.619217+00:00,False,False,,,,
2026-07-15 06:52:08.619217+00:00,False,False,,,,
2026-07-15 06:52:09.619217+00:00,False,False,,,,
2026-07-15 06:52:10.619217+00:00,False,False,,,,
2026-07-15 06:52:11.619217+00:00,False,False,,,,
2026-07-15 06:52:12.619217+00:00,False,False,,,,
2026-07-15 06:52:13.619217+00:00,False,False,,,,
2026-07-15 06:52:14.619217+00:00,False,False,,,,
2026-07-15 06:52:15.619217+00:00,False,False,,,,
2026-07-15 06:52:16.619217+00:00,False,False,,,,
2026-07-15 06:52:17.619217+00:00,False,False,,,,
2026-07-15 06:52:18.619217+00:00,False,False,,,,
2026-07-15 06:52:19.619217+00:00,False,False,,,,
2026-07-15 06:52:20.619217+00:00,False,False,,,,
2026-07-15 06:52:21.619217+00:00,False,False,,,,
2026-07-15 06:52:22.619217+00:00,False,False,,,,
2026-07-15 06:52:23.619217+00:00,False,False,,,,
2026-07-15 06:52:24.619217+00:00,False,False,,,,
2026-07-15 06:52:25.619217+00:00,False,False,,,,
2026-07-15 06:52:26.619217+00:00,False,False,,,,
2026-07-15 06:52:27.619217+00:00,False,False,,,,
2026-07-15 06:52:28.619217+00:00,False,False,,,,
2026-07-15 06:52:29.619217+00:00,False,False,,,,
2026-07-15 06:52:30.619217+00:00,False,False,,,,
2026-07-15 06:52:31.619217+00:00,False,False,,,,
2026-07-15 06:52:32.619217+00:00,False,False,,,,
2026-07-15 06:52:33.619217+00:00,False,False,,,,
2026-07-15 06:52:34.619217+00:00,False,False,,,,
2026-07-15 06:52:35.619217+00:00,False,False,,,,
2026-07-15 06:52:36.619217+00:00,False,False,,,,
2026-07-15 06:52:37.619217+00:00,False,False,,,,
2026-07-15 06:52:38.619217+00:00,False,False,,,,
2026-07-15 06:52:39.619217+00:00,False,False,,,,
2026-07-15 06:52:40.619217+00:00,False,False,,,,
2026-07-15 06:52:41.619217+00:00,False,False,,,,
2026-07-15 06:52:42.619217+00:00,False,False,,,,
2026-07-15 06:52:43.619217+00:00,False,False,,,,
2026-07-15 06:52:44.619217+00:00,False,False,,,,
2026-07-15 06:52:45.619217+00:00,False,False,,,,
2026-07-15 06:52:46.619217+00:00,False,False,,,,
2026-07-15 06:52:47.619217+00:00,False,False,,,,
2026-07-15 06:52:48.619217+00:00,False,False,,,,
2026-07-15 06:52:49.619217+00:00,False,False,,,,
2026-07-15 06:52:50.619217+00:00,False,False,,,,
2026-07-15 06:52:51.619217+00:00,False,False,,,,
2026-07-15 06:52:52.619217+00:00,False,False,,,,
2026-07-15 06:52:53.619217+00:00,False,False,,,,
2026-07-15 06:52:54.619217+00:00,False,False,,,,
2026-07-15 06:52:55.619217+00:00,False,False,,,,
2026-07-15 06:52:56.619217+00:00,False,False,,,,
2026-07-15 06:52:57.619217+00:00,False,False,,,,
2026-07-15 06:52:58.619217+00:00,False,False,,,,
2026-07-15 06:52:59.619217+00:00,False,False,,,,
2026-07-15 06:53:00.619217+00:00,False,False,,,,
2026-07-15 06:53:01.619217+00:00,False,False,,,,
2026-07-15 06:53:02.619217+00:00,False,False,,,,
2026-07-15 06:53:03.619217+00:00,False,False,,,,
2026-07-15 06:53:04.619217+00:00,False,False,,,,
2026-07-15 06:53:05.619217+00:00,False,False,,,,
2026-07-15 06:53:06.619217+00:00,False,False,,,,
2026-07-15 06:53:07.619217+00:00,False,False,,,,
2026-07-15 06:53:08.619217+00:00,False,False,,,,
2026-07-15 06:53:09.619217+00:00,False,False,,,,
2026-07-15 06:53:10.619217+00:00,False,False,,,,
2026-07-15 06:53:11.619217+00:00,False,False,,,,
2026-07-15 06:53:12.619217+00:00,False,False,,,,
2026-07-15 06:53:13.619217+00:00,False,False,,,,
2026-07-15 06:53:14.619217+00:00,False,False,,,,
2026-07-15 06:53:15.619217+00:00,False,False,,,,
2026-07-15 06:53:16.619217+00:00,False,False,,,,
2026-07-15 06:53:17.619217+00:00,False,False,,,,
2026-07-15 06:53:18.619217+00:00,False,False,,,,
2026-07-15 06:53:19.619217+00:00,False,False,,,,
2026-07-15 06:53:20.619217+00:00,False,False,,,,
2026-07-15 06:53:21.619217+00:00,False,False,,,,
2026-07-15 06:53:22.619217+00:00,False,False,,,,
2026-07-15 06:53:23.619217+00:00,False,False,,,,
2026-07-15 06:53:24.619217+00:00,False,False,,,,
2026-07-15 06:53:25.619217+00:00,False,False,,,,
2026-07-15 06:53:26.619217+00:00,False,False,,,,
2026-07-15 06:53:27.619217+00:00,False,False,,,,
2026-07-15 06:53:28.619217+00:00,False,False,,,,
2026-07-15 06:53:29.619217+00:00,False,False,,,,
2026-07-15 06:53:30.619217+00:00,False,False,,,,
2026-07-15 06:53:31.619217+00:00,False,False,,,,
2026-07-15 06:53:32.619217+00:00,False,False,,,,
2026-07-15 06:53:33.619217+00:00,False,False,,,,
2026-07-15 06:53:34.619217+00:00,False,False,,,,
2026-07-15 06:53:35.619217+00:00,False,False,,,,
2026-07-15 06:53:36.619217+00:00,False,False,,,,
2026-07-15 06:53:37.619217+00:00,False,False,,,,
2026-07-15 06:53:38.619217+00:00,False,False,,,,
2026-07-15 06:53:39.619217+00:00,False,False,,,,
2026-07-15 06:53:40.619217+00:00,False,False,,,,
2026-07-15 06:53:41.619217+00:00,False,False,,,,
2026-07-15 06:53:42.619217+00:00,False,False,,,,
2026-07-15 06:53:43.619217+00:00,False,False,,,,
2026-07-15 06:53:44.619217+00:00,False,False,,,,
2026-07-15 06:53:45.619217+00:00,False,False,,,,
2026-07-15 06:53:46.619217+00:00,False,False,,,,
2026-07-15 06:53:47.619217+00:00,False,False,,,,
2026-07-15 06:53:48.619217+00:00,False,False,,,,
2026-07-15 06:53:49.619217+00:00,False,False,,,,
2026-07-15 06:53:50.619217+00:00,False,False,,,,
2026-07-15 06:53:51.619217+00:00,False,False,,,,
2026-07-15 06:53:52.619217+00:00,False,False,,,,
2026-07-15 06:53:53.619217+00:00,False,False,,,,
2026-07-15 06:53:54.619217+00:00,False,False,,,,
2026-07-15 06:53:55.619217+00:00,False,False,,,,
2026-07-15 06:53:56.619217+00:00,False,False,,,,
2026-07-15 06:53:57.619217+00:00,False,False,,,,
2026-07-15 06:53:58.619217+00:00,False,False,,,,
2026-07-15 06:53:59.619217+00:00,False,False,,,,
2026-07-15 06:54:00.619217+00:00,False,False,,,,
2026-07-15 06:54:01.619217+00:00,False,False,,,,
2026-07-15 06:54:02.619217+00:00,False,False,,,,
2026-07-15 06:54:03.619217+00:00,False,False,,,,
2026-07-15 06:54:04.619217+00:00,False,False,,,,
2026-07-15 06:54:05.619217+00:00,False,False,,,,
2026-07-15 06:54:06.619217+00:00,False,False,,,,
2026-07-15 06:54:07.619217+00:00,False,False,,,,
2026-07-15 06:54:08.619217+00:00,False,False,,,,
2026-07-15 06:54:09.619217+00:00,False,False,,,,
2026-07-15 06:54:10.619217+00:00,False,False,,,,
2026-07-15 06:54:11.619217+00:00,False,False,,,,
2026-07-15 06:54:12.619217+00:00,False,False,,,,
2026-07-15 06:54:13.619217+00:00,False,False,,,,
2026-07-15 06:54:14.619217+00:00,False,False,,,,
2026-07-15 06:54:15.619217+00:00,False,False,,,,
2026-07-15 06:54:16.619217+00:00,False,False,,,,
2026-07-15 06:54:17.619217+00:00,False,False,,,,
2026-07-15 06:54:18.619217+00:00,False,False,,,,
2026-07-15 06:54:19.619217+00:00,False,False,,,,
2026-07-15 06:54:20.619217+00:00,False,False,,,,
2026-07-15 06:54:21.619217+00:00,False,False,,,,
2026-07-15 06:54:22.619217+00:00,False,False,,,,
2026-07-15 06:54:23.619217+00:00,False,False,,,,
2026-07-15 06:54:24.619217+00:00,False,False,,,,
2026-07-15 06:54:25.619217+00:00,False,False,,,,
2026-07-15 06:54:26.619217+00:00,False,False,,,,
2026-07-15 06:54:27.619217+00:00,False,False,,,,
2026-07-15 06:54:28.619217+00:00,False,False,,,,
2026-07-15 06:54:29.619217+00:00,False,False,,,,
2026-07-15 06:54:30.619217+00:00,False,False,,,,
2026-07-15 06:54:31.619217+00:00,False,False,,,,
2026-07-15 06:54:32.619217+00:00,False,False,,,,
2026-07-15 06:54:33.619217+00:00,False,False,,,,
2026-07-15 06:54:34.619217+00:00,False,False,,,,
2026-07-15 06:54:35.619217+00:00,False,False,,,,
2026-07-15 06:54:36.619217+00:00,False,False,,,,
2026-07-15 06:54:37.619217+00:00,False,False,,,,
2026-07-15 06:54:38.619217+00:00,False,False,,,,
2026-07-15 06:54:39.619217+00:00,False,False,,,,
2026-07-15 06:54:40.619217+00:00,False,False,,,,
2026-07-15 06:54:41.619217+00:00,False,False,,,,
2026-07-15 06:54:42.619217+00:00,False,False,,,,
2026-07-15 06:54:43.619217+00:00,False,False,,,,
2026-07-15 06:54:44.619217+00:00,False,False,,,,
2026-07-15 06:54:45.619217+00:00,False,False,,,,
2026-07-15 06:54:46.619217+00:00,False,False,,,,
2026-07-15 06:54:47.619217+00:00,False,False,,,,
2026-07-15 06:54:48.619217+00:00,False,False,,,,
2026-07-15 06:54:49.619217+00:00,False,False,,,,
2026-07-15 06:54:50.619217+00:00,False,False,,,,
2026-07-15 06:54:51.619217+00:00,False,False,,,,
2026-07-15 06:54:52.619217+00:00,False,False,,,,
2026-07-15 06:54:53.619217+00:00,False,False,,,,
2026-07-15 06:54:54.619217+00:00,False,False,,,,
2026-07-15 06:54:55.619217+00:00,False,False,,,,
2026-07-15 06:54:56.619217+00:00,False,False,,,,
2026-07-15 06:54:57.619217+00:00,False,False,,,,
2026-07-15 06:54:58.619217+00:00,False,False,,,,
2026-07-15 06:54:59.619217+00:00,False,False,,,,
2026-07-15 06:55:00.619217+00:00,False,False,,,,
2026-07-15 06:55:01.619217+00:00,False,False,,,,
2026-07-15 06:55:02.619217+00:00,False,False,,,,
2026-07-15 06:55:03.619217+00:00,False,False,,,,
2026-07-15 06:55:04.619217+00:00,False,False,,,,
2026-07-15 06:55:05.619217+00:00,False,False,,,,
2026-07-15 06:55:06.619217+00:00,False,False,,,,
2026-07-15 06:55:07.619217+00:00,False,False,,,,
2026-07-15 06:55:08.619217+00:00,False,False,,,,
2026-07-15 06:55:09.619217+00:00,False,False,,,,
2026-07-15 06:55:10.619217+00:00,False,False,,,,
2026-07-15 06:55:11.619217+00:00,False,False,,,,
2026-07-15 06:55:12.619217+00:00,False,False,,,,
2026-07-15 06:55:13.619217+00:00,False,False,,,,
2026-07-15 06:55:14.619217+00:00,False,False,,,,
2026-07-15 06:55:15.619217+00:00,False,False,,,,
2026-07-15 06:55:16.619217+00:00,False,False,,,,
2026-07-15 06:55:17.619217+00:00,False,False,,,,
2026-07-15 06:55:18.619217+00:00,False,False,,,,
2026-07-15 06:55:19.619217+00:00,False,False,,,,
2026-07-15 06:55:20.619217+00:00,False,False,,,,
2026-07-15 06:55:21.619217+00:00,False,False,,,,
2026-07-15 06:55:22.619217+00:00,False,False,,,,
2026-07-15 06:55:23.619217+00:00,False,False,,,,
2026-07-15 06:55:24.619217+00:00,False,False,,,,
2026-07-15 06:55:25.619217+00:00,False,False,,,,
2026-07-15 06:55:26.619217+00:00,False,False,,,,
2026-07-15 06:55:27.619217+00:00,False,False,,,,
2026-07-15 06:55:28.619217+00:00,False,False,,,,
2026-07-15 06:55:29.619217+00:00,False,False,,,,
2026-07-15 06:55:30.619217+00:00,False,False,,,,
2026-07-15 06:55:31.619217+00:00,False,False,,,,
2026-07-15 06:55:32.619217+00:00,False,False,,,,
2026-07-15 06:55:33.619217+00:00,False,False,,,,
2026-07-15 06:55:34.619217+00:00,False,False,,,,
2026-07-15 06:55:35.619217+00:00,False,False,,,,
2026-07-15 06:55:36.619217+00:00,False,False,,,,
2026-07-15 06:55:37.619217+00:00,False,False,,,,
2026-07-15 06:55:38.619217+00:00,False,False,,,,
2026-07-15 06:55:39.619217+00:00,False,False,,,,
2026-07-15 06:55:40.619217+00:00,False,False,,,,
2026-07-15 06:55:41.619217+00:00,False,False,,,,
2026-07-15 06:55:42.619217+00:00,False,False,,,,
2026-07-15 06:55:43.619217+00:00,False,False,,,,
2026-07-15 06:55:44.619217+00:00,False,False,,,,
2026-07-15 06:55:45.619217+00:00,False,False,,,,
2026-07-15 06:55:46.619217+00:00,False,False,,,,
2026-07-15 06:55:47.619217+00:00,False,False,,,,
2026-07-15 06:55:48.619217+00:00,False,False,,,,
2026-07-15 06:55:49.619217+00:00,False,False,,,,
2026-07-15 06:55:50.619217+00:00,False,False,,,,
2026-07-15 06:55:51.619217+00:00,False,False,,,,
2026-07-15 06:55:52.619217+00:00,False,False,,,,
2026-07-15 06:55:53.619217+00:00,False,False,,,,
2026-07-15 06:55:54.619217+00:00,False,False,,,,
2026-07-15 06:55:55.619217+00:00,False,False,,,,
2026-07-15 06:55:56.619217+00:00,False,False,,,,
2026-07-15 06:55:57.619217+00:00,False,False,,,,
2026-07-15 06:55:58.619217+00:00,False,False,,,,
2026-07-15 06:55:59.619217+00:00,False,False,,,,
2026-07-15 06:56:00.619217+00:00,False,False,,,,
2026-07-15 06:56:01.619217+00:00,False,False,,,,
2026-07-15 06:56:02.619217+00:00,False,False,,,,
2026-07-15 06:56:03.619217+00:00,False,False,,,,
2026-07-15 06:56:04.619217+00:00,False,False,,,,
2026-07-15 06:56:05.619217+00:00,False,False,,,,
2026-07-15 06:56:06.619217+00:00,False,False,,,,
2026-07-15 06:56:07.619217+00:00,False,False,,,,
2026-07-15 06:56:08.619217+00:00,False,False,,,,
2026-07-15 06:56:09.619217+00:00,False,False,,,,
2026-07-15 06:56:10.619217+00:00,False,False,,,,
2026-07-15 06:56:11.619217+00:00,False,False,,,,
2026-07-15 06:56:12.619217+00:00,False,False,,,,
2026-07-15 06:56:13.619217+00:00,False,False,,,,
2026-07-15 06:56:14.619217+00:00,False,False,,,,
2026-07-15 06:56:15.619217+00:00,False,False,,,,
2026-07-15 06:56:16.619217+00:00,False,False,,,,
2026-07-15 06:56:17.619217+00:00,False,False,,,,
2026-07-15 06:56:18.619217+00:00,False,False,,,,
2026-07-15 06:56:19.619217+00:00,False,False,,,,
2026-07-15 06:56:20.619217+00:00,False,False,,,,
2026-07-15 06:56:21.619217+00:00,False,False,,,,
2026-07-15 06:56:22.619217+00:00,False,False,,,,
2026-07-15 06:56:23.619217+00:00,False,False,,,,
2026-07-15 06:56:24.619217+00:00,False,False,,,,
2026-07-15 06:56:25.619217+00:00,False,False,,,,
2026-07-15 06:56:26.619217+00:00,False,False,,,,
2026-07-15 06:56:27.619217+00:00,False,False,,,,
2026-07-15 06:56:28.619217+00:00,False,False,,,,
2026-07-15 06:56:29.619217+00:00,False,False,,,,
2026-07-15 06:56:30.619217+00:00,False,False,,,,
2026-07-15 06:56:31.619217+00:00,False,False,,,,
2026-07-15 06:56:32.619217+00:00,False,False,,,,
2026-07-15 06:56:33.619217+00:00,False,False,,,,
2026-07-15 06:56:34.619217+00:00,False,False,,,,
2026-07-15 06:56:35.619217+00:00,False,False,,,,
2026-07-15 06:56:36.619217+00:00,False,False,,,,
2026-07-15 06:56:37.619217+00:00,False,False,,,,
2026-07-15 06:56:38.619217+00:00,False,False,,,,
2026-07-15 06:56:39.619217+00:00,False,False,,,,
2026-07-15 06:56:40.619217+00:00,False,False,,,,
2026-07-15 06:56:41.619217+00:00,False,False,,,,
2026-07-15 06:56:42.619217+00:00,False,False,,,,
2026-07-15 06:56:43.619217+00:00,False,False,,,,
2026-07-15 06:56:44.619217+00:00,False,False,,,,
2026-07-15 06:56:45.619217+00:00,False,False,,,,
2026-07-15 06:56:46.619217+00:00,False,False,,,,
2026-07-15 06:56:47.619217+00:00,False,False,,,,
2026-07-15 06:56:48.619217+00:00,False,False,,,,
2026-07-15 06:56:49.619217+00:00,False,False,,,,
2026-07-15 06:56:50.619217+00:00,False,False,,,,
2026-07-15 06:56:51.619217+00:00,False,False,,,,
2026-07-15 06:56:52.619217+00:00,False,False,,,,
2026-07-15 06:56:53.619217+00:00,False,False,,,,
2026-07-15 06:56:54.619217+00:00,False,False,,,,
2026-07-15 06:56:55.619217+00:00,False,False,,,,
2026-07-15 06:56:56.619217+00:00,False,False,,,,
2026-07-15 06:56:57.619217+00:00,False,False,,,,
2026-07-15 06:56:58.619217+00:00,False,False,,,,
2026-07-15 06:56:59.619217+00:00,False,False,,,,
2026-07-15 06:57:00.619217+00:00,False,False,,,,
2026-07-15 06:57:01.619217+00:00,False,False,,,,
2026-07-15 06:57:02.619217+00:00,False,False,,,,
2026-07-15 06:57:03.619217+00:00,False,False,,,,
2026-07-15 06:57:04.619217+00:00,False,False,,,,
2026-07-15 06:57:05.619217+00:00,False,False,,,,
2026-07-15 06:57:06.619217+00:00,False,False,,,,
2026-07-15 06:57:07.619217+00:00,False,False,,,,
2026-07-15 06:57:08.619217+00:00,False,False,,,,
2026-07-15 06:57:09.619217+00:00,False,False,,,,
2026-07-15 06:57:10.619217+00:00,False,False,,,,
2026-07-15 06:57:11.619217+00:00,False,False,,,,
2026-07-15 06:57:12.619217+00:00,False,False,,,,
2026-07-15 06:57:13.619217+00:00,False,False,,,,
2026-07-15 06:57:14.619217+00:00,False,False,,,,
2026-07-15 06:57:15.619217+00:00,False,False,,,,
2026-07-15 06:57:16.619217+00:00,False,False,,,,
2026-07-15 06:57:17.619217+00:00,False,False,,,,
2026-07-15 06:57:18.619217+00:00,False,False,,,,
2026-07-15 06:57:19.619217+00:00,False,False,,,,
2026-07-15 06:57:20.619217+00:00,False,False,,,,
2026-07-15 06:57:21.619217+00:00,False,False,,,,
2026-07-15 06:57:22.619217+00:00,False,False,,,,
2026-07-15 06:57:23.619217+00:00,False,False,,,,
2026-07-15 06:57:24.619217+00:00,False,False,,,,
2026-07-15 06:57:25.619217+00:00,False,False,,,,
2026-07-15 06:57:26.619217+00:00,False,False,,,,
2026-07-15 06:57:27.619217+00:00,False,False,,,,
2026-07-15 06:57:28.619217+00:00,False,False,,,,
2026-07-15 06:57:29.619217+00:00,False,False,,,,
2026-07-15 06:57:30.619217+00:00,False,False,,,,
2026-07-15 06:57:31.619217+00:00,False,False,,,,
2026-07-15 06:57:32.619217+00:00,False,False,,,,
2026-07-15 06:57:33.619217+00:00,False,False,,,,
2026-07-15 06:57:34.619217+00:00,False,False,,,,
2026-07-15 06:57:35.619217+00:00,False,False,,,,
2026-07-15 06:57:36.619217+00:00,False,False,,,,
2026-07-15 06:57:37.619217+00:00,False,False,,,,
2026-07-15 06:57:38.619217+00:00,False,False,,,,
2026-07-15 06:57:39.619217+00:00,False,False,,,,
2026-07-15 06:57:40.619217+00:00,False,False,,,,
2026-07-15 06:57:41.619217+00:00,False,False,,,,
2026-07-15 06:57:42.619217+00:00,False,False,,,,
2026-07-15 06:57:43.619217+00:00,False,False,,,,
2026-07-15 06:57:44.619217+00:00,False,False,,,,
2026-07-15 06:57:45.619217+00:00,False,False,,,,
2026-07-15 06:57:46.619217+00:00,False,False,,,,
2026-07-15 06:57:47.619217+00:00,False,False,,,,
2026-07-15 06:57:48.619217+00:00,False,False,,,,
2026-07-15 06:57:49.619217+00:00,False,False,,,,
2026-07-15 06:57:50.619217+00:00,False,False,,,,
2026-07-15 06:57:51.619217+00:00,False,False,,,,
2026-07-15 06:57:52.619217+00:00,False,False,,,,
2026-07-15 06:57:53.619217+00:00,False,False,,,,
2026-07-15 06:57:54.619217+00:00,False,False,,,,
2026-07-15 06:57:55.619217+00:00,False,False,,,,
2026-07-15 06:57:56.619217+00:00,False,False,,,,
2026-07-15 06:57:57.619217+00:00,False,False,,,,
2026-07-15 06:57:58.619217+00:00,False,False,,,,
2026-07-15 06:57:59.619217+00:00,False,False,,,,
2026-07-15 06:58:00.619217+00:00,False,False,,,,
2026-07-15 06:58:01.619217+00:00,False,False,,,,
2026-07-15 06:58:02.619217+00:00,False,False,,,,
2026-07-15 06:58:03.619217+00:00,False,False,,,,
2026-07-15 06:58:04.619217+00:00,False,False,,,,
2026-07-15 06:58:05.619217+00:00,False,False,,,,
2026-07-15 06:58:06.619217+00:00,False,False,,,,
2026-07-15 06:58:07.619217+00:00,False,False,,,,
2026-07-15 06:58:08.619217+00:00,False,False,,,,
2026-07-15 06:58:09.619217+00:00,False,False,,,,
2026-07-15 06:58:10.619217+00:00,False,False,,,,
2026-07-15 06:58:11.619217+00:00,False,False,,,,
2026-07-15 06:58:12.619217+00:00,False,False,,,,
2026-07-15 06:58:13.619217+00:00,False,False,,,,
2026-07-15 06:58:14.619217+00:00,False,False,,,,
2026-07-15 06:58:15.619217+00:00,False,False,,,,
2026-07-15 06:58:16.619217+00:00,False,False,,,,
2026-07-15 06:58:17.619217+00:00,False,False,,,,
2026-07-15 06:58:18.619217+00:00,False,False,,,,
2026-07-15 06:58:19.619217+00:00,False,False,,,,
2026-07-15 06:58:20.619217+00:00,False,False,,,,
2026-07-15 06:58:21.619217+00:00,False,False,,,,
2026-07-15 06:58:22.619217+00:00,False,False,,,,
2026-07-15 06:58:23.619217+00:00,False,False,,,,
2026-07-15 06:58:24.619217+00:00,False,False,,,,
2026-07-15 06:58:25.619217+00:00,False,False,,,,
2026-07-15 06:58:26.619217+00:00,False,False,,,,
2026-07-15 06:58:27.619217+00:00,False,False,,,,
2026-07-15 06:58:28.619217+00:00,False,False,,,,
2026-07-15 06:58:29.619217+00:00,False,False,,,,
2026-07-15 06:58:30.619217+00:00,False,False,,,,
2026-07-15 06:58:31.619217+00:00,False,False,,,,
2026-07-15 06:58:32.619217+00:00,False,False,,,,
2026-07-15 06:58:33.619217+00:00,False,False,,,,
2026-07-15 06:58:34.619217+00:00,False,False,,,,
2026-07-15 06:58:35.619217+00:00,False,False,,,,
2026-07-15 06:58:36.619217+00:00,False,False,,,,
2026-07-15 06:58:37.619217+00:00,False,False,,,,
2026-07-15 06:58:38.619217+00:00,False,False,,,,
2026-07-15 06:58:39.619217+00:00,False,False,,,,
2026-07-15 06:58:40.619217+00:00,False,False,,,,
2026-07-15 06:58:41.619217+00:00,False,False,,,,
2026-07-15 06:58:42.619217+00:00,True,False,3.0,9028.940106624997,30.117302372646737,GS-Beijing -> 00134 -> 00051 -> GS-Singapore
2026-07-15 06:58:43.619217+00:00,True,False,3.0,9019.52147626577,30.085885203508926,GS-Beijing -> 00134 -> 00051 -> GS-Singapore
2026-07-15 06:58:44.619217+00:00,True,False,3.0,9010.124793573286,30.0545412439071,GS-Beijing -> 00134 -> 00051 -> GS-Singapore
2026-07-15 06:58:45.619217+00:00,True,False,3.0,9000.7501972633,30.023270956547215,GS-Beijing -> 00134 -> 00051 -> GS-Singapore
2026-07-15 06:58:46.619217+00:00,True,False,3.0,8991.39782663282,29.992074806074072,GS-Beijing -> 00134 -> 00051 -> GS-Singapore
2026-07-15 06:58:47.619217+00:00,True,False,3.0,8982.067821564537,29.960953259086114,GS-Beijing -> 00134 -> 00051 -> GS-Singapore
2026-07-15 06:58:48.619217+00:00,True,False,3.0,8972.760322520022,29.929906784112703,GS-Beijing -> 00134 -> 00051 -> GS-Singapore
2026-07-15 06:58:49.619217+00:00,True,False,3.0,8963.475470536265,29.898935851602594,GS-Beijing -> 00134 -> 00051 -> GS-Singapore
2026-07-15 06:58:50.619217+00:00,True,True,3.0,8951.98067868044,29.860593353153803,GS-Beijing -> 00134 -> 00133 -> GS-Singapore
2026-07-15 06:58:51.619217+00:00,True,False,3.0,8936.736893151876,29.8097455578815,GS-Beijing -> 00134 -> 00133 -> GS-Singapore
2026-07-15 06:58:52.619217+00:00,True,False,3.0,8921.542541641731,29.75906265674546,GS-Beijing -> 00134 -> 00133 -> GS-Singapore
2026-07-15 06:58:53.619217+00:00,True,False,3.0,8906.397641994607,29.70854470926886,GS-Beijing -> 00134 -> 00133 -> GS-Singapore
2026-07-15 06:58:54.619217+00:00,True,False,3.0,8891.302208650897,29.658191763619676,GS-Beijing -> 00134 -> 00133 -> GS-Singapore
2026-07-15 06:58:55.619217+00:00,True,False,3.0,8876.2562526988,29.60800385678415,GS-Beijing -> 00134 -> 00133 -> GS-Singapore
2026-07-15 06:58:56.619217+00:00,True,False,3.0,8861.259781912706,29.55798101469486,GS-Beijing -> 00134 -> 00133 -> GS-Singapore
2026-07-15 06:58:57.619217+00:00,True,False,3.0,8846.312800806018,29.508123252406897,GS-Beijing -> 00134 -> 00133 -> GS-Singapore
2026-07-15 06:58:58.619217+00:00,True,False,3.0,8831.415310688339,29.458430574288627,GS-Beijing -> 00134 -> 00133 -> GS-Singapore
2026-07-15 06:58:59.619217+00:00,True,False,3.0,8816.567309704562,29.408902974152078,GS-Beijing -> 00134 -> 00133 -> GS-Singapore
2026-07-15 06:59:00.619217+00:00,True,False,3.0,8801.768792890894,29.359540435439822,GS-Beijing -> 00134 -> 00133 -> GS-Singapore
2026-07-15 06:59:01.619217+00:00,True,False,3.0,8787.019752231117,29.31034293141263,GS-Beijing -> 00134 -> 00133 -> GS-Singapore
2026-07-15 06:59:02.619217+00:00,True,False,3.0,8772.320176709954,29.261310425327494,GS-Beijing -> 00134 -> 00133 -> GS-Singapore
2026-07-15 06:59:03.619217+00:00,True,False,3.0,8757.670052364974,29.212442870610754,GS-Beijing -> 00134 -> 00133 -> GS-Singapore
2026-07-15 06:59:04.619217+00:00,True,False,3.0,8743.069362353835,29.163740211082416,GS-Beijing -> 00134 -> 00133 -> GS-Singapore
2026-07-15 06:59:05.619217+00:00,True,False,3.0,8728.518086998434,29.115202381103376,GS-Beijing -> 00134 -> 00133 -> GS-Singapore
2026-07-15 06:59:06.619217+00:00,True,False,3.0,8714.016203856032,29.066829305812732,GS-Beijing -> 00134 -> 00133 -> GS-Singapore
2026-07-15 06:59:07.619217+00:00,True,False,3.0,8699.563687768947,29.01862090129348,GS-Beijing -> 00134 -> 00133 -> GS-Singapore
2026-07-15 06:59:08.619217+00:00,True,False,3.0,8685.160510935926,28.970577074810624,GS-Beijing -> 00134 -> 00133 -> GS-Singapore
2026-07-15 06:59:09.619217+00:00,True,False,3.0,8670.806642963156,28.922697724981315,GS-Beijing -> 00134 -> 00133 -> GS-Singapore
2026-07-15 06:59:10.619217+00:00,True,False,3.0,8656.502050932497,28.87498274200246,GS-Beijing -> 00134 -> 00133 -> GS-Singapore
2026-07-15 06:59:11.619217+00:00,True,False,3.0,8642.246699459723,28.82743200784499,GS-Beijing -> 00134 -> 00133 -> GS-Singapore
2026-07-15 06:59:12.619217+00:00,True,False,3.0,8628.040550761687,28.780045396477878,GS-Beijing -> 00134 -> 00133 -> GS-Singapore
2026-07-15 06:59:13.619217+00:00,True,False,3.0,8613.883564718464,28.732822774075473,GS-Beijing -> 00134 -> 00133 -> GS-Singapore
2026-07-15 06:59:14.619217+00:00,True,False,3.0,8599.775698939444,28.685763999237913,GS-Beijing -> 00134 -> 00133 -> GS-Singapore
2026-07-15 06:59:15.619217+00:00,True,False,3.0,8585.716908820199,28.638868923180848,GS-Beijing -> 00134 -> 00133 -> GS-Singapore
2026-07-15 06:59:16.619217+00:00,True,False,3.0,8571.707147619301,28.59213738999165,GS-Beijing -> 00134 -> 00133 -> GS-Singapore
2026-07-15 06:59:17.619217+00:00,True,False,3.0,8557.746366510084,28.545569236802095,GS-Beijing -> 00134 -> 00133 -> GS-Singapore
2026-07-15 06:59:18.619217+00:00,True,False,3.0,8543.834514657481,28.499164294044654,GS-Beijing -> 00134 -> 00133 -> GS-Singapore
2026-07-15 06:59:19.619217+00:00,True,False,3.0,8529.971539274307,28.45292238564023,GS-Beijing -> 00134 -> 00133 -> GS-Singapore
2026-07-15 06:59:20.619217+00:00,True,False,3.0,8516.15738569086,28.406843329230316,GS-Beijing -> 00134 -> 00133 -> GS-Singapore
2026-07-15 06:59:21.619217+00:00,True,False,3.0,8502.391997423843,28.360926936406933,GS-Beijing -> 00134 -> 00133 -> GS-Singapore
2026-07-15 06:59:22.619217+00:00,True,False,3.0,8488.675316235245,28.315173012908968,GS-Beijing -> 00134 -> 00133 -> GS-Singapore
2026-07-15 06:59:23.619217+00:00,True,False,3.0,8475.007282200924,28.26958135885101,GS-Beijing -> 00134 -> 00133 -> GS-Singapore
2026-07-15 06:59:24.619217+00:00,True,False,3.0,8461.38783376994,28.22415176892122,GS-Beijing -> 00134 -> 00133 -> GS-Singapore
2026-07-15 06:59:25.619217+00:00,True,False,3.0,8447.8169078412,28.178884032637004,GS-Beijing -> 00134 -> 00133 -> GS-Singapore
2026-07-15 06:59:26.619217+00:00,True,False,3.0,8434.294439816907,28.133777934523316,GS-Beijing -> 00134 -> 00133 -> GS-Singapore
2026-07-15 06:59:27.619217+00:00,True,False,3.0,8420.820363668492,28.088833254332545,GS-Beijing -> 00134 -> 00133 -> GS-Singapore
2026-07-15 06:59:28.619217+00:00,True,False,3.0,8407.394612010718,28.04404976729174,GS-Beijing -> 00134 -> 00133 -> GS-Singapore
2026-07-15 06:59:29.619217+00:00,True,False,3.0,8394.017116152341,27.999427244271576,GS-Beijing -> 00134 -> 00133 -> GS-Singapore
2026-07-15 06:59:30.619217+00:00,True,False,3.0,8380.687806163603,27.954965452011486,GS-Beijing -> 00134 -> 00133 -> GS-Singapore
2026-07-15 06:59:31.619217+00:00,True,False,3.0,8367.406610940096,27.91066415333269,GS-Beijing -> 00134 -> 00133 -> GS-Singapore
2026-07-15 06:59:32.619217+00:00,True,False,3.0,8354.173458265648,27.866523107347977,GS-Beijing -> 00134 -> 00133 -> GS-Singapore
2026-07-15 06:59:33.619217+00:00,True,False,3.0,8340.988274870393,27.82254206965538,GS-Beijing -> 00134 -> 00133 -> GS-Singapore
2026-07-15 06:59:34.619217+00:00,True,False,3.0,8327.850986494162,27.778720792549635,GS-Beijing -> 00134 -> 00133 -> GS-Singapore
2026-07-15 06:59:35.619217+00:00,True,False,3.0,8314.761517944398,27.735059025215367,GS-Beijing -> 00134 -> 00133 -> GS-Singapore
2026-07-15 06:59:36.619217+00:00,True,False,3.0,8301.719793162854,27.691556513949575,GS-Beijing -> 00134 -> 00133 -> GS-Singapore
2026-07-15 06:59:37.619217+00:00,True,False,3.0,8288.725735267863,27.648213002302622,GS-Beijing -> 00134 -> 00133 -> GS-Singapore
2026-07-15 06:59:38.619217+00:00,True,False,3.0,8275.77926662832,27.605028231325022,GS-Beijing -> 00134 -> 00133 -> GS-Singapore
2026-07-15 06:59:39.619217+00:00,True,False,3.0,8262.880308918693,27.56200193975091,GS-Beijing -> 00134 -> 00133 -> GS-Singapore
2026-07-15 06:59:40.619217+00:00,True,False,3.0,8250.028783167721,27.519133864160526,GS-Beijing -> 00134 -> 00133 -> GS-Singapore
2026-07-15 06:59:41.619217+00:00,True,False,3.0,8237.224609818508,27.476423739180618,GS-Beijing -> 00134 -> 00133 -> GS-Singapore
2026-07-15 06:59:42.619217+00:00,True,False,3.0,8224.467708783966,27.433871297669427,GS-Beijing -> 00134 -> 00133 -> GS-Singapore
2026-07-15 06:59:43.619217+00:00,True,False,3.0,8211.757999497333,27.391476270885153,GS-Beijing -> 00134 -> 00133 -> GS-Singapore
2026-07-15 06:59:44.619217+00:00,True,False,3.0,8199.095400969336,27.349238388676664,GS-Beijing -> 00134 -> 00133 -> GS-Singapore
2026-07-15 06:59:45.619217+00:00,True,False,3.0,8186.479831831787,27.307157379628904,GS-Beijing -> 00134 -> 00133 -> GS-Singapore
2026-07-15 06:59:46.619217+00:00,True,False,3.0,8173.911210404343,27.265232971285567,GS-Beijing -> 00134 -> 00133 -> GS-Singapore
2026-07-15 06:59:47.619217+00:00,True,False,3.0,8161.3894547242335,27.223464890248287,GS-Beijing -> 00134 -> 00133 -> GS-Singapore
2026-07-15 06:59:48.619217+00:00,True,False,3.0,8148.914482609099,27.181852862386215,GS-Beijing -> 00134 -> 00133 -> GS-Singapore
2026-07-15 06:59:49.619217+00:00,True,False,3.0,8136.486211698997,27.14039661297616,GS-Beijing -> 00134 -> 00133 -> GS-Singapore
2026-07-15 06:59:50.619217+00:00,True,False,3.0,8124.104559508105,27.099095866875025,GS-Beijing -> 00134 -> 00133 -> GS-Singapore
2026-07-15 06:59:51.619217+00:00,True,False,3.0,8111.769443461129,27.057950348641292,GS-Beijing -> 00134 -> 00133 -> GS-Singapore
2026-07-15 06:59:52.619217+00:00,True,False,3.0,8099.480780948301,27.01695978271842,GS-Beijing -> 00134 -> 00133 -> GS-Singapore
2026-07-15 06:59:53.619217+00:00,True,False,3.0,8087.238489367148,26.97612389357423,GS-Beijing -> 00134 -> 00133 -> GS-Singapore
2026-07-15 06:59:54.619217+00:00,True,False,3.0,8075.042486155079,26.935442405809553,GS-Beijing -> 00134 -> 00133 -> GS-Singapore
2026-07-15 06:59:55.619217+00:00,True,False,3.0,8062.892688840115,26.894915044327483,GS-Beijing -> 00134 -> 00133 -> GS-Singapore
2026-07-15 06:59:56.619217+00:00,True,False,3.0,8050.789015083073,26.85454153447407,GS-Beijing -> 00134 -> 00133 -> GS-Singapore
2026-07-15 06:59:57.619217+00:00,True,False,3.0,8038.731382707474,26.814321602138083,GS-Beijing -> 00134 -> 00133 -> GS-Singapore
2026-07-15 06:59:58.619217+00:00,True,False,3.0,8026.719709749777,26.77425497391858,GS-Beijing -> 00134 -> 00133 -> GS-Singapore
2026-07-15 06:59:59.619217+00:00,True,False,3.0,8014.753914482617,26.734341377202416,GS-Beijing -> 00134 -> 00133 -> GS-Singapore
2026-07-15 07:00:00.619217+00:00,True,False,3.0,8002.833915464473,26.694580540329916,GS-Beijing -> 00134 -> 00133 -> GS-Singapore
2026-07-15 07:00:01.619217+00:00,True,False,3.0,7990.959631556968,26.654972192652586,GS-Beijing -> 00134 -> 00133 -> GS-Singapore
2026-07-15 07:00:02.619217+00:00,True,False,3.0,7979.130981981617,26.615516064722406,GS-Beijing -> 00134 -> 00133 -> GS-Singapore
2026-07-15 07:00:03.619217+00:00,True,False,3.0,7967.347886333237,26.57621188833655,GS-Beijing -> 00134 -> 00133 -> GS-Singapore
2026-07-15 07:00:04.619217+00:00,True,False,3.0,7955.610264619367,26.5370593966689,GS-Beijing -> 00134 -> 00133 -> GS-Singapore
2026-07-15 07:00:05.619217+00:00,True,False,3.0,7943.91803728773,26.498058324361615,GS-Beijing -> 00134 -> 00133 -> GS-Singapore
2026-07-15 07:00:06.619217+00:00,True,False,3.0,7932.271125263872,26.45920840765071,GS-Beijing -> 00134 -> 00133 -> GS-Singapore
2026-07-15 07:00:07.619217+00:00,True,False,3.0,7920.669449967081,26.42050938441914,GS-Beijing -> 00134 -> 00133 -> GS-Singapore
2026-07-15 07:00:08.619217+00:00,True,False,3.0,7909.112933344118,26.381960994309328,GS-Beijing -> 00134 -> 00133 -> GS-Singapore
2026-07-15 07:00:09.619217+00:00,True,False,3.0,7897.601497894886,26.34356297880878,GS-Beijing -> 00134 -> 00133 -> GS-Singapore
2026-07-15 07:00:10.619217+00:00,True,False,3.0,7886.135066702667,26.30531508135094,GS-Beijing -> 00134 -> 00133 -> GS-Singapore
2026-07-15 07:00:11.619217+00:00,True,False,3.0,7874.713563443269,26.2672170473457,GS-Beijing -> 00134 -> 00133 -> GS-Singapore
2026-07-15 07:00:12.619217+00:00,True,False,3.0,7863.336912423359,26.229268624307284,GS-Beijing -> 00134 -> 00133 -> GS-Singapore
2026-07-15 07:00:13.619217+00:00,True,False,3.0,7852.005038599297,26.191469561917057,GS-Beijing -> 00134 -> 00133 -> GS-Singapore
2026-07-15 07:00:14.619217+00:00,True,False,3.0,7840.717867588672,26.153819612061998,GS-Beijing -> 00134 -> 00133 -> GS-Singapore
2026-07-15 07:00:15.619217+00:00,True,False,3.0,7829.475325702217,26.116318528941168,GS-Beijing -> 00134 -> 00133 -> GS-Singapore
2026-07-15 07:00:16.619217+00:00,True,False,3.0,7818.277339954156,26.078966069100233,GS-Beijing -> 00134 -> 00133 -> GS-Singapore
2026-07-15 07:00:17.619217+00:00,True,False,3.0,7807.123838085919,26.041761991510537,GS-Beijing -> 00134 -> 00133 -> GS-Singapore
2026-07-15 07:00:18.619217+00:00,True,False,3.0,7796.014748582952,26.004706057625214,GS-Beijing -> 00134 -> 00133 -> GS-Singapore
2026-07-15 07:00:19.619217+00:00,True,False,3.0,7784.9500006802355,25.96779803139756,GS-Beijing -> 00134 -> 00133 -> GS-Singapore
2026-07-15 07:00:20.619217+00:00,True,False,3.0,7773.929524397161,25.931037679397395,GS-Beijing -> 00134 -> 00133 -> GS-Singapore
2026-07-15 07:00:21.619217+00:00,True,False,3.0,7762.953250533006,25.894424770795958,GS-Beijing -> 00134 -> 00133 -> GS-Singapore
2026-07-15 07:00:22.619217+00:00,True,False,3.0,7752.021110694928,25.857959077459274,GS-Beijing -> 00134 -> 00133 -> GS-Singapore
2026-07-15 07:00:23.619217+00:00,True,False,3.0,7741.1330372963985,25.82164037394296,GS-Beijing -> 00134 -> 00133 -> GS-Singapore
2026-07-15 07:00:24.619217+00:00,True,False,3.0,7730.288963581245,25.785468437572387,GS-Beijing -> 00134 -> 00133 -> GS-Singapore
2026-07-15 07:00:25.619217+00:00,True,False,3.0,7719.488823629126,25.749443048460968,GS-Beijing -> 00134 -> 00133 -> GS-Singapore
2026-07-15 07:00:26.619217+00:00,True,False,3.0,7708.732552363141,25.713563989535526,GS-Beijing -> 00134 -> 00133 -> GS-Singapore
2026-07-15 07:00:27.619217+00:00,True,False,3.0,7698.020085563563,25.67783104658211,GS-Beijing -> 00134 -> 00133 -> GS-Singapore
2026-07-15 07:00:28.619217+00:00,True,False,3.0,7687.351359877763,25.642244008279096,GS-Beijing -> 00134 -> 00133 -> GS-Singapore
2026-07-15 07:00:29.619217+00:00,True,False,3.0,7676.726312820856,25.60680266619935,GS-Beijing -> 00134 -> 00133 -> GS-Singapore
2026-07-15 07:00:30.619217+00:00,True,False,3.0,7666.144882788455,25.571506814852746,GS-Beijing -> 00134 -> 00133 -> GS-Singapore
2026-07-15 07:00:31.619217+00:00,True,False,3.0,7655.60700906345,25.53635625170881,GS-Beijing -> 00134 -> 00133 -> GS-Singapore
2026-07-15 07:00:32.619217+00:00,True,False,3.0,7645.112631811263,25.50135077718087,GS-Beijing -> 00134 -> 00133 -> GS-Singapore
2026-07-15 07:00:33.619217+00:00,True,False,3.0,7634.661692101667,25.466490194698853,GS-Beijing -> 00134 -> 00133 -> GS-Singapore
2026-07-15 07:00:34.619217+00:00,True,False,3.0,7624.254131902526,25.431774310688386,GS-Beijing -> 00134 -> 00133 -> GS-Singapore
2026-07-15 07:00:35.619217+00:00,True,False,3.0,7613.88989408197,25.39720293457806,GS-Beijing -> 00134 -> 00133 -> GS-Singapore
2026-07-15 07:00:36.619217+00:00,True,False,3.0,7603.568922415037,25.362775878821598,GS-Beijing -> 00134 -> 00133 -> GS-Singapore
2026-07-15 07:00:37.619217+00:00,True,False,3.0,7593.291161590825,25.328492958921686,GS-Beijing -> 00134 -> 00133 -> GS-Singapore
2026-07-15 07:00:38.619217+00:00,True,False,3.0,7583.05655719901,25.29435399338502,GS-Beijing -> 00134 -> 00133 -> GS-Singapore
2026-07-15 07:00:39.619217+00:00,True,False,3.0,7572.865055745837,25.260358803775635,GS-Beijing -> 00134 -> 00133 -> GS-Singapore
2026-07-15 07:00:40.619217+00:00,True,False,3.0,7562.716604657767,25.226507214727086,GS-Beijing -> 00134 -> 00133 -> GS-Singapore
2026-07-15 07:00:41.619217+00:00,True,False,3.0,7552.6111522615165,25.192799053875852,GS-Beijing -> 00134 -> 00133 -> GS-Singapore
2026-07-15 07:00:42.619217+00:00,True,False,3.0,7542.548647801395,25.15923415191918,GS-Beijing -> 00134 -> 00133 -> GS-Singapore
2026-07-15 07:00:43.619217+00:00,True,False,3.0,7532.529041435576,25.125812342602618,GS-Beijing -> 00134 -> 00133 -> GS-Singapore
2026-07-15 07:00:44.619217+00:00,True,False,3.0,7522.552284230199,25.092533462700384,GS-Beijing -> 00134 -> 00133 -> GS-Singapore
2026-07-15 07:00:45.619217+00:00,True,False,3.0,7512.618328156153,25.059397352004613,GS-Beijing -> 00134 -> 00133 -> GS-Singapore
2026-07-15 07:00:46.619217+00:00,True,False,3.0,7502.72712609999,25.02640385336175,GS-Beijing -> 00134 -> 00133 -> GS-Singapore
2026-07-15 07:00:47.619217+00:00,True,False,3.0,7492.87863184477,24.993552812608684,GS-Beijing -> 00134 -> 00133 -> GS-Singapore
2026-07-15 07:00:48.619217+00:00,True,False,3.0,7483.072800081654,24.960844078611395,GS-Beijing -> 00134 -> 00133 -> GS-Singapore
2026-07-15 07:00:49.619217+00:00,True,False,3.0,7473.309586389867,24.92827750319812,GS-Beijing -> 00134 -> 00133 -> GS-Singapore
2026-07-15 07:00:50.619217+00:00,True,False,3.0,7463.588947252746,24.895852941212905,GS-Beijing -> 00134 -> 00133 -> GS-Singapore
2026-07-15 07:00:51.619217+00:00,True,False,3.0,7453.910840041473,24.863570250461315,GS-Beijing -> 00134 -> 00133 -> GS-Singapore
2026-07-15 07:00:52.619217+00:00,True,False,3.0,7444.275223014159,24.831429291707398,GS-Beijing -> 00134 -> 00133 -> GS-Singapore
2026-07-15 07:00:53.619217+00:00,True,False,3.0,7434.682055312215,24.799429928661567,GS-Beijing -> 00134 -> 00133 -> GS-Singapore
2026-07-15 07:00:54.619217+00:00,True,False,3.0,7425.131296953408,24.76757202795745,GS-Beijing -> 00134 -> 00133 -> GS-Singapore
2026-07-15 07:00:55.619217+00:00,True,False,3.0,7415.622908828658,24.7358554591412,GS-Beijing -> 00134 -> 00133 -> GS-Singapore
2026-07-15 07:00:56.619217+00:00,True,False,3.0,7406.156852698638,24.70428009466015,GS-Beijing -> 00134 -> 00133 -> GS-Singapore
2026-07-15 07:00:57.619217+00:00,True,False,3.0,7396.733091186338,24.672845809838016,GS-Beijing -> 00134 -> 00133 -> GS-Singapore
2026-07-15 07:00:58.619217+00:00,True,False,3.0,7387.3515877725695,24.641552482859893,GS-Beijing -> 00134 -> 00133 -> GS-Singapore
2026-07-15 07:00:59.619217+00:00,True,False,3.0,7378.012306790884,24.610399994755323,GS-Beijing -> 00134 -> 00133 -> GS-Singapore
2026-07-15 07:01:00.619217+00:00,True,False,3.0,7368.715213418692,24.57938822936864,GS-Beijing -> 00134 -> 00133 -> GS-Singapore
2026-07-15 07:01:01.619217+00:00,True,False,3.0,7359.460273679027,24.548517073364888,GS-Beijing -> 00134 -> 00133 -> GS-Singapore
2026-07-15 07:01:02.619217+00:00,True,False,3.0,7350.247454422124,24.517786416168363,GS-Beijing -> 00134 -> 00133 -> GS-Singapore
2026-07-15 07:01:03.619217+00:00,True,False,3.0,7341.07672333717,24.487196150001783,GS-Beijing -> 00134 -> 00133 -> GS-Singapore
2026-07-15 07:01:04.619217+00:00,True,False,3.0,7331.948048927772,24.45674616980449,GS-Beijing -> 00134 -> 00133 -> GS-Singapore
2026-07-15 07:01:05.619217+00:00,True,False,3.0,7322.861400521647,24.42643637326476,GS-Beijing -> 00134 -> 00133 -> GS-Singapore
2026-07-15 07:01:06.619217+00:00,True,False,3.0,7313.816748255029,24.396266660767793,GS-Beijing -> 00134 -> 00133 -> GS-Singapore
2026-07-15 07:01:07.619217+00:00,True,False,3.0,7304.814063067456,24.36623693537833,GS-Beijing -> 00134 -> 00133 -> GS-Singapore
2026-07-15 07:01:08.619217+00:00,True,False,3.0,7295.853316701976,24.336347102841312,GS-Beijing -> 00134 -> 00133 -> GS-Singapore
2026-07-15 07:01:09.619217+00:00,True,False,3.0,7286.934481691372,24.30659707153598,GS-Beijing -> 00134 -> 00133 -> GS-Singapore
2026-07-15 07:01:10.619217+00:00,True,False,3.0,7278.05753135815,24.276986752475775,GS-Beijing -> 00134 -> 00133 -> GS-Singapore
2026-07-15 07:01:11.619217+00:00,True,False,3.0,7269.222439809877,24.24751605929285,GS-Beijing -> 00134 -> 00133 -> GS-Singapore
2026-07-15 07:01:12.619217+00:00,True,False,3.0,7260.42918192473,24.21818490818982,GS-Beijing -> 00134 -> 00133 -> GS-Singapore
2026-07-15 07:01:13.619217+00:00,True,False,3.0,7251.677733355852,24.18899321795431,GS-Beijing -> 00134 -> 00133 -> GS-Singapore
2026-07-15 07:01:14.619217+00:00,True,False,3.0,7242.968070521065,24.159940909924643,GS-Beijing -> 00134 -> 00133 -> GS-Singapore
2026-07-15 07:01:15.619217+00:00,True,False,3.0,7234.3001705984525,24.1310279079751,GS-Beijing -> 00134 -> 00133 -> GS-Singapore
2026-07-15 07:01:16.619217+00:00,True,False,3.0,7225.674011521638,24.102254138500168,GS-Beijing -> 00134 -> 00133 -> GS-Singapore
2026-07-15 07:01:17.619217+00:00,True,False,3.0,7217.089571973771,24.07361953039449,GS-Beijing -> 00134 -> 00133 -> GS-Singapore
2026-07-15 07:01:18.619217+00:00,True,False,3.0,7208.5468313885285,24.045124015056206,GS-Beijing -> 00134 -> 00133 -> GS-Singapore
2026-07-15 07:01:19.619217+00:00,True,False,3.0,7200.045769931653,24.01676752632534,GS-Beijing -> 00134 -> 00133 -> GS-Singapore
2026-07-15 07:01:20.619217+00:00,True,False,3.0,7191.586368514521,23.988550000529106,GS-Beijing -> 00134 -> 00133 -> GS-Singapore
2026-07-15 07:01:21.619217+00:00,True,False,3.0,7183.168608779955,23.960471376434548,GS-Beijing -> 00134 -> 00133 -> GS-Singapore
2026-07-15 07:01:22.619217+00:00,True,False,3.0,7174.792473098421,23.93253159523587,GS-Beijing -> 00134 -> 00133 -> GS-Singapore
2026-07-15 07:01:23.619217+00:00,True,False,3.0,7166.457944567562,23.904730600552874,GS-Beijing -> 00134 -> 00133 -> GS-Singapore
2026-07-15 07:01:24.619217+00:00,True,False,3.0,7158.165007008034,23.877068338417086,GS-Beijing -> 00134 -> 00133 -> GS-Singapore
2026-07-15 07:01:25.619217+00:00,True,True,3.0,7004.792430337826,23.365472490765015,GS-Beijing -> 00134 -> 00119 -> GS-Singapore
2026-07-15 07:01:26.619217+00:00,True,False,3.0,6999.468957761477,23.347715297632597,GS-Beijing -> 00134 -> 00119 -> GS-Singapore
2026-07-15 07:01:27.619217+00:00,True,False,3.0,6994.178483334941,23.33006817448003,GS-Beijing -> 00134 -> 00119 -> GS-Singapore
2026-07-15 07:01:28.619217+00:00,True,False,3.0,6988.921111512355,23.312531469728818,GS-Beijing -> 00134 -> 00119 -> GS-Singapore
2026-07-15 07:01:29.619217+00:00,True,False,3.0,6983.696946266748,23.295105530195652,GS-Beijing -> 00134 -> 00119 -> GS-Singapore
2026-07-15 07:01:30.619217+00:00,True,False,3.0,6978.506091088712,23.277790701087994,GS-Beijing -> 00134 -> 00119 -> GS-Singapore
2026-07-15 07:01:31.619217+00:00,True,False,3.0,6973.348648987296,23.260587326007034,GS-Beijing -> 00134 -> 00119 -> GS-Singapore
2026-07-15 07:01:32.619217+00:00,True,False,3.0,6968.2247224929615,23.24349574695759,GS-Beijing -> 00134 -> 00119 -> GS-Singapore
2026-07-15 07:01:33.619217+00:00,True,False,3.0,6963.134413650695,23.22651630432509,GS-Beijing -> 00134 -> 00119 -> GS-Singapore
2026-07-15 07:01:34.619217+00:00,True,False,3.0,6958.077824027812,23.20964933690164,GS-Beijing -> 00134 -> 00119 -> GS-Singapore
2026-07-15 07:01:35.619217+00:00,True,False,3.0,6953.055054709842,23.192895181872263,GS-Beijing -> 00134 -> 00119 -> GS-Singapore
2026-07-15 07:01:36.619217+00:00,True,False,3.0,6948.0662063087,23.176254174842185,GS-Beijing -> 00134 -> 00119 -> GS-Singapore
2026-07-15 07:01:37.619217+00:00,True,False,3.0,6943.111378953494,23.159726649806164,GS-Beijing -> 00134 -> 00119 -> GS-Singapore
2026-07-15 07:01:38.619217+00:00,True,False,3.0,6938.190672301034,23.143312939183527,GS-Beijing -> 00134 -> 00119 -> GS-Singapore
2026-07-15 07:01:39.619217+00:00,True,False,3.0,6933.304185536649,23.12701337382093,GS-Beijing -> 00134 -> 00119 -> GS-Singapore
2026-07-15 07:01:40.619217+00:00,True,False,3.0,6928.452017369948,23.110828282978183,GS-Beijing -> 00134 -> 00119 -> GS-Singapore
2026-07-15 07:01:41.619217+00:00,True,False,3.0,6923.634266049913,23.094757994378607,GS-Beijing -> 00134 -> 00119 -> GS-Singapore
2026-07-15 07:01:42.619217+00:00,True,False,3.0,6918.85102935427,23.078802834173604,GS-Beijing -> 00134 -> 00119 -> GS-Singapore
2026-07-15 07:01:43.619217+00:00,True,False,3.0,6914.102404602316,23.06296312698539,GS-Beijing -> 00134 -> 00119 -> GS-Singapore
2026-07-15 07:01:44.619217+00:00,True,False,3.0,6909.388488656327,23.047239195911754,GS-Beijing -> 00134 -> 00119 -> GS-Singapore
2026-07-15 07:01:45.619217+00:00,True,False,3.0,6904.709377922403,23.03163136252882,GS-Beijing -> 00134 -> 00119 -> GS-Singapore
2026-07-15 07:01:46.619217+00:00,True,False,3.0,6900.06516835772,23.016139946915278,GS-Beijing -> 00134 -> 00119 -> GS-Singapore
2026-07-15 07:01:47.619217+00:00,True,False,3.0,6895.455955475567,23.000765267669166,GS-Beijing -> 00134 -> 00119 -> GS-Singapore
2026-07-15 07:01:48.619217+00:00,True,False,3.0,6890.881834347975,22.985507641916648,GS-Beijing -> 00134 -> 00119 -> GS-Singapore
2026-07-15 07:01:49.619217+00:00,True,False,3.0,6886.342899612967,22.970367385336182,GS-Beijing -> 00134 -> 00119 -> GS-Singapore
2026-07-15 07:01:50.619217+00:00,True,False,3.0,6881.839245476279,22.955344812164288,GS-Beijing -> 00134 -> 00119 -> GS-Singapore
2026-07-15 07:01:51.619217+00:00,True,False,3.0,6877.3709657236495,22.940440235236505,GS-Beijing -> 00134 -> 00119 -> GS-Singapore
2026-07-15 07:01:52.619217+00:00,True,False,3.0,6872.938153720104,22.925653965985042,GS-Beijing -> 00134 -> 00119 -> GS-Singapore
2026-07-15 07:01:53.619217+00:00,True,False,3.0,6868.540902421992,22.910986314478905,GS-Beijing -> 00134 -> 00119 -> GS-Singapore
2026-07-15 07:01:54.619217+00:00,True,False,3.0,6864.179304378231,22.896437589428054,GS-Beijing -> 00134 -> 00119 -> GS-Singapore
2026-07-15 07:01:55.619217+00:00,True,False,3.0,6859.853451742325,22.88200809822349,GS-Beijing -> 00134 -> 00119 -> GS-Singapore
2026-07-15 07:01:56.619217+00:00,True,False,3.0,6855.563436276192,22.867698146950023,GS-Beijing -> 00134 -> 00119 -> GS-Singapore
2026-07-15 07:01:57.619217+00:00,True,False,3.0,6851.309349359894,22.85350804041873,GS-Beijing -> 00134 -> 00119 -> GS-Singapore
2026-07-15 07:01:58.619217+00:00,True,False,3.0,6847.091281997125,22.83943808218526,GS-Beijing -> 00134 -> 00119 -> GS-Singapore
2026-07-15 07:01:59.619217+00:00,True,False,3.0,6842.909324827016,22.82548857458921,GS-Beijing -> 00134 -> 00119 -> GS-Singapore
2026-07-15 07:02:00.619217+00:00,True,False,3.0,6838.763568126928,22.81165981876345,GS-Beijing -> 00134 -> 00119 -> GS-Singapore
2026-07-15 07:02:01.619217+00:00,True,False,3.0,6834.654101828095,22.79795211468627,GS-Beijing -> 00134 -> 00119 -> GS-Singapore
2026-07-15 07:02:02.619217+00:00,True,False,3.0,6830.5810155191775,22.78436576119329,GS-Beijing -> 00134 -> 00119 -> GS-Singapore
2026-07-15 07:02:03.619217+00:00,True,False,3.0,6826.544398456882,22.77090105601283,GS-Beijing -> 00134 -> 00119 -> GS-Singapore
2026-07-15 07:02:04.619217+00:00,True,False,3.0,6822.5443395767,22.757558295801758,GS-Beijing -> 00134 -> 00119 -> GS-Singapore
2026-07-15 07:02:05.619217+00:00,True,False,3.0,6818.580927501561,22.744337776174348,GS-Beijing -> 00134 -> 00119 -> GS-Singapore
2026-07-15 07:02:06.619217+00:00,True,False,3.0,6814.65425055355,22.73123979174136,GS-Beijing -> 00134 -> 00119 -> GS-Singapore
2026-07-15 07:02:07.619217+00:00,True,False,3.0,6810.764396760589,22.71826463613234,GS-Beijing -> 00134 -> 00119 -> GS-Singapore
2026-07-15 07:02:08.619217+00:00,True,False,3.0,6806.911453870184,22.70541260204146,GS-Beijing -> 00134 -> 00119 -> GS-Singapore
2026-07-15 07:02:09.619217+00:00,True,False,3.0,6803.095509360325,22.692683981263883,GS-Beijing -> 00134 -> 00119 -> GS-Singapore
2026-07-15 07:02:10.619217+00:00,True,False,3.0,6799.316650447023,22.68007906472091,GS-Beijing -> 00134 -> 00119 -> GS-Singapore
2026-07-15 07:02:11.619217+00:00,True,False,3.0,6795.574964098886,22.667598142508595,GS-Beijing -> 00134 -> 00119 -> GS-Singapore
2026-07-15 07:02:12.619217+00:00,True,False,3.0,6791.870537047747,22.65524150393319,GS-Beijing -> 00134 -> 00119 -> GS-Singapore
2026-07-15 07:02:13.619217+00:00,True,False,3.0,6788.203455800695,22.643009437551278,GS-Beijing -> 00134 -> 00119 -> GS-Singapore
2026-07-15 07:02:14.619217+00:00,True,False,3.0,6784.573806648885,22.630902231199176,GS-Beijing -> 00134 -> 00119 -> GS-Singapore
2026-07-15 07:02:15.619217+00:00,True,False,3.0,6780.981675684665,22.618920172050043,GS-Beijing -> 00134 -> 00119 -> GS-Singapore
2026-07-15 07:02:16.619217+00:00,True,False,3.0,6777.42714880909,22.60706354663896,GS-Beijing -> 00134 -> 00119 -> GS-Singapore
2026-07-15 07:02:17.619217+00:00,True,False,3.0,6773.910311746778,22.59533264091246,GS-Beijing -> 00134 -> 00119 -> GS-Singapore
2026-07-15 07:02:18.619217+00:00,True,False,3.0,6770.431250060616,22.583727740277627,GS-Beijing -> 00134 -> 00119 -> GS-Singapore
2026-07-15 07:02:19.619217+00:00,True,True,3.0,6765.9423579671275,22.568754407981565,GS-Beijing -> 00134 -> 00133 -> GS-Singapore
2026-07-15 07:02:20.619217+00:00,True,False,3.0,6759.975982155831,22.54885272049049,GS-Beijing -> 00134 -> 00133 -> GS-Singapore
2026-07-15 07:02:21.619217+00:00,True,False,3.0,6754.051595278468,22.52909109300698,GS-Beijing -> 00134 -> 00133 -> GS-Singapore
2026-07-15 07:02:22.619217+00:00,True,False,3.0,6748.169234893478,22.509469650812488,GS-Beijing -> 00134 -> 00133 -> GS-Singapore
2026-07-15 07:02:23.619217+00:00,True,False,3.0,6742.328940091322,22.489988524298774,GS-Beijing -> 00134 -> 00133 -> GS-Singapore
2026-07-15 07:02:24.619217+00:00,True,False,3.0,6736.530751523436,22.470647849064424,GS-Beijing -> 00134 -> 00133 -> GS-Singapore
2026-07-15 07:02:25.619217+00:00,True,False,3.0,6730.774711453714,22.451447766086613,GS-Beijing -> 00134 -> 00133 -> GS-Singapore
2026-07-15 07:02:26.619217+00:00,True,False,3.0,6725.060863785616,22.43238842181152,GS-Beijing -> 00134 -> 00133 -> GS-Singapore
2026-07-15 07:02:27.619217+00:00,True,False,3.0,6719.389254106351,22.41346996830171,GS-Beijing -> 00134 -> 00133 -> GS-Singapore
2026-07-15 07:02:28.619217+00:00,True,False,3.0,6713.75992973442,22.39469256339471,GS-Beijing -> 00134 -> 00133 -> GS-Singapore
2026-07-15 07:02:29.619217+00:00,True,False,3.0,6708.1729397496565,22.37605637080322,GS-Beijing -> 00134 -> 00133 -> GS-Singapore
2026-07-15 07:02:30.619217+00:00,True,False,3.0,6702.6283350489375,22.357561560300955,GS-Beijing -> 00134 -> 00133 -> GS-Singapore
2026-07-15 07:02:31.619217+00:00,True,False,3.0,6697.126168379633,22.33920830783419,GS-Beijing -> 00134 -> 00133 -> GS-Singapore
2026-07-15 07:02:32.619217+00:00,True,False,3.0,6691.666494396665,22.320996795712137,GS-Beijing -> 00134 -> 00133 -> GS-Singapore
2026-07-15 07:02:33.619217+00:00,True,False,3.0,6686.24936969819,22.302927212725912,GS-Beijing -> 00134 -> 00133 -> GS-Singapore
2026-07-15 07:02:34.619217+00:00,True,False,3.0,6680.87485287891,22.28499975432641,GS-Beijing -> 00134 -> 00133 -> GS-Singapore
2026-07-15 07:02:35.619217+00:00,True,False,3.0,6675.543004579332,22.267214622788586,GS-Beijing -> 00134 -> 00133 -> GS-Singapore
2026-07-15 07:02:36.619217+00:00,True,False,3.0,6670.253887533836,22.249572027371805,GS-Beijing -> 00134 -> 00133 -> GS-Singapore
2026-07-15 07:02:37.619217+00:00,True,False,3.0,6665.007566621848,22.23207218449054,GS-Beijing -> 00134 -> 00133 -> GS-Singapore
2026-07-15 07:02:38.619217+00:00,True,False,3.0,6659.804108921005,22.214715317891702,GS-Beijing -> 00134 -> 00133 -> GS-Singapore
2026-07-15 07:02:39.619217+00:00,True,False,3.0,6654.64358376049,22.19750165883256,GS-Beijing -> 00134 -> 00133 -> GS-Singapore
2026-07-15 07:02:40.619217+00:00,True,False,3.0,6649.526062772362,22.180431446251934,GS-Beijing -> 00134 -> 00133 -> GS-Singapore
2026-07-15 07:02:41.619217+00:00,True,False,3.0,6644.451619953753,22.163504926977694,GS-Beijing -> 00134 -> 00133 -> GS-Singapore
2026-07-15 07:02:42.619217+00:00,True,False,3.0,6639.420331716794,22.14672235589327,GS-Beijing -> 00134 -> 00133 -> GS-Singapore
2026-07-15 07:02:43.619217+00:00,True,False,3.0,6634.432276954392,22.13008399615708,GS-Beijing -> 00134 -> 00133 -> GS-Singapore
2026-07-15 07:02:44.619217+00:00,True,False,3.0,6629.48753709063,22.113590119370617,GS-Beijing -> 00134 -> 00133 -> GS-Singapore
2026-07-15 07:02:45.619217+00:00,True,False,3.0,6624.586196148135,22.097241005803205,GS-Beijing -> 00134 -> 00133 -> GS-Singapore
2026-07-15 07:02:46.619217+00:00,True,True,3.0,6688.699211915378,22.31109900675146,GS-Beijing -> 00134 -> 00119 -> GS-Singapore
2026-07-15 07:02:47.619217+00:00,True,False,3.0,6686.352598103575,22.30327154562232,GS-Beijing -> 00134 -> 00119 -> GS-Singapore
2026-07-15 07:02:48.619217+00:00,True,False,3.0,6684.046316995886,22.29557861991273,GS-Beijing -> 00134 -> 00119 -> GS-Singapore
2026-07-15 07:02:49.619217+00:00,True,False,3.0,6681.78045579096,22.288020520486075,GS-Beijing -> 00134 -> 00119 -> GS-Singapore
2026-07-15 07:02:50.619217+00:00,True,False,3.0,6679.555101958656,22.2805975391104,GS-Beijing -> 00134 -> 00119 -> GS-Singapore
2026-07-15 07:02:51.619217+00:00,True,False,3.0,6677.370343246919,22.27330996848133,GS-Beijing -> 00134 -> 00119 -> GS-Singapore
2026-07-15 07:02:52.619217+00:00,True,False,3.0,6675.2262676962955,22.266158102270524,GS-Beijing -> 00134 -> 00119 -> GS-Singapore
2026-07-15 07:02:53.619217+00:00,True,False,3.0,6673.122963651522,22.25914223516431,GS-Beijing -> 00134 -> 00119 -> GS-Singapore
2026-07-15 07:02:54.619217+00:00,True,False,3.0,6671.060519770062,22.252262662892146,GS-Beijing -> 00134 -> 00119 -> GS-Singapore
2026-07-15 07:02:55.619217+00:00,True,False,3.0,6669.03902503734,22.245519682277465,GS-Beijing -> 00134 -> 00119 -> GS-Singapore
2026-07-15 07:02:56.619217+00:00,True,False,3.0,6667.058568772164,22.238913591255738,GS-Beijing -> 00134 -> 00119 -> GS-Singapore
2026-07-15 07:02:57.619217+00:00,True,False,3.0,6665.119240643609,22.232444688930798,GS-Beijing -> 00134 -> 00119 -> GS-Singapore
2026-07-15 07:02:58.619217+00:00,True,False,3.0,6663.221130675311,22.226113275589178,GS-Beijing -> 00134 -> 00119 -> GS-Singapore
2026-07-15 07:02:59.619217+00:00,True,False,3.0,6661.364329257271,22.219919652739463,GS-Beijing -> 00134 -> 00119 -> GS-Singapore
2026-07-15 07:03:00.619217+00:00,True,False,3.0,6659.548927154646,22.213864123141636,GS-Beijing -> 00134 -> 00119 -> GS-Singapore
2026-07-15 07:03:01.619217+00:00,True,False,3.0,6657.775015516929,22.207946990837673,GS-Beijing -> 00134 -> 00119 -> GS-Singapore
2026-07-15 07:03:02.619217+00:00,True,False,3.0,6656.042685886632,22.202168561180525,GS-Beijing -> 00134 -> 00119 -> GS-Singapore
2026-07-15 07:03:03.619217+00:00,True,False,3.0,6654.352030206162,22.19652914085705,GS-Beijing -> 00134 -> 00119 -> GS-Singapore
2026-07-15 07:03:04.619217+00:00,True,False,3.0,6652.703140827456,22.191029037920146,GS-Beijing -> 00134 -> 00119 -> GS-Singapore
2026-07-15 07:03:05.619217+00:00,True,False,3.0,6651.0961105136985,22.1856685617945,GS-Beijing -> 00134 -> 00119 -> GS-Singapore
2026-07-15 07:03:06.619217+00:00,True,False,3.0,6649.531032454413,22.180448023326903,GS-Beijing -> 00134 -> 00119 -> GS-Singapore
2026-07-15 07:03:07.619217+00:00,True,False,3.0,6648.00800026488,22.17536773478431,GS-Beijing -> 00134 -> 00119 -> GS-Singapore
2026-07-15 07:03:08.619217+00:00,True,False,3.0,6646.527107991085,22.170428009870367,GS-Beijing -> 00134 -> 00119 -> GS-Singapore
2026-07-15 07:03:09.619217+00:00,True,False,3.0,6645.088450120734,22.16562916376213,GS-Beijing -> 00134 -> 00119 -> GS-Singapore
2026-07-15 07:03:10.619217+00:00,True,False,3.0,6643.69212158046,22.160971513100773,GS-Beijing -> 00134 -> 00119 -> GS-Singapore
2026-07-15 07:03:11.619217+00:00,True,False,3.0,6642.338217748201,22.156455376032845,GS-Beijing -> 00134 -> 00119 -> GS-Singapore
2026-07-15 07:03:12.619217+00:00,True,False,3.0,6641.026834444736,22.152081072182064,GS-Beijing -> 00134 -> 00119 -> GS-Singapore
2026-07-15 07:03:13.619217+00:00,True,False,3.0,6639.7580679483735,22.147848922698294,GS-Beijing -> 00134 -> 00119 -> GS-Singapore
2026-07-15 07:03:14.619217+00:00,True,False,3.0,6638.532014990739,22.143759250243512,GS-Beijing -> 00134 -> 00119 -> GS-Singapore
2026-07-15 07:03:15.619217+00:00,True,False,3.0,6637.3487727545835,22.139812378984477,GS-Beijing -> 00134 -> 00119 -> GS-Singapore
2026-07-15 07:03:16.619217+00:00,True,False,3.0,6636.2084388856165,22.13600863463222,GS-Beijing -> 00134 -> 00119 -> GS-Singapore
2026-07-15 07:03:17.619217+00:00,True,False,3.0,6635.111111480525,22.132348344402065,GS-Beijing -> 00134 -> 00119 -> GS-Singapore
2026-07-15 07:03:18.619217+00:00,True,False,3.0,6634.056889093636,22.128831837035857,GS-Beijing -> 00134 -> 00119 -> GS-Singapore
2026-07-15 07:03:19.619217+00:00,True,False,3.0,6633.04587073228,22.125459442786514,GS-Beijing -> 00134 -> 00119 -> GS-Singapore
2026-07-15 07:03:20.619217+00:00,True,False,3.0,6632.078155857204,22.122231493419374,GS-Beijing -> 00134 -> 00119 -> GS-Singapore
2026-07-15 07:03:21.619217+00:00,True,False,3.0,6631.153844378522,22.119148322198694,GS-Beijing -> 00134 -> 00119 -> GS-Singapore
2026-07-15 07:03:22.619217+00:00,True,False,3.0,6630.273036648092,22.11621026386225,GS-Beijing -> 00134 -> 00119 -> GS-Singapore
2026-07-15 07:03:23.619217+00:00,True,False,3.0,6629.435833464402,22.113417654637605,GS-Beijing -> 00134 -> 00119 -> GS-Singapore
2026-07-15 07:03:24.619217+00:00,True,False,3.0,6628.642336056665,22.110770832189065,GS-Beijing -> 00134 -> 00119 -> GS-Singapore
2026-07-15 07:03:25.619217+00:00,True,False,3.0,6627.892646088072,22.108270135628537,GS-Beijing -> 00134 -> 00119 -> GS-Singapore
2026-07-15 07:03:26.619217+00:00,True,False,3.0,6627.186865640598,22.105915905464833,GS-Beijing -> 00134 -> 00119 -> GS-Singapore
2026-07-15 07:03:27.619217+00:00,True,False,3.0,6626.525097215135,22.103708483604134,GS-Beijing -> 00134 -> 00119 -> GS-Singapore
2026-07-15 07:03:28.619217+00:00,True,False,3.0,6625.907443718494,22.1016482133066,GS-Beijing -> 00134 -> 00119 -> GS-Singapore
2026-07-15 07:03:29.619217+00:00,True,False,3.0,6625.3340084538,22.09973543915438,GS-Beijing -> 00134 -> 00119 -> GS-Singapore
2026-07-15 07:03:30.619217+00:00,True,False,3.0,6624.8048951122055,22.097970507023913,GS-Beijing -> 00134 -> 00119 -> GS-Singapore
2026-07-15 07:03:31.619217+00:00,True,False,3.0,6624.320207759973,22.096353764042902,GS-Beijing -> 00134 -> 00119 -> GS-Singapore
2026-07-15 07:03:32.619217+00:00,True,False,3.0,6623.880050828229,22.09488555855608,GS-Beijing -> 00134 -> 00119 -> GS-Singapore
2026-07-15 07:03:33.619217+00:00,True,False,3.0,6623.484529098174,22.093566240075905,GS-Beijing -> 00134 -> 00119 -> GS-Singapore
2026-07-15 07:03:34.619217+00:00,True,False,3.0,6623.133747689044,22.09239615924242,GS-Beijing -> 00134 -> 00119 -> GS-Singapore
2026-07-15 07:03:35.619217+00:00,True,False,3.0,6622.827812039926,22.09137566776255,GS-Beijing -> 00134 -> 00119 -> GS-Singapore
2026-07-15 07:03:36.619217+00:00,True,False,3.0,6622.56682789846,22.090505118372462,GS-Beijing -> 00134 -> 00119 -> GS-Singapore
2026-07-15 07:03:37.619217+00:00,True,False,3.0,6622.350901301603,22.089784864773357,GS-Beijing -> 00134 -> 00119 -> GS-Singapore
2026-07-15 07:03:38.619217+00:00,True,False,3.0,6622.180138556751,22.08921526156856,GS-Beijing -> 00134 -> 00119 -> GS-Singapore
2026-07-15 07:03:39.619217+00:00,True,False,3.0,6622.054646224599,22.088796664206274,GS-Beijing -> 00134 -> 00119 -> GS-Singapore
2026-07-15 07:03:40.619217+00:00,True,False,3.0,6621.974531099636,22.088529428914573,GS-Beijing -> 00134 -> 00119 -> GS-Singapore
2026-07-15 07:03:41.619217+00:00,True,False,3.0,6621.939900188555,22.088413912629367,GS-Beijing -> 00134 -> 00119 -> GS-Singapore
2026-07-15 07:03:42.619217+00:00,True,False,3.0,6621.95086068911,22.088450472923874,GS-Beijing -> 00134 -> 00119 -> GS-Singapore
2026-07-15 07:03:43.619217+00:00,True,False,3.0,6622.00751996622,22.08863946792891,GS-Beijing -> 00134 -> 00119 -> GS-Singapore
2026-07-15 07:03:44.619217+00:00,True,False,3.0,6622.109985530663,22.088981256261835,GS-Beijing -> 00134 -> 00119 -> GS-Singapore
2026-07-15 07:03:45.619217+00:00,True,False,3.0,6622.2583650114475,22.08947619693437,GS-Beijing -> 00134 -> 00119 -> GS-Singapore
2026-07-15 07:03:46.619217+00:00,True,False,3.0,6622.452766131261,22.090124649270738,GS-Beijing -> 00134 -> 00119 -> GS-Singapore
2026-07-15 07:03:47.619217+00:00,True,False,3.0,6622.693296681442,22.09092697282412,GS-Beijing -> 00134 -> 00119 -> GS-Singapore
2026-07-15 07:03:48.619217+00:00,True,False,3.0,6622.980064489468,22.09188352726828,GS-Beijing -> 00134 -> 00119 -> GS-Singapore
2026-07-15 07:03:49.619217+00:00,True,False,3.0,6623.313177394919,22.09299467231734,GS-Beijing -> 00134 -> 00119 -> GS-Singapore
2026-07-15 07:03:50.619217+00:00,True,False,3.0,6623.692743216762,22.094260767616653,GS-Beijing -> 00134 -> 00119 -> GS-Singapore
2026-07-15 07:03:51.619217+00:00,True,False,3.0,6624.118869724834,22.0956821726477,GS-Beijing -> 00134 -> 00119 -> GS-Singapore
2026-07-15 07:03:52.619217+00:00,True,False,3.0,6624.5916646036985,22.09725924660753,GS-Beijing -> 00134 -> 00119 -> GS-Singapore
2026-07-15 07:03:53.619217+00:00,True,False,3.0,6625.111235424083,22.098992348313455,GS-Beijing -> 00134 -> 00119 -> GS-Singapore
2026-07-15 07:03:54.619217+00:00,True,False,3.0,6625.677689605995,22.100881836080063,GS-Beijing -> 00134 -> 00119 -> GS-Singapore
2026-07-15 07:03:55.619217+00:00,True,False,3.0,6626.291134384486,22.102928067604978,GS-Beijing -> 00134 -> 00119 -> GS-Singapore
2026-07-15 07:03:56.619217+00:00,True,False,3.0,6626.951676774344,22.105131399851107,GS-Beijing -> 00134 -> 00119 -> GS-Singapore
2026-07-15 07:03:57.619217+00:00,True,False,3.0,6627.659423532439,22.107492188921043,GS-Beijing -> 00134 -> 00119 -> GS-Singapore
2026-07-15 07:03:58.619217+00:00,True,False,3.0,6628.414481120311,22.110010789932254,GS-Beijing -> 00134 -> 00119 -> GS-Singapore
2026-07-15 07:03:59.619217+00:00,True,False,3.0,6629.216955662468,22.11268755687799,GS-Beijing -> 00134 -> 00119 -> GS-Singapore
2026-07-15 07:04:00.619217+00:00,True,False,3.0,6630.06695290849,22.115522842500894,GS-Beijing -> 00134 -> 00119 -> GS-Singapore
2026-07-15 07:04:01.619217+00:00,True,False,3.0,6630.964578194052,22.11851699816295,GS-Beijing -> 00134 -> 00119 -> GS-Singapore
2026-07-15 07:04:02.619217+00:00,True,False,3.0,6631.909936395235,22.121670373693107,GS-Beijing -> 00134 -> 00119 -> GS-Singapore
2026-07-15 07:04:03.619217+00:00,True,False,3.0,6632.9031318874495,22.124983317250262,GS-Beijing -> 00134 -> 00119 -> GS-Singapore
2026-07-15 07:04:04.619217+00:00,True,False,3.0,6633.944268501865,22.128456175177913,GS-Beijing -> 00134 -> 00119 -> GS-Singapore
2026-07-15 07:04:05.619217+00:00,True,False,3.0,6635.033449479298,22.132089291850356,GS-Beijing -> 00134 -> 00119 -> GS-Singapore
2026-07-15 07:04:06.619217+00:00,True,False,3.0,6636.170777427038,22.135883009528676,GS-Beijing -> 00134 -> 00119 -> GS-Singapore
2026-07-15 07:04:07.619217+00:00,True,False,3.0,6637.356354270652,22.139837668199956,GS-Beijing -> 00134 -> 00119 -> GS-Singapore
2026-07-15 07:04:08.619217+00:00,True,False,3.0,6638.590281206614,22.143953605419302,GS-Beijing -> 00134 -> 00119 -> GS-Singapore
2026-07-15 07:04:09.619217+00:00,True,False,3.0,6639.872658654406,22.148231156150054,GS-Beijing -> 00134 -> 00119 -> GS-Singapore
2026-07-15 07:04:10.619217+00:00,True,False,3.0,6641.203586209423,22.152670652606687,GS-Beijing -> 00134 -> 00119 -> GS-Singapore
2026-07-15 07:04:11.619217+00:00,True,False,3.0,6642.583162589829,22.157272424077558,GS-Beijing -> 00134 -> 00119 -> GS-Singapore
2026-07-15 07:04:12.619217+00:00,True,False,3.0,6644.011485589089,22.162036796766543,GS-Beijing -> 00134 -> 00119 -> GS-Singapore
2026-07-15 07:04:13.619217+00:00,True,False,3.0,6645.488652024277,22.166964093620653,GS-Beijing -> 00134 -> 00119 -> GS-Singapore
2026-07-15 07:04:14.619217+00:00,True,False,3.0,6647.014757683357,22.17205463415413,GS-Beijing -> 00134 -> 00119 -> GS-Singapore
2026-07-15 07:04:15.619217+00:00,True,False,3.0,6648.589897273621,22.177308734276505,GS-Beijing -> 00134 -> 00119 -> GS-Singapore
2026-07-15 07:04:16.619217+00:00,True,False,3.0,6650.214164365563,22.182726706105342,GS-Beijing -> 00134 -> 00119 -> GS-Singapore
2026-07-15 07:04:17.619217+00:00,True,False,3.0,6651.8876513464775,22.188308857811485,GS-Beijing -> 00134 -> 00119 -> GS-Singapore
2026-07-15 07:04:18.619217+00:00,True,False,3.0,6653.610449358594,22.194055493412698,GS-Beijing -> 00134 -> 00119 -> GS-Singapore
2026-07-15 07:04:19.619217+00:00,True,False,3.0,6655.382648247931,22.199966912603024,GS-Beijing -> 00134 -> 00119 -> GS-Singapore
2026-07-15 07:04:20.619217+00:00,True,False,3.0,6657.204336507906,22.20604341056474,GS-Beijing -> 00134 -> 00119 -> GS-Singapore
2026-07-15 07:04:21.619217+00:00,True,False,3.0,6659.075601223829,22.21228527778317,GS-Beijing -> 00134 -> 00119 -> GS-Singapore
2026-07-15 07:04:22.619217+00:00,True,False,3.0,6660.9965280214565,22.218692799875093,GS-Beijing -> 00134 -> 00119 -> GS-Singapore
2026-07-15 07:04:23.619217+00:00,True,False,3.0,6662.967200998168,22.225266257359177,GS-Beijing -> 00134 -> 00119 -> GS-Singapore
2026-07-15 07:04:24.619217+00:00,True,False,3.0,6664.9877026818285,22.232005925518745,GS-Beijing -> 00134 -> 00119 -> GS-Singapore
2026-07-15 07:04:25.619217+00:00,True,False,3.0,6667.058113962426,22.23891207417375,GS-Beijing -> 00134 -> 00119 -> GS-Singapore
2026-07-15 07:04:26.619217+00:00,True,False,3.0,6669.178514039443,22.245984967505233,GS-Beijing -> 00134 -> 00119 -> GS-Singapore
2026-07-15 07:04:27.619217+00:00,True,False,3.0,6671.348980364208,22.253224863863014,GS-Beijing -> 00134 -> 00119 -> GS-Singapore
2026-07-15 07:04:28.619217+00:00,True,False,3.0,6673.5695885804125,22.260632015567293,GS-Beijing -> 00134 -> 00119 -> GS-Singapore
2026-07-15 07:04:29.619217+00:00,True,False,3.0,6675.840412469898,22.268206668727796,GS-Beijing -> 00134 -> 00119 -> GS-Singapore
2026-07-15 07:04:30.619217+00:00,True,False,3.0,6678.161523888886,22.27594906303109,GS-Beijing -> 00134 -> 00119 -> GS-Singapore
2026-07-15 07:04:31.619217+00:00,True,False,3.0,6680.532992717795,22.283859431573145,GS-Beijing -> 00134 -> 00119 -> GS-Singapore
2026-07-15 07:04:32.619217+00:00,True,False,3.0,6682.954886798537,22.291938000650227,GS-Beijing -> 00134 -> 00119 -> GS-Singapore
2026-07-15 07:04:33.619217+00:00,True,False,3.0,6685.427271878275,22.30018498957127,GS-Beijing -> 00134 -> 00119 -> GS-Singapore
2026-07-15 07:04:34.619217+00:00,True,False,3.0,6687.950211553001,22.308600610469664,GS-Beijing -> 00134 -> 00119 -> GS-Singapore
2026-07-15 07:04:35.619217+00:00,True,False,3.0,6690.523767206726,22.317185068100436,GS-Beijing -> 00134 -> 00119 -> GS-Singapore
2026-07-15 07:04:36.619217+00:00,True,False,3.0,6693.147997961907,22.325938559674867,GS-Beijing -> 00134 -> 00119 -> GS-Singapore
2026-07-15 07:04:37.619217+00:00,True,False,3.0,6695.822960615171,22.334861274646112,GS-Beijing -> 00134 -> 00119 -> GS-Singapore
2026-07-15 07:04:38.619217+00:00,True,False,3.0,6698.548709583392,22.343953394529333,GS-Beijing -> 00134 -> 00119 -> GS-Singapore
2026-07-15 07:04:39.619217+00:00,True,False,3.0,6701.325296853009,22.353215092732615,GS-Beijing -> 00134 -> 00119 -> GS-Singapore
2026-07-15 07:04:40.619217+00:00,True,False,3.0,6704.152771916171,22.36264653434401,GS-Beijing -> 00134 -> 00119 -> GS-Singapore
2026-07-15 07:04:41.619217+00:00,True,False,3.0,6707.031181723487,22.372247875973876,GS-Beijing -> 00134 -> 00119 -> GS-Singapore
2026-07-15 07:04:42.619217+00:00,True,False,3.0,6709.960570626518,22.382019265563105,GS-Beijing -> 00134 -> 00119 -> GS-Singapore
2026-07-15 07:04:43.619217+00:00,True,False,3.0,6712.940980323178,22.391960842200966,GS-Beijing -> 00134 -> 00119 -> GS-Singapore
2026-07-15 07:04:44.619217+00:00,True,False,3.0,6715.97244980774,22.402072735958356,GS-Beijing -> 00134 -> 00119 -> GS-Singapore
2026-07-15 07:04:45.619217+00:00,True,False,3.0,6719.055015317658,22.412355067710404,GS-Beijing -> 00134 -> 00119 -> GS-Singapore
2026-07-15 07:04:46.619217+00:00,True,False,3.0,6722.188710281992,22.422807948964454,GS-Beijing -> 00134 -> 00119 -> GS-Singapore
2026-07-15 07:04:47.619217+00:00,True,False,3.0,6725.373565272371,22.433431481696484,GS-Beijing -> 00134 -> 00119 -> GS-Singapore
2026-07-15 07:04:48.619217+00:00,True,False,3.0,6728.609607952232,22.44422575818179,GS-Beijing -> 00134 -> 00119 -> GS-Singapore
2026-07-15 07:04:49.619217+00:00,True,False,3.0,6731.896863027842,22.455190860831603,GS-Beijing -> 00134 -> 00119 -> GS-Singapore
2026-07-15 07:04:50.619217+00:00,True,False,3.0,6735.2353522044705,22.466326862046913,GS-Beijing -> 00134 -> 00119 -> GS-Singapore
2026-07-15 07:04:51.619217+00:00,True,False,3.0,6738.62509413691,22.477633824053406,GS-Beijing -> 00134 -> 00119 -> GS-Singapore
2026-07-15 07:04:52.619217+00:00,True,False,3.0,6742.066104385729,22.489111798755555,GS-Beijing -> 00134 -> 00119 -> GS-Singapore
2026-07-15 07:04:53.619217+00:00,True,False,3.0,6745.558395373076,22.500760827589186,GS-Beijing -> 00134 -> 00119 -> GS-Singapore
2026-07-15 07:04:54.619217+00:00,True,False,3.0,6749.101976338083,22.512580941372725,GS-Beijing -> 00134 -> 00119 -> GS-Singapore
2026-07-15 07:04:55.619217+00:00,True,True,4.0,10204.933087038438,34.03999271735662,GS-Beijing -> 00128 -> 00134 -> 00119 -> GS-Singapore
2026-07-15 07:04:56.619217+00:00,True,False,4.0,10218.400761271521,34.08491604305643,GS-Beijing -> 00128 -> 00134 -> 00119 -> GS-Singapore
2026-07-15 07:04:57.619217+00:00,True,False,4.0,10231.92125460834,34.13001555432172,GS-Beijing -> 00128 -> 00134 -> 00119 -> GS-Singapore
2026-07-15 07:04:58.619217+00:00,True,False,4.0,10245.494568107792,34.17529125468457,GS-Beijing -> 00128 -> 00134 -> 00119 -> GS-Singapore
2026-07-15 07:04:59.619217+00:00,True,False,4.0,10259.120698975741,34.220743134824765,GS-Beijing -> 00128 -> 00134 -> 00119 -> GS-Singapore
2026-07-15 07:05:00.619217+00:00,True,False,4.0,10272.799640546737,34.26637117250874,GS-Beijing -> 00128 -> 00134 -> 00119 -> GS-Singapore
2026-07-15 07:05:01.619217+00:00,True,False,4.0,10286.531382235182,34.31217533242675,GS-Beijing -> 00128 -> 00134 -> 00119 -> GS-Singapore
2026-07-15 07:05:02.619217+00:00,True,False,4.0,10300.31590952853,34.35815556617015,GS-Beijing -> 00128 -> 00134 -> 00119 -> GS-Singapore
2026-07-15 07:05:03.619217+00:00,True,False,4.0,10314.153203932648,34.40431181204915,GS-Beijing -> 00128 -> 00134 -> 00119 -> GS-Singapore
2026-07-15 07:05:04.619217+00:00,True,False,4.0,10328.043242974805,34.450643995102794,GS-Beijing -> 00128 -> 00134 -> 00119 -> GS-Singapore
2026-07-15 07:05:05.619217+00:00,True,False,4.0,10341.98600016387,34.49715202696617,GS-Beijing -> 00128 -> 00134 -> 00119 -> GS-Singapore
2026-07-15 07:05:06.619217+00:00,True,False,4.0,10355.981444965379,34.54383580578728,GS-Beijing -> 00128 -> 00134 -> 00119 -> GS-Singapore
2026-07-15 07:05:07.619217+00:00,True,False,4.0,10370.02954279735,34.59069521621304,GS-Beijing -> 00128 -> 00134 -> 00119 -> GS-Singapore
2026-07-15 07:05:08.619217+00:00,True,False,4.0,10384.130254997124,34.637730129278715,GS-Beijing -> 00128 -> 00134 -> 00119 -> GS-Singapore
2026-07-15 07:05:09.619217+00:00,True,False,4.0,10398.283538817457,34.68494040239484,GS-Beijing -> 00128 -> 00134 -> 00119 -> GS-Singapore
2026-07-15 07:05:10.619217+00:00,True,False,4.0,10412.489347398945,34.732325879255264,GS-Beijing -> 00128 -> 00134 -> 00119 -> GS-Singapore
2026-07-15 07:05:11.619217+00:00,True,False,4.0,10426.747629774685,34.77988638985269,GS-Beijing -> 00128 -> 00134 -> 00119 -> GS-Singapore
2026-07-15 07:05:12.619217+00:00,True,False,4.0,10441.058330844699,34.8276217503934,GS-Beijing -> 00128 -> 00134 -> 00119 -> GS-Singapore
2026-07-15 07:05:13.619217+00:00,True,False,4.0,10455.421391376702,34.87553176329974,GS-Beijing -> 00128 -> 00134 -> 00119 -> GS-Singapore
2026-07-15 07:05:14.619217+00:00,True,False,4.0,10469.836748003243,34.923616217200646,GS-Beijing -> 00128 -> 00134 -> 00119 -> GS-Singapore
2026-07-15 07:05:15.619217+00:00,True,False,4.0,10484.304333203556,34.97187488687109,GS-Beijing -> 00128 -> 00134 -> 00119 -> GS-Singapore
2026-07-15 07:05:16.619217+00:00,True,False,4.0,10498.824075319024,35.02030753328366,GS-Beijing -> 00128 -> 00134 -> 00119 -> GS-Singapore
2026-07-15 07:05:17.619217+00:00,True,False,4.0,10513.395898538667,35.06891390356014,GS-Beijing -> 00128 -> 00134 -> 00119 -> GS-Singapore
2026-07-15 07:05:18.619217+00:00,True,False,4.0,10528.019722909901,35.11769373100741,GS-Beijing -> 00128 -> 00134 -> 00119 -> GS-Singapore
2026-07-15 07:05:19.619217+00:00,True,False,4.0,10542.695464343402,35.16664673513369,GS-Beijing -> 00128 -> 00134 -> 00119 -> GS-Singapore
2026-07-15 07:05:20.619217+00:00,True,False,4.0,10557.42303461195,35.21577262164464,GS-Beijing -> 00128 -> 00134 -> 00119 -> GS-Singapore
2026-07-15 07:05:21.619217+00:00,True,False,4.0,10572.202341366421,35.265071082496746,GS-Beijing -> 00128 -> 00134 -> 00119 -> GS-Singapore
2026-07-15 07:05:22.619217+00:00,True,False,4.0,10587.033288139246,35.314541795908845,GS-Beijing -> 00128 -> 00134 -> 00119 -> GS-Singapore
2026-07-15 07:05:23.619217+00:00,True,False,4.0,10601.915774364576,35.364184426429354,GS-Beijing -> 00128 -> 00134 -> 00119 -> GS-Singapore
2026-07-15 07:05:24.619217+00:00,True,False,4.0,10616.849695382905,35.41399862495175,GS-Beijing -> 00128 -> 00134 -> 00119 -> GS-Singapore
2026-07-15 07:05:25.619217+00:00,True,False,4.0,10631.834942467525,35.46398402880277,GS-Beijing -> 00128 -> 00134 -> 00119 -> GS-Singapore
2026-07-15 07:05:26.619217+00:00,True,False,4.0,10646.871402838464,35.514140261788924,GS-Beijing -> 00128 -> 00134 -> 00119 -> GS-Singapore
2026-07-15 07:05:27.619217+00:00,True,False,4.0,10661.958959675147,35.56446693423871,GS-Beijing -> 00128 -> 00134 -> 00119 -> GS-Singapore
2026-07-15 07:05:28.619217+00:00,True,False,4.0,10677.097492157212,35.61496364313879,GS-Beijing -> 00128 -> 00134 -> 00119 -> GS-Singapore
2026-07-15 07:05:29.619217+00:00,True,False,4.0,10692.2868754677,35.6656299721446,GS-Beijing -> 00128 -> 00134 -> 00119 -> GS-Singapore
2026-07-15 07:05:30.619217+00:00,True,False,4.0,10707.526980836807,35.716465491726304,GS-Beijing -> 00128 -> 00134 -> 00119 -> GS-Singapore
2026-07-15 07:05:31.619217+00:00,True,False,4.0,10722.817675552573,35.76746975920446,GS-Beijing -> 00128 -> 00134 -> 00119 -> GS-Singapore
2026-07-15 07:05:32.619217+00:00,True,False,4.0,10738.158823009622,35.81864231891258,GS-Beijing -> 00128 -> 00134 -> 00119 -> GS-Singapore
2026-07-15 07:05:33.619217+00:00,True,False,4.0,10753.550282724602,35.86998270224864,GS-Beijing -> 00128 -> 00134 -> 00119 -> GS-Singapore
2026-07-15 07:05:34.619217+00:00,True,False,4.0,10768.99191037839,35.92149042781587,GS-Beijing -> 00128 -> 00134 -> 00119 -> GS-Singapore
2026-07-15 07:05:35.619217+00:00,True,False,4.0,10784.483557849962,35.973165001535705,GS-Beijing -> 00128 -> 00134 -> 00119 -> GS-Singapore
2026-07-15 07:05:36.619217+00:00,True,False,4.0,10800.025073249308,36.025005916757614,GS-Beijing -> 00128 -> 00134 -> 00119 -> GS-Singapore
2026-07-15 07:05:37.619217+00:00,True,False,4.0,10815.616300964133,36.07701265441485,GS-Beijing -> 00128 -> 00134 -> 00119 -> GS-Singapore
2026-07-15 07:05:38.619217+00:00,True,False,4.0,10831.257081687998,36.12918468311834,GS-Beijing -> 00128 -> 00134 -> 00119 -> GS-Singapore
2026-07-15 07:05:39.619217+00:00,True,False,4.0,10846.947252472657,36.181521459331236,GS-Beijing -> 00128 -> 00134 -> 00119 -> GS-Singapore
2026-07-15 07:05:40.619217+00:00,True,False,4.0,10862.68664677026,36.23402242750971,GS-Beijing -> 00128 -> 00134 -> 00119 -> GS-Singapore
2026-07-15 07:05:41.619217+00:00,True,False,4.0,10878.475094469231,36.286687020222615,GS-Beijing -> 00128 -> 00134 -> 00119 -> GS-Singapore
2026-07-15 07:05:42.619217+00:00,True,False,4.0,10894.312421953378,36.33951465834867,GS-Beijing -> 00128 -> 00134 -> 00119 -> GS-Singapore
2026-07-15 07:05:43.619217+00:00,True,False,4.0,10910.198452136752,36.392504751192746,GS-Beijing -> 00128 -> 00134 -> 00119 -> GS-Singapore
2026-07-15 07:05:44.619217+00:00,True,False,4.0,10926.13300452731,36.44565669669819,GS-Beijing -> 00128 -> 00134 -> 00119 -> GS-Singapore
2026-07-15 07:05:45.619217+00:00,True,False,4.0,10942.115895256584,36.498969881545804,GS-Beijing -> 00128 -> 00134 -> 00119 -> GS-Singapore
2026-07-15 07:05:46.619217+00:00,True,False,4.0,10958.146937157308,36.55244368141278,GS-Beijing -> 00128 -> 00134 -> 00119 -> GS-Singapore
2026-07-15 07:05:47.619217+00:00,True,False,4.0,10974.225939795833,36.60607746108087,GS-Beijing -> 00128 -> 00134 -> 00119 -> GS-Singapore
2026-07-15 07:05:48.619217+00:00,True,False,4.0,10990.352709532499,36.659870574637665,GS-Beijing -> 00128 -> 00134 -> 00119 -> GS-Singapore
2026-07-15 07:05:49.619217+00:00,True,False,4.0,11006.527049578903,36.71382236566773,GS-Beijing -> 00128 -> 00134 -> 00119 -> GS-Singapore
2026-07-15 07:05:50.619217+00:00,True,False,4.0,11022.748760057444,36.76793216745114,GS-Beijing -> 00128 -> 00134 -> 00119 -> GS-Singapore
2026-07-15 07:05:51.619217+00:00,True,False,4.0,11039.017638048223,36.82219930311997,GS-Beijing -> 00128 -> 00134 -> 00119 -> GS-Singapore
2026-07-15 07:05:52.619217+00:00,True,False,4.0,11055.333477648219,36.876623085855684,GS-Beijing -> 00128 -> 00134 -> 00119 -> GS-Singapore
2026-07-15 07:05:53.619217+00:00,True,False,4.0,11071.696070048589,36.93120281914693,GS-Beijing -> 00128 -> 00134 -> 00119 -> GS-Singapore
2026-07-15 07:05:54.619217+00:00,True,False,4.0,11088.105203569456,36.98593779690567,GS-Beijing -> 00128 -> 00134 -> 00119 -> GS-Singapore
2026-07-15 07:05:55.619217+00:00,True,False,4.0,11104.56066373603,37.040827303720995,GS-Beijing -> 00128 -> 00134 -> 00119 -> GS-Singapore
2026-07-15 07:05:56.619217+00:00,True,False,4.0,11121.06223333948,37.09587061506224,GS-Beijing -> 00128 -> 00134 -> 00119 -> GS-Singapore
2026-07-15 07:05:57.619217+00:00,True,False,4.0,11137.609692488753,37.1510669974518,GS-Beijing -> 00128 -> 00134 -> 00119 -> GS-Singapore
2026-07-15 07:05:58.619217+00:00,True,False,4.0,11154.202818692493,37.20641570873839,GS-Beijing -> 00128 -> 00134 -> 00119 -> GS-Singapore
2026-07-15 07:05:59.619217+00:00,True,False,4.0,11170.841386894623,37.261915998215756,GS-Beijing -> 00128 -> 00134 -> 00119 -> GS-Singapore
2026-07-15 07:06:00.619217+00:00,True,False,4.0,11187.525169567383,37.31756710693297,GS-Beijing -> 00128 -> 00134 -> 00119 -> GS-Singapore
2026-07-15 07:06:01.619217+00:00,True,False,4.0,11204.25393675502,37.37336826784021,GS-Beijing -> 00128 -> 00134 -> 00119 -> GS-Singapore
2026-07-15 07:06:02.619217+00:00,True,False,4.0,11221.027456146698,37.42931870603195,GS-Beijing -> 00128 -> 00134 -> 00119 -> GS-Singapore
2026-07-15 07:06:03.619217+00:00,True,False,4.0,11237.845493148377,37.485417638986696,GS-Beijing -> 00128 -> 00134 -> 00119 -> GS-Singapore
2026-07-15 07:06:04.619217+00:00,True,True,3.0,7620.601970108447,25.41959201024479,GS-Beijing -> 00133 -> 00119 -> GS-Singapore
2026-07-15 07:06:05.619217+00:00,True,False,3.0,7627.511182905615,25.44263866339698,GS-Beijing -> 00133 -> 00119 -> GS-Singapore
2026-07-15 07:06:06.619217+00:00,True,False,3.0,7634.475824474714,25.465870207030736,GS-Beijing -> 00133 -> 00119 -> GS-Singapore
2026-07-15 07:06:07.619217+00:00,True,False,3.0,7641.495666414365,25.489285879281077,GS-Beijing -> 00133 -> 00119 -> GS-Singapore
2026-07-15 07:06:08.619217+00:00,True,False,3.0,7648.570479857104,25.512884916728307,GS-Beijing -> 00133 -> 00119 -> GS-Singapore
2026-07-15 07:06:09.619217+00:00,True,False,3.0,7655.700035537967,25.536666554626827,GS-Beijing -> 00133 -> 00119 -> GS-Singapore
2026-07-15 07:06:10.619217+00:00,True,False,3.0,7662.884103852457,25.56063002709847,GS-Beijing -> 00133 -> 00119 -> GS-Singapore
2026-07-15 07:06:11.619217+00:00,True,False,3.0,7670.122454913682,25.584774567323112,GS-Beijing -> 00133 -> 00119 -> GS-Singapore
2026-07-15 07:06:12.619217+00:00,True,False,3.0,7677.414858618401,25.609099407758954,GS-Beijing -> 00133 -> 00119 -> GS-Singapore
2026-07-15 07:06:13.619217+00:00,True,False,3.0,7684.761084700464,25.633603780320797,GS-Beijing -> 00133 -> 00119 -> GS-Singapore
2026-07-15 07:06:14.619217+00:00,True,False,3.0,7692.160902798252,25.658286916604997,GS-Beijing -> 00133 -> 00119 -> GS-Singapore
2026-07-15 07:06:15.619217+00:00,True,False,3.0,7699.614082507993,25.683148048067284,GS-Beijing -> 00133 -> 00119 -> GS-Singapore
2026-07-15 07:06:16.619217+00:00,True,False,3.0,7707.120393449134,25.708186406240863,GS-Beijing -> 00133 -> 00119 -> GS-Singapore
2026-07-15 07:06:17.619217+00:00,True,False,3.0,7714.679605321363,25.733401222926574,GS-Beijing -> 00133 -> 00119 -> GS-Singapore
2026-07-15 07:06:18.619217+00:00,True,False,3.0,7722.291487964316,25.758791730392083,GS-Beijing -> 00133 -> 00119 -> GS-Singapore
2026-07-15 07:06:19.619217+00:00,True,False,3.0,7729.9558114180745,25.784357161573677,GS-Beijing -> 00133 -> 00119 -> GS-Singapore
2026-07-15 07:06:20.619217+00:00,True,False,3.0,7737.672345980027,25.810096750265902,GS-Beijing -> 00133 -> 00119 -> GS-Singapore
2026-07-15 07:06:21.619217+00:00,True,False,3.0,7745.440862266671,25.836009731327767,GS-Beijing -> 00133 -> 00119 -> GS-Singapore
2026-07-15 07:06:22.619217+00:00,True,False,3.0,7753.261131268033,25.862095340864222,GS-Beijing -> 00133 -> 00119 -> GS-Singapore
2026-07-15 07:06:23.619217+00:00,True,False,3.0,7761.132924405557,25.888352816419275,GS-Beijing -> 00133 -> 00119 -> GS-Singapore
2026-07-15 07:06:24.619217+00:00,True,False,3.0,7769.05601359571,25.91478139718815,GS-Beijing -> 00133 -> 00119 -> GS-Singapore
2026-07-15 07:06:25.619217+00:00,True,False,3.0,7777.030171299078,25.941380324181065,GS-Beijing -> 00133 -> 00119 -> GS-Singapore
2026-07-15 07:06:26.619217+00:00,True,False,3.0,7785.055170580385,25.968148840423414,GS-Beijing -> 00133 -> 00119 -> GS-Singapore
2026-07-15 07:06:27.619217+00:00,True,False,3.0,7793.130785163399,25.995086191138935,GS-Beijing -> 00133 -> 00119 -> GS-Singapore
2026-07-15 07:06:28.619217+00:00,True,False,3.0,7801.256789484634,26.02219162392883,GS-Beijing -> 00133 -> 00119 -> GS-Singapore
2026-07-15 07:06:29.619217+00:00,True,False,3.0,7809.4329587546135,26.0494643889761,GS-Beijing -> 00133 -> 00119 -> GS-Singapore
2026-07-15 07:06:30.619217+00:00,True,False,3.0,7817.659069001564,26.076903739191344,GS-Beijing -> 00133 -> 00119 -> GS-Singapore
2026-07-15 07:06:31.619217+00:00,True,False,3.0,7825.934897132769,26.104508930417353,GS-Beijing -> 00133 -> 00119 -> GS-Singapore
2026-07-15 07:06:32.619217+00:00,True,False,3.0,7834.2602209835195,26.132279221592427,GS-Beijing -> 00133 -> 00119 -> GS-Singapore
2026-07-15 07:06:33.619217+00:00,True,False,3.0,7842.634819368888,26.16021387492306,GS-Beijing -> 00133 -> 00119 -> GS-Singapore
2026-07-15 07:06:34.619217+00:00,True,False,3.0,7851.058472140869,26.188312156074552,GS-Beijing -> 00133 -> 00119 -> GS-Singapore
2026-07-15 07:06:35.619217+00:00,True,False,3.0,7859.530960226979,26.216573334299756,GS-Beijing -> 00133 -> 00119 -> GS-Singapore
2026-07-15 07:06:36.619217+00:00,True,False,3.0,7868.052065692118,26.244996682645425,GS-Beijing -> 00133 -> 00119 -> GS-Singapore
2026-07-15 07:06:37.619217+00:00,True,False,3.0,7876.621571781301,26.273581478094762,GS-Beijing -> 00133 -> 00119 -> GS-Singapore
2026-07-15 07:06:38.619217+00:00,True,False,3.0,7885.239262967984,26.302327001728592,GS-Beijing -> 00133 -> 00119 -> GS-Singapore
2026-07-15 07:06:39.619217+00:00,True,False,3.0,7893.904925000001,26.33123253887862,GS-Beijing -> 00133 -> 00119 -> GS-Singapore
2026-07-15 07:06:40.619217+00:00,True,False,3.0,7902.618344954184,26.360297379309603,GS-Beijing -> 00133 -> 00119 -> GS-Singapore
2026-07-15 07:06:41.619217+00:00,True,False,3.0,7911.379311274273,26.389520817345822,GS-Beijing -> 00133 -> 00119 -> GS-Singapore
2026-07-15 07:06:42.619217+00:00,True,False,3.0,7920.187613813366,26.418902152012663,GS-Beijing -> 00133 -> 00119 -> GS-Singapore
2026-07-15 07:06:43.619217+00:00,True,False,3.0,7929.043043889248,26.448440687221186,GS-Beijing -> 00133 -> 00119 -> GS-Singapore
2026-07-15 07:06:44.619217+00:00,True,False,3.0,7937.945394316833,26.47813573187633,GS-Beijing -> 00133 -> 00119 -> GS-Singapore
2026-07-15 07:06:45.619217+00:00,True,False,3.0,7946.894459454233,26.507986600030588,GS-Beijing -> 00133 -> 00119 -> GS-Singapore
2026-07-15 07:06:46.619217+00:00,True,False,3.0,7955.890035244643,26.537992611023736,GS-Beijing -> 00133 -> 00119 -> GS-Singapore
2026-07-15 07:06:47.619217+00:00,True,False,3.0,7964.9319192582825,26.568153089622697,GS-Beijing -> 00133 -> 00119 -> GS-Singapore
2026-07-15 07:06:48.619217+00:00,True,False,3.0,7974.019910729019,26.598467366143744,GS-Beijing -> 00133 -> 00119 -> GS-Singapore
2026-07-15 07:06:49.619217+00:00,True,False,3.0,7983.153810592634,26.628934776580117,GS-Beijing -> 00133 -> 00119 -> GS-Singapore
2026-07-15 07:06:50.619217+00:00,True,False,3.0,7992.333421529775,26.6595546627453,GS-Beijing -> 00133 -> 00119 -> GS-Singapore
2026-07-15 07:06:51.619217+00:00,True,False,3.0,8001.558547995993,26.690326372373228,GS-Beijing -> 00133 -> 00119 -> GS-Singapore
2026-07-15 07:06:52.619217+00:00,True,False,3.0,8010.828996263711,26.721249259258254,GS-Beijing -> 00133 -> 00119 -> GS-Singapore
2026-07-15 07:06:53.619217+00:00,True,False,3.0,8020.144574452595,26.752322683356486,GS-Beijing -> 00133 -> 00119 -> GS-Singapore
2026-07-15 07:06:54.619217+00:00,True,False,3.0,8029.505092568476,26.78354601091558,GS-Beijing -> 00133 -> 00119 -> GS-Singapore
2026-07-15 07:06:55.619217+00:00,True,False,3.0,8038.910362532193,26.814918614570995,GS-Beijing -> 00133 -> 00119 -> GS-Singapore
2026-07-15 07:06:56.619217+00:00,True,False,3.0,8048.360198213761,26.84643987345993,GS-Beijing -> 00133 -> 00119 -> GS-Singapore
2026-07-15 07:06:57.619217+00:00,True,False,3.0,8057.854415465408,26.878109173331534,GS-Beijing -> 00133 -> 00119 -> GS-Singapore
2026-07-15 07:06:58.619217+00:00,True,False,3.0,8067.392832149955,26.909925906641572,GS-Beijing -> 00133 -> 00119 -> GS-Singapore
2026-07-15 07:06:59.619217+00:00,True,False,3.0,8076.975268171015,26.941889472653163,GS-Beijing -> 00133 -> 00119 -> GS-Singapore
2026-07-15 07:07:00.619217+00:00,True,False,3.0,8086.601545499827,26.97399927752628,GS-Beijing -> 00133 -> 00119 -> GS-Singapore
2026-07-15 07:07:01.619217+00:00,True,False,3.0,8096.2714882092305,27.00625473443108,GS-Beijing -> 00133 -> 00119 -> GS-Singapore
2026-07-15 07:07:02.619217+00:00,True,False,3.0,8105.984922492719,27.038655263611467,GS-Beijing -> 00133 -> 00119 -> GS-Singapore
2026-07-15 07:07:03.619217+00:00,True,False,3.0,8115.741676694606,27.0712002924857,GS-Beijing -> 00133 -> 00119 -> GS-Singapore
2026-07-15 07:07:04.619217+00:00,True,False,3.0,8125.541581336775,27.103889255735634,GS-Beijing -> 00133 -> 00119 -> GS-Singapore
2026-07-15 07:07:05.619217+00:00,True,False,3.0,8135.384469137108,27.13672159536818,GS-Beijing -> 00133 -> 00119 -> GS-Singapore
2026-07-15 07:07:06.619217+00:00,True,False,3.0,8145.270175041034,27.169696760820564,GS-Beijing -> 00133 -> 00119 -> GS-Singapore
2026-07-15 07:07:07.619217+00:00,True,False,3.0,8155.1985362367905,27.202814209011194,GS-Beijing -> 00133 -> 00119 -> GS-Singapore
2026-07-15 07:07:08.619217+00:00,True,False,3.0,8165.169392178179,27.236073404415595,GS-Beijing -> 00133 -> 00119 -> GS-Singapore
2026-07-15 07:07:09.619217+00:00,True,False,3.0,8175.182584605644,27.26947381913672,GS-Beijing -> 00133 -> 00119 -> GS-Singapore
2026-07-15 07:07:10.619217+00:00,True,False,3.0,8185.237957572332,27.30301493299185,GS-Beijing -> 00133 -> 00119 -> GS-Singapore
2026-07-15 07:07:11.619217+00:00,True,False,3.0,8195.335357453732,27.336696233544785,GS-Beijing -> 00133 -> 00119 -> GS-Singapore
2026-07-15 07:07:12.619217+00:00,True,False,3.0,8205.47463296929,27.370517216177902,GS-Beijing -> 00133 -> 00119 -> GS-Singapore
2026-07-15 07:07:13.619217+00:00,True,False,3.0,8215.655635203655,27.404477384163066,GS-Beijing -> 00133 -> 00119 -> GS-Singapore
2026-07-15 07:07:14.619217+00:00,True,False,3.0,8225.878217616526,27.438576248694442,GS-Beijing -> 00133 -> 00119 -> GS-Singapore
2026-07-15 07:07:15.619217+00:00,True,False,3.0,8236.142236059079,27.472813328943317,GS-Beijing -> 00133 -> 00119 -> GS-Singapore
2026-07-15 07:07:16.619217+00:00,True,False,3.0,8246.44754879493,27.507188152127995,GS-Beijing -> 00133 -> 00119 -> GS-Singapore
2026-07-15 07:07:17.619217+00:00,True,False,3.0,8256.794016505914,27.54170025353311,GS-Beijing -> 00133 -> 00119 -> GS-Singapore
2026-07-15 07:07:18.619217+00:00,True,False,3.0,8267.181502314681,27.576349176584962,GS-Beijing -> 00133 -> 00119 -> GS-Singapore
2026-07-15 07:07:19.619217+00:00,True,False,3.0,8277.609871785782,27.61113447285516,GS-Beijing -> 00133 -> 00119 -> GS-Singapore
2026-07-15 07:07:20.619217+00:00,True,False,3.0,8288.07899294342,27.64605570211983,GS-Beijing -> 00133 -> 00119 -> GS-Singapore
2026-07-15 07:07:21.619217+00:00,True,False,3.0,8298.588736284042,27.681112432401626,GS-Beijing -> 00133 -> 00119 -> GS-Singapore
2026-07-15 07:07:22.619217+00:00,True,False,3.0,8309.138974779777,27.71630423998117,GS-Beijing -> 00133 -> 00119 -> GS-Singapore
2026-07-15 07:07:23.619217+00:00,True,False,3.0,8319.729583890388,27.751630709436956,GS-Beijing -> 00133 -> 00119 -> GS-Singapore
2026-07-15 07:07:24.619217+00:00,True,False,3.0,8330.36044157233,27.787091433675528,GS-Beijing -> 00133 -> 00119 -> GS-Singapore
2026-07-15 07:07:25.619217+00:00,True,False,3.0,8341.031428293769,27.82268601398161,GS-Beijing -> 00133 -> 00119 -> GS-Singapore
2026-07-15 07:07:26.619217+00:00,True,False,3.0,8351.7424270199,27.858414059969117,GS-Beijing -> 00133 -> 00119 -> GS-Singapore
2026-07-15 07:07:27.619217+00:00,True,False,3.0,8362.49332324419,27.894275189685363,GS-Beijing -> 00133 -> 00119 -> GS-Singapore
2026-07-15 07:07:28.619217+00:00,True,False,3.0,8373.28400497165,27.930269029555276,GS-Beijing -> 00133 -> 00119 -> GS-Singapore
2026-07-15 07:07:29.619217+00:00,True,False,3.0,8384.114362740496,27.96639521445365,GS-Beijing -> 00133 -> 00119 -> GS-Singapore
2026-07-15 07:07:30.619217+00:00,True,False,3.0,8394.984289614313,28.002653387678997,GS-Beijing -> 00133 -> 00119 -> GS-Singapore
2026-07-15 07:07:31.619217+00:00,True,False,3.0,8405.893681188836,28.03904320097618,GS-Beijing -> 00133 -> 00119 -> GS-Singapore
2026-07-15 07:07:32.619217+00:00,True,False,3.0,8416.84243559527,28.075564314547467,GS-Beijing -> 00133 -> 00119 -> GS-Singapore
2026-07-15 07:07:33.619217+00:00,True,False,3.0,8427.830453499566,28.11221639705014,GS-Beijing -> 00133 -> 00119 -> GS-Singapore
2026-07-15 07:07:34.619217+00:00,True,False,3.0,8438.857638107393,28.14899912561307,GS-Beijing -> 00133 -> 00119 -> GS-Singapore
2026-07-15 07:07:35.619217+00:00,True,False,3.0,8449.923895154223,28.18591218580363,GS-Beijing -> 00133 -> 00119 -> GS-Singapore
2026-07-15 07:07:36.619217+00:00,True,False,3.0,8461.029132913107,28.222955271653657,GS-Beijing -> 00133 -> 00119 -> GS-Singapore
2026-07-15 07:07:37.619217+00:00,True,False,3.0,8472.173262195694,28.26012808566283,GS-Beijing -> 00133 -> 00119 -> GS-Singapore
2026-07-15 07:07:38.619217+00:00,True,False,3.0,8483.356196335466,28.297430338742764,GS-Beijing -> 00133 -> 00119 -> GS-Singapore
2026-07-15 07:07:39.619217+00:00,True,False,3.0,8494.57785120108,28.334861750261513,GS-Beijing -> 00133 -> 00119 -> GS-Singapore
2026-07-15 07:07:40.619217+00:00,True,False,3.0,8505.838145184192,28.37242204800293,GS-Beijing -> 00133 -> 00119 -> GS-Singapore
2026-07-15 07:07:41.619217+00:00,True,False,3.0,8517.136999194083,28.410110968148782,GS-Beijing -> 00133 -> 00119 -> GS-Singapore
2026-07-15 07:07:42.619217+00:00,True,False,3.0,8528.474336659749,28.447928255285692,GS-Beijing -> 00133 -> 00119 -> GS-Singapore
2026-07-15 07:07:43.619217+00:00,True,True,3.0,5771.668487284315,19.252213767446797,GS-Beijing -> 00133 -> 00134 -> GS-Singapore
2026-07-15 07:07:44.619217+00:00,True,False,3.0,5773.583175559417,19.258600480067507,GS-Beijing -> 00133 -> 00134 -> GS-Singapore
2026-07-15 07:07:45.619217+00:00,True,False,3.0,5775.561094423406,19.265198107229924,GS-Beijing -> 00133 -> 00134 -> GS-Singapore
2026-07-15 07:07:46.619217+00:00,True,False,3.0,5777.601923431596,19.272005580045636,GS-Beijing -> 00133 -> 00134 -> GS-Singapore
2026-07-15 07:07:47.619217+00:00,True,False,3.0,5779.705352760479,19.279021865054656,GS-Beijing -> 00133 -> 00134 -> GS-Singapore
2026-07-15 07:07:48.619217+00:00,True,False,3.0,5781.8710830507325,19.28624596370177,GS-Beijing -> 00133 -> 00134 -> GS-Singapore
2026-07-15 07:07:49.619217+00:00,True,False,3.0,5784.098825254925,19.29367691182853,GS-Beijing -> 00133 -> 00134 -> GS-Singapore
2026-07-15 07:07:50.619217+00:00,True,False,3.0,5786.388300485527,19.30131377916628,GS-Beijing -> 00133 -> 00134 -> GS-Singapore
2026-07-15 07:07:51.619217+00:00,True,False,3.0,5788.739239858735,19.309155668815176,GS-Beijing -> 00133 -> 00134 -> GS-Singapore
2026-07-15 07:07:52.619217+00:00,True,False,3.0,5791.151384347684,19.31720171675461,GS-Beijing -> 00133 -> 00134 -> GS-Singapore
2026-07-15 07:07:53.619217+00:00,True,False,3.0,5793.624484628235,19.325451091328773,GS-Beijing -> 00133 -> 00134 -> GS-Singapore
2026-07-15 07:07:54.619217+00:00,True,False,3.0,5796.158300932051,19.33390299275658,GS-Beijing -> 00133 -> 00134 -> GS-Singapore
2026-07-15 07:07:55.619217+00:00,True,False,3.0,5798.752602896684,19.342556652631615,GS-Beijing -> 00133 -> 00134 -> GS-Singapore
2026-07-15 07:07:56.619217+00:00,True,False,3.0,5801.4071694174,19.351411333427876,GS-Beijing -> 00133 -> 00134 -> GS-Singapore
2026-07-15 07:07:57.619217+00:00,True,False,3.0,5804.121788499375,19.36046632800674,GS-Beijing -> 00133 -> 00134 -> GS-Singapore
2026-07-15 07:07:58.619217+00:00,True,False,3.0,5806.896257116945,19.369720959147493,GS-Beijing -> 00133 -> 00134 -> GS-Singapore
2026-07-15 07:07:59.619217+00:00,True,False,3.0,5809.730381063456,19.37917457904647,GS-Beijing -> 00133 -> 00134 -> GS-Singapore
2026-07-15 07:08:00.619217+00:00,True,False,3.0,5812.623974810343,19.38882656884698,GS-Beijing -> 00133 -> 00134 -> GS-Singapore
2026-07-15 07:08:01.619217+00:00,True,False,3.0,5815.576861363043,19.398676338158722,GS-Beijing -> 00133 -> 00134 -> GS-Singapore
2026-07-15 07:08:02.619217+00:00,True,False,3.0,5818.588872123022,19.40872332459752,GS-Beijing -> 00133 -> 00134 -> GS-Singapore
2026-07-15 07:08:03.619217+00:00,True,False,3.0,5821.659846746618,19.41896699331448,GS-Beijing -> 00133 -> 00134 -> GS-Singapore
2026-07-15 07:08:04.619217+00:00,True,False,3.0,5824.789633001808,19.429406836518243,GS-Beijing -> 00133 -> 00134 -> GS-Singapore
2026-07-15 07:08:05.619217+00:00,True,False,3.0,5827.978086636584,19.440042373035894,GS-Beijing -> 00133 -> 00134 -> GS-Singapore
2026-07-15 07:08:06.619217+00:00,True,False,3.0,5831.225071238236,19.45087314784362,GS-Beijing -> 00133 -> 00134 -> GS-Singapore
2026-07-15 07:08:07.619217+00:00,True,False,3.0,5834.530458098869,19.46189873161809,GS-Beijing -> 00133 -> 00134 -> GS-Singapore
2026-07-15 07:08:08.619217+00:00,True,False,3.0,5837.894126082141,19.473118720291964,GS-Beijing -> 00133 -> 00134 -> GS-Singapore
2026-07-15 07:08:09.619217+00:00,True,False,3.0,5841.315961485914,19.484532734595728,GS-Beijing -> 00133 -> 00134 -> GS-Singapore
2026-07-15 07:08:10.619217+00:00,True,False,3.0,5844.795857916184,19.49614041963719,GS-Beijing -> 00133 -> 00134 -> GS-Singapore
2026-07-15 07:08:11.619217+00:00,True,False,3.0,5848.333716151319,19.507941444448612,GS-Beijing -> 00133 -> 00134 -> GS-Singapore
2026-07-15 07:08:12.619217+00:00,True,False,3.0,5851.929444011849,19.519935501552375,GS-Beijing -> 00133 -> 00134 -> GS-Singapore
2026-07-15 07:08:13.619217+00:00,True,False,3.0,5855.58295623703,19.532122306549255,GS-Beijing -> 00133 -> 00134 -> GS-Singapore
2026-07-15 07:08:14.619217+00:00,True,False,3.0,5859.294174346311,19.544501597656307,GS-Beijing -> 00133 -> 00134 -> GS-Singapore
2026-07-15 07:08:15.619217+00:00,True,False,3.0,5863.063026525089,19.557073135325805,GS-Beijing -> 00133 -> 00134 -> GS-Singapore
2026-07-15 07:08:16.619217+00:00,True,False,3.0,5866.889447487954,19.569836701789058,GS-Beijing -> 00133 -> 00134 -> GS-Singapore
2026-07-15 07:08:17.619217+00:00,True,False,3.0,5870.773378360039,19.582792100660647,GS-Beijing -> 00133 -> 00134 -> GS-Singapore
2026-07-15 07:08:18.619217+00:00,True,False,3.0,5874.714766551681,19.59593915652035,GS-Beijing -> 00133 -> 00134 -> GS-Singapore
2026-07-15 07:08:19.619217+00:00,True,False,3.0,5878.7135656342525,19.609277714498916,GS-Beijing -> 00133 -> 00134 -> GS-Singapore
2026-07-15 07:08:20.619217+00:00,True,False,3.0,5882.769735219484,19.622807639875596,GS-Beijing -> 00133 -> 00134 -> GS-Singapore
2026-07-15 07:08:21.619217+00:00,True,False,3.0,5886.88324083483,19.636528817662352,GS-Beijing -> 00133 -> 00134 -> GS-Singapore
2026-07-15 07:08:22.619217+00:00,True,False,3.0,5891.054053809242,19.650441152222857,GS-Beijing -> 00133 -> 00134 -> GS-Singapore
2026-07-15 07:08:23.619217+00:00,True,False,3.0,5895.282151147072,19.664544566851887,GS-Beijing -> 00133 -> 00134 -> GS-Singapore
2026-07-15 07:08:24.619217+00:00,True,False,3.0,5899.567515412366,19.678839003389363,GS-Beijing -> 00133 -> 00134 -> GS-Singapore
2026-07-15 07:08:25.619217+00:00,True,False,3.0,5903.910134612975,19.693324421833772,GS-Beijing -> 00133 -> 00134 -> GS-Singapore
2026-07-15 07:08:26.619217+00:00,True,False,3.0,5908.310002079437,19.708000799938194,GS-Beijing -> 00133 -> 00134 -> GS-Singapore
2026-07-15 07:08:27.619217+00:00,True,False,3.0,5912.76711635211,19.722868132833785,GS-Beijing -> 00133 -> 00134 -> GS-Singapore
2026-07-15 07:08:28.619217+00:00,True,False,3.0,5917.2814810611135,19.737926432629315,GS-Beijing -> 00133 -> 00134 -> GS-Singapore
2026-07-15 07:08:29.619217+00:00,True,False,3.0,5921.853104816391,19.75317572804447,GS-Beijing -> 00133 -> 00134 -> GS-Singapore
2026-07-15 07:08:30.619217+00:00,True,False,3.0,5926.48200108904,19.76861606401399,GS-Beijing -> 00133 -> 00134 -> GS-Singapore
2026-07-15 07:08:31.619217+00:00,True,False,3.0,5931.168188099672,19.7842475013153,GS-Beijing -> 00133 -> 00134 -> GS-Singapore
2026-07-15 07:08:32.619217+00:00,True,False,3.0,5935.911688707785,19.800070116199475,GS-Beijing -> 00133 -> 00134 -> GS-Singapore
2026-07-15 07:08:33.619217+00:00,True,False,3.0,5940.712530292967,19.81608399999498,GS-Beijing -> 00133 -> 00134 -> GS-Singapore
2026-07-15 07:08:34.619217+00:00,True,False,3.0,5945.5707446497545,19.832289258756987,GS-Beijing -> 00133 -> 00134 -> GS-Singapore
2026-07-15 07:08:35.619217+00:00,True,False,3.0,5950.486367870567,19.84868601287684,GS-Beijing -> 00133 -> 00134 -> GS-Singapore
2026-07-15 07:08:36.619217+00:00,True,False,3.0,5955.459440238799,19.865274396725482,GS-Beijing -> 00133 -> 00134 -> GS-Singapore
2026-07-15 07:08:37.619217+00:00,True,False,3.0,5960.490006117547,19.882054558282274,GS-Beijing -> 00133 -> 00134 -> GS-Singapore
2026-07-15 07:08:38.619217+00:00,True,False,3.0,5965.578113839987,19.899026658769337,GS-Beijing -> 00133 -> 00134 -> GS-Singapore
2026-07-15 07:08:39.619217+00:00,True,False,3.0,5970.723815598366,19.916190872281273,GS-Beijing -> 00133 -> 00134 -> GS-Singapore
2026-07-15 07:08:40.619217+00:00,True,False,3.0,5975.927167336322,19.93354738542596,GS-Beijing -> 00133 -> 00134 -> GS-Singapore
2026-07-15 07:08:41.619217+00:00,True,False,3.0,5981.188228641573,19.95109639696664,GS-Beijing -> 00133 -> 00134 -> GS-Singapore
2026-07-15 07:08:42.619217+00:00,True,False,3.0,5986.507062636255,19.96883811745609,GS-Beijing -> 00133 -> 00134 -> GS-Singapore
2026-07-15 07:08:43.619217+00:00,True,False,3.0,5991.883735869148,19.986772768877156,GS-Beijing -> 00133 -> 00134 -> GS-Singapore
2026-07-15 07:08:44.619217+00:00,True,False,3.0,5997.318318209077,20.00490058428714,GS-Beijing -> 00133 -> 00134 -> GS-Singapore
2026-07-15 07:08:45.619217+00:00,True,False,3.0,6002.810882740517,20.02322180746961,GS-Beijing -> 00133 -> 00134 -> GS-Singapore
2026-07-15 07:08:46.619217+00:00,True,False,3.0,6008.361505651772,20.041736692561397,GS-Beijing -> 00133 -> 00134 -> GS-Singapore
2026-07-15 07:08:47.619217+00:00,True,False,3.0,6013.970266130125,20.06044550370285,GS-Beijing -> 00133 -> 00134 -> GS-Singapore
2026-07-15 07:08:48.619217+00:00,True,False,3.0,6019.637246262752,20.07934851470731,GS-Beijing -> 00133 -> 00134 -> GS-Singapore
2026-07-15 07:08:49.619217+00:00,True,False,3.0,6025.362530922849,20.098446008681275,GS-Beijing -> 00133 -> 00134 -> GS-Singapore
2026-07-15 07:08:50.619217+00:00,True,False,3.0,6031.146207667109,20.117738277682452,GS-Beijing -> 00133 -> 00134 -> GS-Singapore
2026-07-15 07:08:51.619217+00:00,True,False,3.0,6036.988366634039,20.13722562238053,GS-Beijing -> 00133 -> 00134 -> GS-Singapore
2026-07-15 07:08:52.619217+00:00,True,False,3.0,6042.88910043251,20.156908351685452,GS-Beijing -> 00133 -> 00134 -> GS-Singapore
2026-07-15 07:08:53.619217+00:00,True,False,3.0,6048.848504046041,20.176786782428135,GS-Beijing -> 00133 -> 00134 -> GS-Singapore
2026-07-15 07:08:54.619217+00:00,True,False,3.0,6054.866674720491,20.196861238985843,GS-Beijing -> 00133 -> 00134 -> GS-Singapore
2026-07-15 07:08:55.619217+00:00,True,False,3.0,6060.943711868249,20.21713205296262,GS-Beijing -> 00133 -> 00134 -> GS-Singapore
2026-07-15 07:08:56.619217+00:00,True,False,3.0,6067.079716958195,20.237599562822208,GS-Beijing -> 00133 -> 00134 -> GS-Singapore
2026-07-15 07:08:57.619217+00:00,True,False,3.0,6073.274793416833,20.258264113558297,GS-Beijing -> 00133 -> 00134 -> GS-Singapore
2026-07-15 07:08:58.619217+00:00,True,False,3.0,6079.529046523279,20.279126056344218,GS-Beijing -> 00133 -> 00134 -> GS-Singapore
2026-07-15 07:08:59.619217+00:00,True,False,3.0,6085.842583306559,20.30018574819037,GS-Beijing -> 00133 -> 00134 -> GS-Singapore
2026-07-15 07:09:00.619217+00:00,True,False,3.0,6092.215512448093,20.321443551618948,GS-Beijing -> 00133 -> 00134 -> GS-Singapore
2026-07-15 07:09:01.619217+00:00,True,False,3.0,6098.6479441695665,20.342899834289916,GS-Beijing -> 00133 -> 00134 -> GS-Singapore
2026-07-15 07:09:02.619217+00:00,True,False,3.0,6105.139990143992,20.364554968704358,GS-Beijing -> 00133 -> 00134 -> GS-Singapore
2026-07-15 07:09:03.619217+00:00,True,False,3.0,6111.691763386749,20.386409331840994,GS-Beijing -> 00133 -> 00134 -> GS-Singapore
2026-07-15 07:09:04.619217+00:00,True,False,3.0,6118.303378151172,20.40846330480793,GS-Beijing -> 00133 -> 00134 -> GS-Singapore
2026-07-15 07:09:05.619217+00:00,True,False,3.0,6124.974949839875,20.430717272546847,GS-Beijing -> 00133 -> 00134 -> GS-Singapore
2026-07-15 07:09:06.619217+00:00,True,False,3.0,6131.706594892602,20.453171623458925,GS-Beijing -> 00133 -> 00134 -> GS-Singapore
2026-07-15 07:09:07.619217+00:00,True,False,3.0,6138.4984306920405,20.475826749090672,GS-Beijing -> 00133 -> 00134 -> GS-Singapore
2026-07-15 07:09:08.619217+00:00,True,False,3.0,6145.350575463271,20.49868304379849,GS-Beijing -> 00133 -> 00134 -> GS-Singapore
2026-07-15 07:09:09.619217+00:00,True,False,3.0,6152.263148173744,20.521740904415093,GS-Beijing -> 00133 -> 00134 -> GS-Singapore
2026-07-15 07:09:10.619217+00:00,True,False,3.0,6159.236268438703,20.54500072993398,GS-Beijing -> 00133 -> 00134 -> GS-Singapore
2026-07-15 07:09:11.619217+00:00,True,False,3.0,6166.2700564138795,20.56846292115154,GS-Beijing -> 00133 -> 00134 -> GS-Singapore
2026-07-15 07:09:12.619217+00:00,True,False,3.0,6173.364632707927,20.59212788037492,GS-Beijing -> 00133 -> 00134 -> GS-Singapore
2026-07-15 07:09:13.619217+00:00,True,False,3.0,6180.520118275938,20.61599601106689,GS-Beijing -> 00133 -> 00134 -> GS-Singapore
2026-07-15 07:09:14.619217+00:00,True,False,3.0,6187.736634328442,20.640067717542255,GS-Beijing -> 00133 -> 00134 -> GS-Singapore
2026-07-15 07:09:15.619217+00:00,True,False,3.0,6195.014302233313,20.664343404640665,GS-Beijing -> 00133 -> 00134 -> GS-Singapore
2026-07-15 07:09:16.619217+00:00,True,False,3.0,6202.3532434161525,20.688823477394326,GS-Beijing -> 00133 -> 00134 -> GS-Singapore
2026-07-15 07:09:17.619217+00:00,True,False,3.0,6209.753579271399,20.713508340731504,GS-Beijing -> 00133 -> 00134 -> GS-Singapore
2026-07-15 07:09:18.619217+00:00,True,False,3.0,6217.215431061293,20.738398399139495,GS-Beijing -> 00133 -> 00134 -> GS-Singapore
2026-07-15 07:09:19.619217+00:00,True,False,3.0,6224.738919826542,20.76349405636663,GS-Beijing -> 00133 -> 00134 -> GS-Singapore
2026-07-15 07:09:20.619217+00:00,True,False,3.0,6232.324166287307,20.78879571509203,GS-Beijing -> 00133 -> 00134 -> GS-Singapore
2026-07-15 07:09:21.619217+00:00,True,False,3.0,6239.971290752697,20.814303776623685,GS-Beijing -> 00133 -> 00134 -> GS-Singapore
2026-07-15 07:09:22.619217+00:00,True,False,3.0,6247.6804130317005,20.84001864060136,GS-Beijing -> 00133 -> 00134 -> GS-Singapore
2026-07-15 07:09:23.619217+00:00,True,False,3.0,6255.451652335078,20.865940704669352,GS-Beijing -> 00133 -> 00134 -> GS-Singapore
2026-07-15 07:09:24.619217+00:00,True,False,3.0,6263.285127186348,20.89207036417957,GS-Beijing -> 00133 -> 00134 -> GS-Singapore
2026-07-15 07:09:25.619217+00:00,True,False,3.0,6271.1809553371695,20.918408011909257,GS-Beijing -> 00133 -> 00134 -> GS-Singapore
2026-07-15 07:09:26.619217+00:00,True,False,3.0,6279.139253668097,20.94495403772999,GS-Beijing -> 00133 -> 00134 -> GS-Singapore
2026-07-15 07:09:27.619217+00:00,True,False,3.0,6287.1601381094915,20.97170882834381,GS-Beijing -> 00133 -> 00134 -> GS-Singapore
2026-07-15 07:09:28.619217+00:00,True,False,3.0,6295.243723542646,20.998672766953483,GS-Beijing -> 00133 -> 00134 -> GS-Singapore
2026-07-15 07:09:29.619217+00:00,True,False,3.0,6303.390123726704,21.025846233018658,GS-Beijing -> 00133 -> 00134 -> GS-Singapore
2026-07-15 07:09:30.619217+00:00,True,False,3.0,6311.599451198305,21.05322960192116,GS-Beijing -> 00133 -> 00134 -> GS-Singapore
2026-07-15 07:09:31.619217+00:00,True,False,3.0,6319.871817196728,21.080823244715276,GS-Beijing -> 00133 -> 00134 -> GS-Singapore
2026-07-15 07:09:32.619217+00:00,True,False,3.0,6328.207331574207,21.108627527828627,GS-Beijing -> 00133 -> 00134 -> GS-Singapore
2026-07-15 07:09:33.619217+00:00,True,False,3.0,6336.606102717083,21.136642812799124,GS-Beijing -> 00133 -> 00134 -> GS-Singapore
2026-07-15 07:09:34.619217+00:00,True,False,3.0,6345.068237458009,21.164869455982142,GS-Beijing -> 00133 -> 00134 -> GS-Singapore
2026-07-15 07:09:35.619217+00:00,True,False,3.0,6353.593840996867,21.193307808286715,GS-Beijing -> 00133 -> 00134 -> GS-Singapore
2026-07-15 07:09:36.619217+00:00,True,False,3.0,6362.183016830173,21.221958214940063,GS-Beijing -> 00133 -> 00134 -> GS-Singapore
2026-07-15 07:09:37.619217+00:00,True,False,3.0,6370.8358666499735,21.250821015150336,GS-Beijing -> 00133 -> 00134 -> GS-Singapore
2026-07-15 07:09:38.619217+00:00,True,False,3.0,6379.552490292059,21.279896541933883,GS-Beijing -> 00133 -> 00134 -> GS-Singapore
2026-07-15 07:09:39.619217+00:00,True,False,3.0,6388.332985640625,21.30918512179725,GS-Beijing -> 00133 -> 00134 -> GS-Singapore
2026-07-15 07:09:40.619217+00:00,True,False,3.0,6397.177448558223,21.338687074503465,GS-Beijing -> 00133 -> 00134 -> GS-Singapore
2026-07-15 07:09:41.619217+00:00,True,False,3.0,6406.085972817649,21.36840271284493,GS-Beijing -> 00133 -> 00134 -> GS-Singapore
2026-07-15 07:09:42.619217+00:00,True,False,3.0,6415.058650019323,21.398332342367745,GS-Beijing -> 00133 -> 00134 -> GS-Singapore
2026-07-15 07:09:43.619217+00:00,True,False,3.0,6424.095569531618,21.428476261172715,GS-Beijing -> 00133 -> 00134 -> GS-Singapore
2026-07-15 07:09:44.619217+00:00,True,False,3.0,6433.19681840486,21.458834759628477,GS-Beijing -> 00133 -> 00134 -> GS-Singapore
2026-07-15 07:09:45.619217+00:00,True,False,3.0,6442.36248131984,21.489408120199744,GS-Beijing -> 00133 -> 00134 -> GS-Singapore
2026-07-15 07:09:46.619217+00:00,True,False,3.0,6451.5926405053815,21.520196617172342,GS-Beijing -> 00133 -> 00134 -> GS-Singapore
2026-07-15 07:09:47.619217+00:00,True,False,3.0,6460.887375683725,21.55120051647105,GS-Beijing -> 00133 -> 00134 -> GS-Singapore
2026-07-15 07:09:48.619217+00:00,True,False,3.0,6470.2467640017985,21.582420075430313,GS-Beijing -> 00133 -> 00134 -> GS-Singapore
2026-07-15 07:09:49.619217+00:00,True,False,3.0,6479.670879961224,21.613855542560795,GS-Beijing -> 00133 -> 00134 -> GS-Singapore
2026-07-15 07:09:50.619217+00:00,True,False,3.0,6489.1597953720975,21.64550715739519,GS-Beijing -> 00133 -> 00134 -> GS-Singapore
2026-07-15 07:09:51.619217+00:00,True,False,3.0,6498.713579280359,21.677375150245975,GS-Beijing -> 00133 -> 00134 -> GS-Singapore
2026-07-15 07:09:52.619217+00:00,True,False,3.0,6508.3322979130035,21.70945974202261,GS-Beijing -> 00133 -> 00134 -> GS-Singapore
2026-07-15 07:09:53.619217+00:00,True,False,3.0,6518.016014624733,21.74176114405364,GS-Beijing -> 00133 -> 00134 -> GS-Singapore
2026-07-15 07:09:54.619217+00:00,True,False,3.0,6527.764789834889,21.774279557876298,GS-Beijing -> 00133 -> 00134 -> GS-Singapore
2026-07-15 07:09:55.619217+00:00,True,False,3.0,6537.578680982647,21.807015175087052,GS-Beijing -> 00133 -> 00134 -> GS-Singapore
2026-07-15 07:09:56.619217+00:00,True,False,3.0,6547.457742472618,21.83996817716014,GS-Beijing -> 00133 -> 00134 -> GS-Singapore
2026-07-15 07:09:57.619217+00:00,True,False,3.0,6557.402025619168,21.873138735261872,GS-Beijing -> 00133 -> 00134 -> GS-Singapore
2026-07-15 07:09:58.619217+00:00,True,False,3.0,6567.411578606402,21.90652701011712,GS-Beijing -> 00133 -> 00134 -> GS-Singapore
2026-07-15 07:09:59.619217+00:00,True,False,3.0,6577.48644643226,21.940133151822852,GS-Beijing -> 00133 -> 00134 -> GS-Singapore
2026-07-15 07:10:00.619217+00:00,True,False,3.0,6587.626670874376,21.97395729973426,GS-Beijing -> 00133 -> 00134 -> GS-Singapore
2026-07-15 07:10:01.619217+00:00,True,False,3.0,6597.832290432179,22.007999582271612,GS-Beijing -> 00133 -> 00134 -> GS-Singapore
2026-07-15 07:10:02.619217+00:00,True,False,3.0,6608.103340300751,22.042260116833067,GS-Beijing -> 00133 -> 00134 -> GS-Singapore
2026-07-15 07:10:03.619217+00:00,True,False,3.0,6618.4398523247155,22.07673900964085,GS-Beijing -> 00133 -> 00134 -> GS-Singapore
2026-07-15 07:10:04.619217+00:00,True,False,3.0,6628.841854951158,22.11143635558423,GS-Beijing -> 00133 -> 00134 -> GS-Singapore
2026-07-15 07:10:05.619217+00:00,True,False,3.0,6639.309373204934,22.14635223813714,GS-Beijing -> 00133 -> 00134 -> GS-Singapore
2026-07-15 07:10:06.619217+00:00,True,False,3.0,6649.84242865751,22.181486729254242,GS-Beijing -> 00133 -> 00134 -> GS-Singapore
2026-07-15 07:10:07.619217+00:00,True,False,3.0,6660.441039377244,22.2168398892051,GS-Beijing -> 00133 -> 00134 -> GS-Singapore
2026-07-15 07:10:08.619217+00:00,True,False,3.0,6671.105219916221,22.252411766530233,GS-Beijing -> 00133 -> 00134 -> GS-Singapore
2026-07-15 07:10:09.619217+00:00,True,False,3.0,6681.834981264377,22.288202397888135,GS-Beijing -> 00133 -> 00134 -> GS-Singapore
2026-07-15 07:10:10.619217+00:00,True,False,3.0,6692.6303308425695,22.324211808032107,GS-Beijing -> 00133 -> 00134 -> GS-Singapore
2026-07-15 07:10:11.619217+00:00,True,False,3.0,6703.491272454878,22.360440009651203,GS-Beijing -> 00133 -> 00134 -> GS-Singapore
2026-07-15 07:10:12.619217+00:00,True,False,3.0,6714.417806283694,22.396887003353815,GS-Beijing -> 00133 -> 00134 -> GS-Singapore
2026-07-15 07:10:13.619217+00:00,True,False,3.0,6725.409928853066,22.43355277754541,GS-Beijing -> 00133 -> 00134 -> GS-Singapore
2026-07-15 07:10:14.619217+00:00,True,False,3.0,6736.46763302005,22.470437308399703,GS-Beijing -> 00133 -> 00134 -> GS-Singapore
2026-07-15 07:10:15.619217+00:00,True,False,3.0,6747.590907950114,22.507540559776572,GS-Beijing -> 00133 -> 00134 -> GS-Singapore
2026-07-15 07:10:16.619217+00:00,True,False,3.0,6758.779739093465,22.544862483143138,GS-Beijing -> 00133 -> 00134 -> GS-Singapore
2026-07-15 07:10:17.619217+00:00,True,False,3.0,6770.0341081936085,22.582403017602292,GS-Beijing -> 00133 -> 00134 -> GS-Singapore
2026-07-15 07:10:18.619217+00:00,True,False,3.0,6781.35399324977,22.620162089767348,GS-Beijing -> 00133 -> 00134 -> GS-Singapore
2026-07-15 07:10:19.619217+00:00,True,False,3.0,6792.73936851675,22.658139613761566,GS-Beijing -> 00133 -> 00134 -> GS-Singapore
2026-07-15 07:10:20.619217+00:00,True,False,3.0,6804.19020449191,22.696335491174732,GS-Beijing -> 00133 -> 00134 -> GS-Singapore
2026-07-15 07:10:21.619217+00:00,True,False,3.0,6815.7064679088135,22.734749611041963,GS-Beijing -> 00133 -> 00134 -> GS-Singapore
2026-07-15 07:10:22.619217+00:00,True,False,3.0,6827.288121735974,22.77338184983951,GS-Beijing -> 00133 -> 00134 -> GS-Singapore
2026-07-15 07:10:23.619217+00:00,True,False,3.0,6838.93512516033,22.812232071429662,GS-Beijing -> 00133 -> 00134 -> GS-Singapore
2026-07-15 07:10:24.619217+00:00,True,False,3.0,6850.647433597183,22.85130012709387,GS-Beijing -> 00133 -> 00134 -> GS-Singapore
2026-07-15 07:10:25.619217+00:00,True,False,3.0,6862.42499868305,22.890585855508917,GS-Beijing -> 00133 -> 00134 -> GS-Singapore
2026-07-15 07:10:26.619217+00:00,True,False,3.0,6874.2677682734075,22.930089082739393,GS-Beijing -> 00133 -> 00134 -> GS-Singapore
2026-07-15 07:10:27.619217+00:00,True,False,3.0,6886.175686449951,22.969809622261916,GS-Beijing -> 00133 -> 00134 -> GS-Singapore
2026-07-15 07:10:28.619217+00:00,True,False,3.0,6898.14869352193,23.009747274969573,GS-Beijing -> 00133 -> 00134 -> GS-Singapore
2026-07-15 07:10:29.619217+00:00,True,False,3.0,6910.186726033633,23.049901829196898,GS-Beijing -> 00133 -> 00134 -> GS-Singapore
2026-07-15 07:10:30.619217+00:00,True,False,3.0,6922.289716767114,23.090273060728947,GS-Beijing -> 00133 -> 00134 -> GS-Singapore
2026-07-15 07:10:31.619217+00:00,True,False,3.0,6934.457594748919,23.13086073282377,GS-Beijing -> 00133 -> 00134 -> GS-Singapore
2026-07-15 07:10:32.619217+00:00,True,False,3.0,6946.690285274904,23.171664596295162,GS-Beijing -> 00133 -> 00134 -> GS-Singapore
2026-07-15 07:10:33.619217+00:00,True,False,3.0,6958.9877098981515,23.212684389472372,GS-Beijing -> 00133 -> 00134 -> GS-Singapore
2026-07-15 07:10:34.619217+00:00,True,False,3.0,6971.349786459576,23.25391983830219,GS-Beijing -> 00133 -> 00134 -> GS-Singapore
2026-07-15 07:10:35.619217+00:00,True,False,3.0,6983.776429099495,23.295370656387544,GS-Beijing -> 00133 -> 00134 -> GS-Singapore
2026-07-15 07:10:36.619217+00:00,True,False,3.0,6996.267548261711,23.337036545001116,GS-Beijing -> 00133 -> 00134 -> GS-Singapore
2026-07-15 07:10:37.619217+00:00,True,False,3.0,7008.823050726582,23.37891719319564,GS-Beijing -> 00133 -> 00134 -> GS-Singapore
2026-07-15 07:10:38.619217+00:00,True,False,3.0,7021.4428396156545,23.421012277819393,GS-Beijing -> 00133 -> 00134 -> GS-Singapore
2026-07-15 07:10:39.619217+00:00,True,False,3.0,7034.126814415578,23.46332146359592,GS-Beijing -> 00133 -> 00134 -> GS-Singapore
2026-07-15 07:10:40.619217+00:00,True,False,3.0,7046.87487100786,23.505844403223314,GS-Beijing -> 00133 -> 00134 -> GS-Singapore
2026-07-15 07:10:41.619217+00:00,True,False,3.0,7059.686901673638,23.54858073739013,GS-Beijing -> 00133 -> 00134 -> GS-Singapore
2026-07-15 07:10:42.619217+00:00,True,False,3.0,7072.562795132282,23.59153009490413,GS-Beijing -> 00133 -> 00134 -> GS-Singapore
2026-07-15 07:10:43.619217+00:00,True,False,3.0,7085.50243655366,23.634692092733236,GS-Beijing -> 00133 -> 00134 -> GS-Singapore
2026-07-15 07:10:44.619217+00:00,True,False,3.0,7098.505707595669,23.678066336130676,GS-Beijing -> 00133 -> 00134 -> GS-Singapore
2026-07-15 07:10:45.619217+00:00,True,False,3.0,7111.572486421366,23.721652418692155,GS-Beijing -> 00133 -> 00134 -> GS-Singapore
2026-07-15 07:10:46.619217+00:00,True,False,3.0,7124.702647721479,23.765449922430935,GS-Beijing -> 00133 -> 00134 -> GS-Singapore
2026-07-15 07:10:47.619217+00:00,True,False,3.0,7137.896062765112,23.809458417946967,GS-Beijing -> 00133 -> 00134 -> GS-Singapore
2026-07-15 07:10:48.619217+00:00,True,False,3.0,7151.1525994072845,23.85367746445204,GS-Beijing -> 00133 -> 00134 -> GS-Singapore
2026-07-15 07:10:49.619217+00:00,True,False,3.0,7164.47212212754,23.898106609898576,GS-Beijing -> 00133 -> 00134 -> GS-Singapore
2026-07-15 07:10:50.619217+00:00,True,False,3.0,7177.854492059879,23.94274539107945,GS-Beijing -> 00133 -> 00134 -> GS-Singapore
2026-07-15 07:10:51.619217+00:00,True,False,3.0,7191.299567030212,23.987593333752955,GS-Beijing -> 00133 -> 00134 -> GS-Singapore
2026-07-15 07:10:52.619217+00:00,True,False,3.0,7204.807201583983,24.032649952734914,GS-Beijing -> 00133 -> 00134 -> GS-Singapore
2026-07-15 07:10:53.619217+00:00,True,False,3.0,7218.377247017746,24.077914752004023,GS-Beijing -> 00133 -> 00134 -> GS-Singapore
2026-07-15 07:10:54.619217+00:00,True,False,3.0,7232.00955142584,24.123387224857538,GS-Beijing -> 00133 -> 00134 -> GS-Singapore
2026-07-15 07:10:55.619217+00:00,True,False,3.0,7245.703959721729,24.16906685398246,GS-Beijing -> 00133 -> 00134 -> GS-Singapore
2026-07-15 07:10:56.619217+00:00,True,False,3.0,7259.460313683228,24.21495311160639,GS-Beijing -> 00133 -> 00134 -> GS-Singapore
2026-07-15 07:10:57.619217+00:00,True,False,3.0,7273.27845198663,24.261045459611363,GS-Beijing -> 00133 -> 00134 -> GS-Singapore
2026-07-15 07:10:58.619217+00:00,True,False,3.0,7287.158210242595,24.30734334965356,GS-Beijing -> 00133 -> 00134 -> GS-Singapore
2026-07-15 07:10:59.619217+00:00,True,False,3.0,7301.099421041694,24.353846223315248,GS-Beijing -> 00133 -> 00134 -> GS-Singapore
2026-07-15 07:11:00.619217+00:00,True,False,3.0,7315.101913980692,24.400553512192403,GS-Beijing -> 00133 -> 00134 -> GS-Singapore
2026-07-15 07:11:01.619217+00:00,True,False,3.0,7329.165515714227,24.447464638067135,GS-Beijing -> 00133 -> 00134 -> GS-Singapore
2026-07-15 07:11:02.619217+00:00,True,False,3.0,7343.290049988118,24.494579013018793,GS-Beijing -> 00133 -> 00134 -> GS-Singapore
2026-07-15 07:11:03.619217+00:00,True,False,3.0,7357.475337680896,24.541896039562467,GS-Beijing -> 00133 -> 00134 -> GS-Singapore
2026-07-15 07:11:04.619217+00:00,True,False,3.0,7371.721196844745,24.58941511078556,GS-Beijing -> 00133 -> 00134 -> GS-Singapore
2026-07-15 07:11:05.619217+00:00,True,False,3.0,7386.027442745785,24.637135610482186,GS-Beijing -> 00133 -> 00134 -> GS-Singapore
2026-07-15 07:11:06.619217+00:00,True,False,3.0,7400.393887914024,24.685056913319762,GS-Beijing -> 00133 -> 00134 -> GS-Singapore
2026-07-15 07:11:07.619217+00:00,True,False,3.0,7414.820342164977,24.733178384911128,GS-Beijing -> 00133 -> 00134 -> GS-Singapore
2026-07-15 07:11:08.619217+00:00,True,False,3.0,7429.306612668834,24.781499382045276,GS-Beijing -> 00133 -> 00134 -> GS-Singapore
2026-07-15 07:11:09.619217+00:00,True,False,3.0,7443.85250397045,24.830019252754017,GS-Beijing -> 00133 -> 00134 -> GS-Singapore
2026-07-15 07:11:10.619217+00:00,True,False,3.0,7458.4578180464005,24.87873733650231,GS-Beijing -> 00133 -> 00134 -> GS-Singapore
2026-07-15 07:11:11.619217+00:00,True,False,3.0,7473.1223543423785,24.927652964312994,GS-Beijing -> 00133 -> 00134 -> GS-Singapore
2026-07-15 07:11:12.619217+00:00,True,False,3.0,7487.845909819373,24.97676545892083,GS-Beijing -> 00133 -> 00134 -> GS-Singapore
2026-07-15 07:11:13.619217+00:00,True,False,3.0,7502.628278989965,25.026074134893562,GS-Beijing -> 00133 -> 00134 -> GS-Singapore
2026-07-15 07:11:14.619217+00:00,True,False,3.0,7517.469253975892,25.075578298823956,GS-Beijing -> 00133 -> 00134 -> GS-Singapore
2026-07-15 07:11:15.619217+00:00,True,False,3.0,7532.368624538847,25.125277249432497,GS-Beijing -> 00133 -> 00134 -> GS-Singapore
2026-07-15 07:11:16.619217+00:00,True,False,3.0,7547.326178130746,25.17517027773509,GS-Beijing -> 00133 -> 00134 -> GS-Singapore
2026-07-15 07:11:17.619217+00:00,True,False,3.0,7562.341699940241,25.225256667198217,GS-Beijing -> 00133 -> 00134 -> GS-Singapore
2026-07-15 07:11:18.619217+00:00,True,False,3.0,7577.414972929891,25.27553569386289,GS-Beijing -> 00133 -> 00134 -> GS-Singapore
2026-07-15 07:11:19.619217+00:00,True,False,3.0,7592.545777889846,25.32600662652376,GS-Beijing -> 00133 -> 00134 -> GS-Singapore
2026-07-15 07:11:20.619217+00:00,True,False,3.0,7607.733893474505,25.376668726851378,GS-Beijing -> 00133 -> 00134 -> GS-Singapore
2026-07-15 07:11:21.619217+00:00,True,False,3.0,7622.979096247443,25.427521249542053,GS-Beijing -> 00133 -> 00134 -> GS-Singapore
2026-07-15 07:11:22.619217+00:00,True,False,3.0,7638.281160733764,25.47856344249249,GS-Beijing -> 00133 -> 00134 -> GS-Singapore
2026-07-15 07:11:23.619217+00:00,True,False,3.0,7653.639859459652,25.529794546931708,GS-Beijing -> 00133 -> 00134 -> GS-Singapore
2026-07-15 07:11:24.619217+00:00,True,False,3.0,7669.054962987644,25.581213797538712,GS-Beijing -> 00133 -> 00134 -> GS-Singapore
2026-07-15 07:11:25.619217+00:00,True,False,3.0,7684.526239980316,25.632820422654916,GS-Beijing -> 00133 -> 00134 -> GS-Singapore
2026-07-15 07:11:26.619217+00:00,True,False,3.0,7700.053457227925,25.684613644376352,GS-Beijing -> 00133 -> 00134 -> GS-Singapore
2026-07-15 07:11:27.619217+00:00,True,False,3.0,7715.636379703033,25.736592678735878,GS-Beijing -> 00133 -> 00134 -> GS-Singapore
2026-07-15 07:11:28.619217+00:00,True,False,3.0,7731.274770594911,25.788756735817923,GS-Beijing -> 00133 -> 00134 -> GS-Singapore
2026-07-15 07:11:29.619217+00:00,True,False,3.0,7746.968391368347,25.84110501995466,GS-Beijing -> 00133 -> 00134 -> GS-Singapore
2026-07-15 07:11:30.619217+00:00,True,False,3.0,7762.717001787603,25.893636729805934,GS-Beijing -> 00133 -> 00134 -> GS-Singapore
2026-07-15 07:11:31.619217+00:00,True,False,3.0,7778.520359976744,25.946351058560467,GS-Beijing -> 00133 -> 00134 -> GS-Singapore
2026-07-15 07:11:32.619217+00:00,True,False,3.0,7794.37822246236,25.999247194078382,GS-Beijing -> 00133 -> 00134 -> GS-Singapore
2026-07-15 07:11:33.619217+00:00,True,False,3.0,7810.290344199951,26.052324318979203,GS-Beijing -> 00133 -> 00134 -> GS-Singapore
2026-07-15 07:11:34.619217+00:00,True,False,3.0,7826.256478642167,26.105581610869503,GS-Beijing -> 00133 -> 00134 -> GS-Singapore
2026-07-15 07:11:35.619217+00:00,True,False,3.0,7842.276377759243,26.159018242411033,GS-Beijing -> 00133 -> 00134 -> GS-Singapore
2026-07-15 07:11:36.619217+00:00,True,False,3.0,7858.349792093848,26.21263338150371,GS-Beijing -> 00133 -> 00134 -> GS-Singapore
2026-07-15 07:11:37.619217+00:00,True,False,3.0,7874.476470806968,26.266426191438637,GS-Beijing -> 00133 -> 00134 -> GS-Singapore
2026-07-15 07:11:38.619217+00:00,True,False,3.0,7890.656161708166,26.32039583099908,GS-Beijing -> 00133 -> 00134 -> GS-Singapore
2026-07-15 07:11:39.619217+00:00,True,False,3.0,7906.888611300579,26.374541454610508,GS-Beijing -> 00133 -> 00134 -> GS-Singapore
2026-07-15 07:11:40.619217+00:00,True,False,3.0,7923.173564835412,26.428862212522414,GS-Beijing -> 00133 -> 00134 -> GS-Singapore
2026-07-15 07:11:41.619217+00:00,True,False,3.0,7939.510766339824,26.483357250901303,GS-Beijing -> 00133 -> 00134 -> GS-Singapore
2026-07-15 07:11:42.619217+00:00,True,False,3.0,7955.899958660169,26.538025711974946,GS-Beijing -> 00133 -> 00134 -> GS-Singapore
2026-07-15 07:11:43.619217+00:00,True,False,3.0,7972.340883508381,26.592866734187094,GS-Beijing -> 00133 -> 00134 -> GS-Singapore
2026-07-15 07:11:44.619217+00:00,True,False,3.0,7988.833281498804,26.647879452320325,GS-Beijing -> 00133 -> 00134 -> GS-Singapore
2026-07-15 07:11:45.619217+00:00,True,False,3.0,8005.376892187228,26.703062997626272,GS-Beijing -> 00133 -> 00134 -> GS-Singapore
2026-07-15 07:11:46.619217+00:00,True,False,3.0,8021.971454109347,26.75841649795389,GS-Beijing -> 00133 -> 00134 -> GS-Singapore
2026-07-15 07:11:47.619217+00:00,True,False,3.0,8038.616704839159,26.813939077944248,GS-Beijing -> 00133 -> 00134 -> GS-Singapore
2026-07-15 07:11:48.619217+00:00,True,False,3.0,8055.312380992825,26.869629859043435,GS-Beijing -> 00133 -> 00134 -> GS-Singapore
2026-07-15 07:11:49.619217+00:00,True,False,3.0,8072.058218301657,26.925487959745997,GS-Beijing -> 00133 -> 00134 -> GS-Singapore
2026-07-15 07:11:50.619217+00:00,True,False,3.0,8088.8539516293085,26.98151249565227,GS-Beijing -> 00133 -> 00134 -> GS-Singapore
2026-07-15 07:11:51.619217+00:00,True,False,3.0,8105.699315025968,27.037702579649178,GS-Beijing -> 00133 -> 00134 -> GS-Singapore
2026-07-15 07:11:52.619217+00:00,True,False,3.0,8122.594041751314,27.094057321986778,GS-Beijing -> 00133 -> 00134 -> GS-Singapore
2026-07-15 07:11:53.619217+00:00,True,False,3.0,8139.537864319784,27.150575830429275,GS-Beijing -> 00133 -> 00134 -> GS-Singapore
2026-07-15 07:11:54.619217+00:00,True,False,3.0,8156.53051454173,27.2072572103923,GS-Beijing -> 00133 -> 00134 -> GS-Singapore
2026-07-15 07:11:55.619217+00:00,True,False,3.0,8173.571723545903,27.2641005650179,GS-Beijing -> 00133 -> 00134 -> GS-Singapore
2026-07-15 07:11:56.619217+00:00,True,False,3.0,8190.661221838255,27.321104995370685,GS-Beijing -> 00133 -> 00134 -> GS-Singapore
2026-07-15 07:11:57.619217+00:00,True,False,3.0,8207.79873931614,27.378269600485215,GS-Beijing -> 00133 -> 00134 -> GS-Singapore
2026-07-15 07:11:58.619217+00:00,True,False,3.0,8224.984005316124,27.435593477525458,GS-Beijing -> 00133 -> 00134 -> GS-Singapore
2026-07-15 07:11:59.619217+00:00,True,False,3.0,8242.216748648423,27.49307572189966,GS-Beijing -> 00133 -> 00134 -> GS-Singapore
2026-07-15 07:12:00.619217+00:00,True,False,3.0,8259.496697633109,27.55071542738113,GS-Beijing -> 00133 -> 00134 -> GS-Singapore
2026-07-15 07:12:01.619217+00:00,True,False,3.0,8276.823580113758,27.608511686153754,GS-Beijing -> 00133 -> 00134 -> GS-Singapore
2026-07-15 07:12:02.619217+00:00,True,False,3.0,8294.197123536778,27.66646358907661,GS-Beijing -> 00133 -> 00134 -> GS-Singapore
2026-07-15 07:12:03.619217+00:00,True,False,3.0,8311.617054936418,27.724570225633958,GS-Beijing -> 00133 -> 00134 -> GS-Singapore
2026-07-15 07:12:04.619217+00:00,True,False,3.0,8329.083101001866,27.782830684159062,GS-Beijing -> 00133 -> 00134 -> GS-Singapore
2026-07-15 07:12:05.619217+00:00,True,False,3.0,8346.594988089946,27.841244051876537,GS-Beijing -> 00133 -> 00134 -> GS-Singapore
2026-07-15 07:12:06.619217+00:00,True,False,3.0,8364.152442272914,27.899809415061785,GS-Beijing -> 00133 -> 00134 -> GS-Singapore
2026-07-15 07:12:07.619217+00:00,True,False,3.0,8381.755189355288,27.958525859097126,GS-Beijing -> 00133 -> 00134 -> GS-Singapore
2026-07-15 07:12:08.619217+00:00,True,False,3.0,8399.402954921645,28.017392468631233,GS-Beijing -> 00133 -> 00134 -> GS-Singapore
2026-07-15 07:12:09.619217+00:00,True,False,3.0,8417.095464357957,28.076408327650316,GS-Beijing -> 00133 -> 00134 -> GS-Singapore
2026-07-15 07:12:10.619217+00:00,True,False,3.0,8434.83244288244,28.135572519580997,GS-Beijing -> 00133 -> 00134 -> GS-Singapore
2026-07-15 07:12:11.619217+00:00,True,False,3.0,8452.613615581722,28.194884127410976,GS-Beijing -> 00133 -> 00134 -> GS-Singapore
2026-07-15 07:12:12.619217+00:00,True,False,3.0,8470.438707433383,28.254342233764213,GS-Beijing -> 00133 -> 00134 -> GS-Singapore
2026-07-15 07:12:13.619217+00:00,True,False,3.0,8488.30744334588,28.313945921034083,GS-Beijing -> 00133 -> 00134 -> GS-Singapore
2026-07-15 07:12:14.619217+00:00,True,False,3.0,8506.219548181245,28.37369427145911,GS-Beijing -> 00133 -> 00134 -> GS-Singapore
2026-07-15 07:12:15.619217+00:00,True,False,3.0,8524.17474677511,28.433586367189765,GS-Beijing -> 00133 -> 00134 -> GS-Singapore
2026-07-15 07:12:16.619217+00:00,True,False,3.0,8542.172763988849,28.49362129046238,GS-Beijing -> 00133 -> 00134 -> GS-Singapore
2026-07-15 07:12:17.619217+00:00,True,False,3.0,8560.213324713399,28.5537981236119,GS-Beijing -> 00133 -> 00134 -> GS-Singapore
2026-07-15 07:12:18.619217+00:00,True,False,3.0,8578.296153911375,28.61411594921236,GS-Beijing -> 00133 -> 00134 -> GS-Singapore
2026-07-15 07:12:19.619217+00:00,True,False,3.0,8596.420976643423,28.67457385016478,GS-Beijing -> 00133 -> 00134 -> GS-Singapore
2026-07-15 07:12:20.619217+00:00,True,False,3.0,8614.587518087217,28.73517090976057,GS-Beijing -> 00133 -> 00134 -> GS-Singapore
2026-07-15 07:12:21.619217+00:00,True,False,3.0,8632.795503566833,28.79590621177946,GS-Beijing -> 00133 -> 00134 -> GS-Singapore
2026-07-15 07:12:22.619217+00:00,True,False,3.0,8651.044658583689,28.856778840592746,GS-Beijing -> 00133 -> 00134 -> GS-Singapore
2026-07-15 07:12:23.619217+00:00,True,False,3.0,8669.334708837629,28.917787881233586,GS-Beijing -> 00133 -> 00134 -> GS-Singapore
2026-07-15 07:12:24.619217+00:00,True,False,3.0,8687.665380256281,28.978932419494964,GS-Beijing -> 00133 -> 00134 -> GS-Singapore
2026-07-15 07:12:25.619217+00:00,True,False,3.0,8706.036399013474,29.040211541991074,GS-Beijing -> 00133 -> 00134 -> GS-Singapore
2026-07-15 07:12:26.619217+00:00,True,False,3.0,8724.447491557366,29.101624336251202,GS-Beijing -> 00133 -> 00134 -> GS-Singapore
2026-07-15 07:12:27.619217+00:00,True,False,3.0,8742.89838463993,29.163169890818033,GS-Beijing -> 00133 -> 00134 -> GS-Singapore
2026-07-15 07:12:28.619217+00:00,True,False,3.0,8761.388805323764,29.2248472952704,GS-Beijing -> 00133 -> 00134 -> GS-Singapore
2026-07-15 07:12:29.619217+00:00,True,False,3.0,8779.918481022374,29.28665564035762,GS-Beijing -> 00133 -> 00134 -> GS-Singapore
2026-07-15 07:12:30.619217+00:00,True,False,3.0,8798.487139521807,29.348594018071687,GS-Beijing -> 00133 -> 00134 -> GS-Singapore
2026-07-15 07:12:31.619217+00:00,True,False,3.0,8817.094508986649,29.410661521667265,GS-Beijing -> 00133 -> 00134 -> GS-Singapore
2026-07-15 07:12:32.619217+00:00,True,False,3.0,8835.740318002274,29.472857245802608,GS-Beijing -> 00133 -> 00134 -> GS-Singapore
2026-07-15 07:12:33.619217+00:00,True,False,3.0,8854.42429558878,29.535180286586066,GS-Beijing -> 00133 -> 00134 -> GS-Singapore
2026-07-15 07:12:34.619217+00:00,True,False,3.0,8873.146171212495,29.59762974161443,GS-Beijing -> 00133 -> 00134 -> GS-Singapore
2026-07-15 07:12:35.619217+00:00,True,False,3.0,8891.905674821395,29.660204710091122,GS-Beijing -> 00133 -> 00134 -> GS-Singapore
2026-07-15 07:12:36.619217+00:00,True,False,3.0,8910.70253685516,29.7229042928597,GS-Beijing -> 00133 -> 00134 -> GS-Singapore
2026-07-15 07:12:37.619217+00:00,True,False,3.0,8929.536488274634,29.785727592502123,GS-Beijing -> 00133 -> 00134 -> GS-Singapore
2026-07-15 07:12:38.619217+00:00,True,False,3.0,8948.40726056606,29.848673713352923,GS-Beijing -> 00133 -> 00134 -> GS-Singapore
2026-07-15 07:12:39.619217+00:00,True,False,3.0,8967.314585784634,29.91174176164443,GS-Beijing -> 00133 -> 00134 -> GS-Singapore
2026-07-15 07:12:40.619217+00:00,True,False,3.0,8986.258196548066,29.974930845485336,GS-Beijing -> 00133 -> 00134 -> GS-Singapore
2026-07-15 07:12:41.619217+00:00,True,False,3.0,9005.237826065468,30.038240074957017,GS-Beijing -> 00133 -> 00134 -> GS-Singapore
2026-07-15 07:12:42.619217+00:00,True,False,3.0,9024.253208162008,30.10166856219581,GS-Beijing -> 00133 -> 00134 -> GS-Singapore
2026-07-15 07:12:43.619217+00:00,True,False,3.0,9043.304077287374,30.165215421421223,GS-Beijing -> 00133 -> 00134 -> GS-Singapore
2026-07-15 07:12:44.619217+00:00,True,False,3.0,9062.39016853473,30.22887976899916,GS-Beijing -> 00133 -> 00134 -> GS-Singapore
2026-07-15 07:12:45.619217+00:00,True,False,3.0,9081.511217664574,30.292660723521518,GS-Beijing -> 00133 -> 00134 -> GS-Singapore
2026-07-15 07:12:46.619217+00:00,True,False,3.0,9100.666961102388,30.35655740579834,GS-Beijing -> 00133 -> 00134 -> GS-Singapore
2026-07-15 07:12:47.619217+00:00,True,False,3.0,9119.85713598604,30.42056893901594,GS-Beijing -> 00133 -> 00134 -> GS-Singapore
2026-07-15 07:12:48.619217+00:00,True,False,3.0,9139.081480149387,30.484694448682184,GS-Beijing -> 00133 -> 00134 -> GS-Singapore
2026-07-15 07:12:49.619217+00:00,True,False,3.0,9158.339732158453,30.548933062747206,GS-Beijing -> 00133 -> 00134 -> GS-Singapore
2026-07-15 07:12:50.619217+00:00,True,False,3.0,9177.631631321425,30.613283911636714,GS-Beijing -> 00133 -> 00134 -> GS-Singapore
2026-07-15 07:12:51.619217+00:00,True,False,3.0,9196.956917695177,30.67774612827377,GS-Beijing -> 00133 -> 00134 -> GS-Singapore
2026-07-15 07:12:52.619217+00:00,True,False,3.0,9216.315332114345,30.74231884817578,GS-Beijing -> 00133 -> 00134 -> GS-Singapore
2026-07-15 07:12:53.619217+00:00,True,False,3.0,9235.706616192969,30.807001209459944,GS-Beijing -> 00133 -> 00134 -> GS-Singapore
2026-07-15 07:12:54.619217+00:00,True,False,3.0,9255.130512344513,30.871792352910067,GS-Beijing -> 00133 -> 00134 -> GS-Singapore
2026-07-15 07:12:55.619217+00:00,True,False,3.0,9274.586763793315,30.936691422014746,GS-Beijing -> 00133 -> 00134 -> GS-Singapore
2026-07-15 07:12:56.619217+00:00,True,False,3.0,9294.075114580373,31.00169756298664,GS-Beijing -> 00133 -> 00134 -> GS-Singapore
2026-07-15 07:12:57.619217+00:00,True,False,3.0,9313.595309600058,31.06680992488496,GS-Beijing -> 00133 -> 00134 -> GS-Singapore
2026-07-15 07:12:58.619217+00:00,True,False,3.0,9333.14709457994,31.132027659548193,GS-Beijing -> 00133 -> 00134 -> GS-Singapore
2026-07-15 07:12:59.619217+00:00,True,False,3.0,9352.730216110762,31.197349921694038,GS-Beijing -> 00133 -> 00134 -> GS-Singapore
2026-07-15 07:13:00.619217+00:00,True,False,3.0,9372.344421667223,31.262775868988747,GS-Beijing -> 00133 -> 00134 -> GS-Singapore
2026-07-15 07:13:01.619217+00:00,True,False,3.0,9391.989459592041,31.328304661994004,GS-Beijing -> 00133 -> 00134 -> GS-Singapore
2026-07-15 07:13:02.619217+00:00,True,False,3.0,9411.665079134506,31.393935464295453,GS-Beijing -> 00133 -> 00134 -> GS-Singapore
2026-07-15 07:13:03.619217+00:00,True,False,3.0,9431.371030441951,31.459667442474323,GS-Beijing -> 00133 -> 00134 -> GS-Singapore
2026-07-15 07:13:04.619217+00:00,True,False,3.0,9451.10706458292,31.525499766184648,GS-Beijing -> 00133 -> 00134 -> GS-Singapore
2026-07-15 07:13:05.619217+00:00,True,False,3.0,9470.8729335513,31.591431608167074,GS-Beijing -> 00133 -> 00134 -> GS-Singapore
2026-07-15 07:13:06.619217+00:00,True,False,3.0,9490.668390269326,31.6574621442589,GS-Beijing -> 00133 -> 00134 -> GS-Singapore
2026-07-15 07:13:07.619217+00:00,True,False,3.0,9510.493188615326,31.72359055348659,GS-Beijing -> 00133 -> 00134 -> GS-Singapore
2026-07-15 07:13:08.619217+00:00,True,True,4.0,12095.219163947017,40.34530836645336,GS-Beijing -> 00133 -> 00047 -> 00134 -> GS-Singapore
2026-07-15 07:13:09.619217+00:00,True,False,4.0,12109.812296504335,40.39398581702925,GS-Beijing -> 00133 -> 00047 -> 00134 -> GS-Singapore
2026-07-15 07:13:10.619217+00:00,True,False,4.0,12124.472123324973,40.44288573572112,GS-Beijing -> 00133 -> 00047 -> 00134 -> GS-Singapore
2026-07-15 07:13:11.619217+00:00,True,False,4.0,12139.198219242962,40.49200670432798,GS-Beijing -> 00133 -> 00047 -> 00134 -> GS-Singapore
2026-07-15 07:13:12.619217+00:00,True,False,4.0,12153.990160429665,40.54134730910964,GS-Beijing -> 00133 -> 00047 -> 00134 -> GS-Singapore
2026-07-15 07:13:13.619217+00:00,True,False,4.0,12168.847524405819,40.590906140827,GS-Beijing -> 00133 -> 00047 -> 00134 -> GS-Singapore
2026-07-15 07:13:14.619217+00:00,True,True,4.0,12165.388578104898,40.57936833789494,GS-Beijing -> 00133 -> 00047 -> 00046 -> GS-Singapore
2026-07-15 07:13:15.619217+00:00,True,False,4.0,12159.78585302934,40.56067965869022,GS-Beijing -> 00133 -> 00047 -> 00046 -> GS-Singapore
2026-07-15 07:13:16.619217+00:00,True,False,4.0,12154.238644580211,40.54217616301813,GS-Beijing -> 00133 -> 00047 -> 00046 -> GS-Singapore
2026-07-15 07:13:17.619217+00:00,True,False,4.0,12148.746844680078,40.52385749037115,GS-Beijing -> 00133 -> 00047 -> 00046 -> GS-Singapore
2026-07-15 07:13:18.619217+00:00,True,False,4.0,12143.310348662677,40.50572329162022,GS-Beijing -> 00133 -> 00047 -> 00046 -> GS-Singapore
2026-07-15 07:13:19.619217+00:00,True,False,4.0,12137.929055284618,40.48777322905374,GS-Beijing -> 00133 -> 00047 -> 00046 -> GS-Singapore
2026-07-15 07:13:20.619217+00:00,True,False,4.0,12132.602866777364,40.47000697655098,GS-Beijing -> 00133 -> 00047 -> 00046 -> GS-Singapore
2026-07-15 07:13:21.619217+00:00,True,False,4.0,12127.33168884476,40.4524242195738,GS-Beijing -> 00133 -> 00047 -> 00046 -> GS-Singapore
2026-07-15 07:13:22.619217+00:00,True,False,4.0,12122.11543069226,40.43502465526421,GS-Beijing -> 00133 -> 00047 -> 00046 -> GS-Singapore
2026-07-15 07:13:23.619217+00:00,True,False,4.0,12116.954005061902,40.41780799256098,GS-Beijing -> 00133 -> 00047 -> 00046 -> GS-Singapore
2026-07-15 07:13:24.619217+00:00,True,False,4.0,12111.847328232468,40.40077395220019,GS-Beijing -> 00133 -> 00047 -> 00046 -> GS-Singapore
2026-07-15 07:13:25.619217+00:00,True,False,4.0,12106.795320058958,40.38392226684688,GS-Beijing -> 00133 -> 00047 -> 00046 -> GS-Singapore
2026-07-15 07:13:26.619217+00:00,True,False,4.0,12101.797903986988,40.36725268114313,GS-Beijing -> 00133 -> 00047 -> 00046 -> GS-Singapore
2026-07-15 07:13:27.619217+00:00,True,False,4.0,12096.855007066313,40.350764951753106,GS-Beijing -> 00133 -> 00047 -> 00046 -> GS-Singapore
2026-07-15 07:13:28.619217+00:00,True,False,4.0,12091.966559980781,40.334458847463004,GS-Beijing -> 00133 -> 00047 -> 00046 -> GS-Singapore
2026-07-15 07:13:29.619217+00:00,True,False,4.0,12087.132497061939,40.31833414922646,GS-Beijing -> 00133 -> 00047 -> 00046 -> GS-Singapore
2026-07-15 07:13:30.619217+00:00,True,False,4.0,12082.352756307007,40.30239065022446,GS-Beijing -> 00133 -> 00047 -> 00046 -> GS-Singapore
2026-07-15 07:13:31.619217+00:00,True,False,4.0,12077.627279391218,40.286628155906506,GS-Beijing -> 00133 -> 00047 -> 00046 -> GS-Singapore
2026-07-15 07:13:32.619217+00:00,True,False,4.0,12072.956011707261,40.27104648412223,GS-Beijing -> 00133 -> 00047 -> 00046 -> GS-Singapore
2026-07-15 07:13:33.619217+00:00,True,False,4.0,12068.338902351987,40.255645465077,GS-Beijing -> 00133 -> 00047 -> 00046 -> GS-Singapore
2026-07-15 07:13:34.619217+00:00,True,False,4.0,12063.775904158923,40.2404249414404,GS-Beijing -> 00133 -> 00047 -> 00046 -> GS-Singapore
2026-07-15 07:13:35.619217+00:00,True,False,4.0,12059.266973714637,40.2253847684008,GS-Beijing -> 00133 -> 00047 -> 00046 -> GS-Singapore
2026-07-15 07:13:36.619217+00:00,True,False,4.0,12054.812071365626,40.210524813688366,GS-Beijing -> 00133 -> 00047 -> 00046 -> GS-Singapore
2026-07-15 07:13:37.619217+00:00,True,False,4.0,12050.411161239852,40.19584495764685,GS-Beijing -> 00133 -> 00047 -> 00046 -> GS-Singapore
2026-07-15 07:13:38.619217+00:00,True,False,4.0,12046.064211250901,40.18134509324748,GS-Beijing -> 00133 -> 00047 -> 00046 -> GS-Singapore
2026-07-15 07:13:39.619217+00:00,True,False,4.0,12041.771193114811,40.16702512614515,GS-Beijing -> 00133 -> 00047 -> 00046 -> GS-Singapore
2026-07-15 07:13:40.619217+00:00,True,False,4.0,12037.532082367805,40.15288497473745,GS-Beijing -> 00133 -> 00047 -> 00046 -> GS-Singapore
2026-07-15 07:13:41.619217+00:00,True,False,4.0,12033.34685836461,40.13892457015917,GS-Beijing -> 00133 -> 00047 -> 00046 -> GS-Singapore
2026-07-15 07:13:42.619217+00:00,True,False,4.0,12029.21550429962,40.12514385635285,GS-Beijing -> 00133 -> 00047 -> 00046 -> GS-Singapore
2026-07-15 07:13:43.619217+00:00,True,False,4.0,12025.138007210335,40.11154279008024,GS-Beijing -> 00133 -> 00047 -> 00046 -> GS-Singapore
2026-07-15 07:13:44.619217+00:00,True,False,4.0,12021.114357985996,40.09812134095114,GS-Beijing -> 00133 -> 00047 -> 00046 -> GS-Singapore
2026-07-15 07:13:45.619217+00:00,True,False,4.0,12017.144551374195,40.08487949144536,GS-Beijing -> 00133 -> 00047 -> 00046 -> GS-Singapore
2026-07-15 07:13:46.619217+00:00,True,False,4.0,12013.228585984374,40.07181723692454,GS-Beijing -> 00133 -> 00047 -> 00046 -> GS-Singapore
2026-07-15 07:13:47.619217+00:00,True,False,4.0,12009.366464309162,40.05893458570316,GS-Beijing -> 00133 -> 00047 -> 00046 -> GS-Singapore
2026-07-15 07:13:48.619217+00:00,True,False,4.0,12005.558192707811,40.046231558993426,GS-Beijing -> 00133 -> 00047 -> 00046 -> GS-Singapore
2026-07-15 07:13:49.619217+00:00,True,False,4.0,12001.803781416631,40.03370819093999,GS-Beijing -> 00133 -> 00047 -> 00046 -> GS-Singapore
2026-07-15 07:13:50.619217+00:00,True,False,4.0,11998.10324456526,40.02136452867423,GS-Beijing -> 00133 -> 00047 -> 00046 -> GS-Singapore
2026-07-15 07:13:51.619217+00:00,True,False,4.0,11994.45660014874,40.00920063222118,GS-Beijing -> 00133 -> 00047 -> 00046 -> GS-Singapore
2026-07-15 07:13:52.619217+00:00,True,False,4.0,11990.863870068802,39.99721657463712,GS-Beijing -> 00133 -> 00047 -> 00046 -> GS-Singapore
2026-07-15 07:13:53.619217+00:00,True,False,4.0,11987.32508008457,39.98541244184526,GS-Beijing -> 00133 -> 00047 -> 00046 -> GS-Singapore
2026-07-15 07:13:54.619217+00:00,True,False,4.0,11983.840259843766,39.97378833273974,GS-Beijing -> 00133 -> 00047 -> 00046 -> GS-Singapore
2026-07-15 07:13:55.619217+00:00,True,False,4.0,11980.40944288247,39.96234435918488,GS-Beijing -> 00133 -> 00047 -> 00046 -> GS-Singapore
2026-07-15 07:13:56.619217+00:00,True,False,4.0,11977.03266659023,39.951080645898806,GS-Beijing -> 00133 -> 00047 -> 00046 -> GS-Singapore
2026-07-15 07:13:57.619217+00:00,True,False,4.0,11973.709972239203,39.939997330550604,GS-Beijing -> 00133 -> 00047 -> 00046 -> GS-Singapore
2026-07-15 07:13:58.619217+00:00,True,False,4.0,11970.441404947369,39.929094563637655,GS-Beijing -> 00133 -> 00047 -> 00046 -> GS-Singapore
2026-07-15 07:13:59.619217+00:00,True,False,4.0,11967.227013690905,39.9183725085269,GS-Beijing -> 00133 -> 00047 -> 00046 -> GS-Singapore
2026-07-15 07:14:00.619217+00:00,True,False,4.0,11964.066851284979,39.90783134139078,GS-Beijing -> 00133 -> 00047 -> 00046 -> GS-Singapore
2026-07-15 07:14:01.619217+00:00,True,False,4.0,11960.960974368783,39.897471251157306,GS-Beijing -> 00133 -> 00047 -> 00046 -> GS-Singapore
2026-07-15 07:14:02.619217+00:00,True,False,4.0,11957.909443404362,39.88729243950615,GS-Beijing -> 00133 -> 00047 -> 00046 -> GS-Singapore
2026-07-15 07:14:03.619217+00:00,True,False,4.0,11954.912322651493,39.877295120784844,GS-Beijing -> 00133 -> 00047 -> 00046 -> GS-Singapore
2026-07-15 07:14:04.619217+00:00,False,False,,,,
2026-07-15 07:14:05.619217+00:00,False,False,,,,
2026-07-15 07:14:06.619217+00:00,False,False,,,,
2026-07-15 07:14:07.619217+00:00,False,False,,,,
2026-07-15 07:14:08.619217+00:00,False,False,,,,
2026-07-15 07:14:09.619217+00:00,False,False,,,,
2026-07-15 07:14:10.619217+00:00,False,False,,,,
2026-07-15 07:14:11.619217+00:00,False,False,,,,
2026-07-15 07:14:12.619217+00:00,False,False,,,,
2026-07-15 07:14:13.619217+00:00,False,False,,,,
2026-07-15 07:14:14.619217+00:00,False,False,,,,
2026-07-15 07:14:15.619217+00:00,False,False,,,,
2026-07-15 07:14:16.619217+00:00,False,False,,,,
2026-07-15 07:14:17.619217+00:00,False,False,,,,
2026-07-15 07:14:18.619217+00:00,False,False,,,,
2026-07-15 07:14:19.619217+00:00,False,False,,,,
2026-07-15 07:14:20.619217+00:00,False,False,,,,
2026-07-15 07:14:21.619217+00:00,False,False,,,,
2026-07-15 07:14:22.619217+00:00,False,False,,,,
2026-07-15 07:14:23.619217+00:00,False,False,,,,
2026-07-15 07:14:24.619217+00:00,False,False,,,,
2026-07-15 07:14:25.619217+00:00,False,False,,,,
2026-07-15 07:14:26.619217+00:00,False,False,,,,
2026-07-15 07:14:27.619217+00:00,False,False,,,,
2026-07-15 07:14:28.619217+00:00,False,False,,,,
2026-07-15 07:14:29.619217+00:00,False,False,,,,
2026-07-15 07:14:30.619217+00:00,False,False,,,,
2026-07-15 07:14:31.619217+00:00,False,False,,,,
2026-07-15 07:14:32.619217+00:00,False,False,,,,
2026-07-15 07:14:33.619217+00:00,False,False,,,,
2026-07-15 07:14:34.619217+00:00,False,False,,,,
2026-07-15 07:14:35.619217+00:00,False,False,,,,
2026-07-15 07:14:36.619217+00:00,False,False,,,,
2026-07-15 07:14:37.619217+00:00,False,False,,,,
2026-07-15 07:14:38.619217+00:00,False,False,,,,
2026-07-15 07:14:39.619217+00:00,False,False,,,,
2026-07-15 07:14:40.619217+00:00,False,False,,,,
2026-07-15 07:14:41.619217+00:00,False,False,,,,
2026-07-15 07:14:42.619217+00:00,False,False,,,,
2026-07-15 07:14:43.619217+00:00,False,False,,,,
2026-07-15 07:14:44.619217+00:00,False,False,,,,
2026-07-15 07:14:45.619217+00:00,False,False,,,,
2026-07-15 07:14:46.619217+00:00,False,False,,,,
2026-07-15 07:14:47.619217+00:00,False,False,,,,
2026-07-15 07:14:48.619217+00:00,False,False,,,,
2026-07-15 07:14:49.619217+00:00,False,False,,,,
2026-07-15 07:14:50.619217+00:00,False,False,,,,
2026-07-15 07:14:51.619217+00:00,False,False,,,,
2026-07-15 07:14:52.619217+00:00,False,False,,,,
2026-07-15 07:14:53.619217+00:00,False,False,,,,
2026-07-15 07:14:54.619217+00:00,False,False,,,,
2026-07-15 07:14:55.619217+00:00,False,False,,,,
2026-07-15 07:14:56.619217+00:00,False,False,,,,
2026-07-15 07:14:57.619217+00:00,False,False,,,,
2026-07-15 07:14:58.619217+00:00,False,False,,,,
2026-07-15 07:14:59.619217+00:00,False,False,,,,
2026-07-15 07:15:00.619217+00:00,False,False,,,,
2026-07-15 07:15:01.619217+00:00,False,False,,,,
2026-07-15 07:15:02.619217+00:00,False,False,,,,
2026-07-15 07:15:03.619217+00:00,False,False,,,,
2026-07-15 07:15:04.619217+00:00,False,False,,,,
2026-07-15 07:15:05.619217+00:00,False,False,,,,
2026-07-15 07:15:06.619217+00:00,False,False,,,,
2026-07-15 07:15:07.619217+00:00,False,False,,,,
2026-07-15 07:15:08.619217+00:00,False,False,,,,
2026-07-15 07:15:09.619217+00:00,False,False,,,,
2026-07-15 07:15:10.619217+00:00,False,False,,,,
2026-07-15 07:15:11.619217+00:00,False,False,,,,
2026-07-15 07:15:12.619217+00:00,False,False,,,,
2026-07-15 07:15:13.619217+00:00,False,False,,,,
2026-07-15 07:15:14.619217+00:00,False,False,,,,
2026-07-15 07:15:15.619217+00:00,False,False,,,,
2026-07-15 07:15:16.619217+00:00,False,False,,,,
2026-07-15 07:15:17.619217+00:00,False,False,,,,
2026-07-15 07:15:18.619217+00:00,False,False,,,,
2026-07-15 07:15:19.619217+00:00,False,False,,,,
2026-07-15 07:15:20.619217+00:00,False,False,,,,
2026-07-15 07:15:21.619217+00:00,False,False,,,,
2026-07-15 07:15:22.619217+00:00,False,False,,,,
2026-07-15 07:15:23.619217+00:00,False,False,,,,
2026-07-15 07:15:24.619217+00:00,False,False,,,,
2026-07-15 07:15:25.619217+00:00,False,False,,,,
2026-07-15 07:15:26.619217+00:00,False,False,,,,
2026-07-15 07:15:27.619217+00:00,False,False,,,,
2026-07-15 07:15:28.619217+00:00,False,False,,,,
2026-07-15 07:15:29.619217+00:00,False,False,,,,
2026-07-15 07:15:30.619217+00:00,False,False,,,,
2026-07-15 07:15:31.619217+00:00,False,False,,,,
2026-07-15 07:15:32.619217+00:00,False,False,,,,
2026-07-15 07:15:33.619217+00:00,False,False,,,,
2026-07-15 07:15:34.619217+00:00,False,False,,,,
2026-07-15 07:15:35.619217+00:00,False,False,,,,
2026-07-15 07:15:36.619217+00:00,False,False,,,,
2026-07-15 07:15:37.619217+00:00,False,False,,,,
2026-07-15 07:15:38.619217+00:00,False,False,,,,
2026-07-15 07:15:39.619217+00:00,False,False,,,,
2026-07-15 07:15:40.619217+00:00,False,False,,,,
2026-07-15 07:15:41.619217+00:00,False,False,,,,
2026-07-15 07:15:42.619217+00:00,False,False,,,,
2026-07-15 07:15:43.619217+00:00,False,False,,,,
2026-07-15 07:15:44.619217+00:00,False,False,,,,
2026-07-15 07:15:45.619217+00:00,False,False,,,,
2026-07-15 07:15:46.619217+00:00,False,False,,,,
2026-07-15 07:15:47.619217+00:00,False,False,,,,
2026-07-15 07:15:48.619217+00:00,False,False,,,,
2026-07-15 07:15:49.619217+00:00,False,False,,,,
2026-07-15 07:15:50.619217+00:00,False,False,,,,
2026-07-15 07:15:51.619217+00:00,False,False,,,,
2026-07-15 07:15:52.619217+00:00,False,False,,,,
2026-07-15 07:15:53.619217+00:00,False,False,,,,
2026-07-15 07:15:54.619217+00:00,False,False,,,,
2026-07-15 07:15:55.619217+00:00,False,False,,,,
2026-07-15 07:15:56.619217+00:00,False,False,,,,
2026-07-15 07:15:57.619217+00:00,False,False,,,,
2026-07-15 07:15:58.619217+00:00,False,False,,,,
2026-07-15 07:15:59.619217+00:00,False,False,,,,
2026-07-15 07:16:00.619217+00:00,False,False,,,,
2026-07-15 07:16:01.619217+00:00,False,False,,,,
2026-07-15 07:16:02.619217+00:00,False,False,,,,
2026-07-15 07:16:03.619217+00:00,False,False,,,,
2026-07-15 07:16:04.619217+00:00,False,False,,,,
2026-07-15 07:16:05.619217+00:00,False,False,,,,
2026-07-15 07:16:06.619217+00:00,False,False,,,,
2026-07-15 07:16:07.619217+00:00,False,False,,,,
2026-07-15 07:16:08.619217+00:00,False,False,,,,
2026-07-15 07:16:09.619217+00:00,False,False,,,,
2026-07-15 07:16:10.619217+00:00,False,False,,,,
2026-07-15 07:16:11.619217+00:00,False,False,,,,
2026-07-15 07:16:12.619217+00:00,False,False,,,,
2026-07-15 07:16:13.619217+00:00,False,False,,,,
2026-07-15 07:16:14.619217+00:00,False,False,,,,
2026-07-15 07:16:15.619217+00:00,False,False,,,,
2026-07-15 07:16:16.619217+00:00,False,False,,,,
2026-07-15 07:16:17.619217+00:00,False,False,,,,
2026-07-15 07:16:18.619217+00:00,False,False,,,,
2026-07-15 07:16:19.619217+00:00,False,False,,,,
2026-07-15 07:16:20.619217+00:00,False,False,,,,
2026-07-15 07:16:21.619217+00:00,False,False,,,,
2026-07-15 07:16:22.619217+00:00,False,False,,,,
2026-07-15 07:16:23.619217+00:00,False,False,,,,
2026-07-15 07:16:24.619217+00:00,False,False,,,,
2026-07-15 07:16:25.619217+00:00,False,False,,,,
2026-07-15 07:16:26.619217+00:00,False,False,,,,
2026-07-15 07:16:27.619217+00:00,False,False,,,,
2026-07-15 07:16:28.619217+00:00,False,False,,,,
2026-07-15 07:16:29.619217+00:00,False,False,,,,
2026-07-15 07:16:30.619217+00:00,False,False,,,,
2026-07-15 07:16:31.619217+00:00,False,False,,,,
2026-07-15 07:16:32.619217+00:00,False,False,,,,
2026-07-15 07:16:33.619217+00:00,False,False,,,,
2026-07-15 07:16:34.619217+00:00,False,False,,,,
2026-07-15 07:16:35.619217+00:00,False,False,,,,
2026-07-15 07:16:36.619217+00:00,False,False,,,,
2026-07-15 07:16:37.619217+00:00,False,False,,,,
2026-07-15 07:16:38.619217+00:00,False,False,,,,
2026-07-15 07:16:39.619217+00:00,False,False,,,,
2026-07-15 07:16:40.619217+00:00,False,False,,,,
2026-07-15 07:16:41.619217+00:00,False,False,,,,
2026-07-15 07:16:42.619217+00:00,False,False,,,,
2026-07-15 07:16:43.619217+00:00,False,False,,,,
2026-07-15 07:16:44.619217+00:00,False,False,,,,
2026-07-15 07:16:45.619217+00:00,False,False,,,,
2026-07-15 07:16:46.619217+00:00,False,False,,,,
2026-07-15 07:16:47.619217+00:00,False,False,,,,
2026-07-15 07:16:48.619217+00:00,False,False,,,,
2026-07-15 07:16:49.619217+00:00,False,False,,,,
2026-07-15 07:16:50.619217+00:00,False,False,,,,
2026-07-15 07:16:51.619217+00:00,False,False,,,,
2026-07-15 07:16:52.619217+00:00,False,False,,,,
2026-07-15 07:16:53.619217+00:00,False,False,,,,
2026-07-15 07:16:54.619217+00:00,False,False,,,,
2026-07-15 07:16:55.619217+00:00,False,False,,,,
2026-07-15 07:16:56.619217+00:00,False,False,,,,
2026-07-15 07:16:57.619217+00:00,False,False,,,,
2026-07-15 07:16:58.619217+00:00,False,False,,,,
2026-07-15 07:16:59.619217+00:00,False,False,,,,
2026-07-15 07:17:00.619217+00:00,False,False,,,,
2026-07-15 07:17:01.619217+00:00,False,False,,,,
2026-07-15 07:17:02.619217+00:00,False,False,,,,
2026-07-15 07:17:03.619217+00:00,False,False,,,,
2026-07-15 07:17:04.619217+00:00,False,False,,,,
2026-07-15 07:17:05.619217+00:00,False,False,,,,
2026-07-15 07:17:06.619217+00:00,False,False,,,,
2026-07-15 07:17:07.619217+00:00,False,False,,,,
2026-07-15 07:17:08.619217+00:00,False,False,,,,
2026-07-15 07:17:09.619217+00:00,False,False,,,,
2026-07-15 07:17:10.619217+00:00,False,False,,,,
2026-07-15 07:17:11.619217+00:00,False,False,,,,
2026-07-15 07:17:12.619217+00:00,False,False,,,,
2026-07-15 07:17:13.619217+00:00,False,False,,,,
2026-07-15 07:17:14.619217+00:00,False,False,,,,
2026-07-15 07:17:15.619217+00:00,False,False,,,,
2026-07-15 07:17:16.619217+00:00,False,False,,,,
2026-07-15 07:17:17.619217+00:00,False,False,,,,
2026-07-15 07:17:18.619217+00:00,False,False,,,,
2026-07-15 07:17:19.619217+00:00,False,False,,,,
2026-07-15 07:17:20.619217+00:00,False,False,,,,
2026-07-15 07:17:21.619217+00:00,False,False,,,,
2026-07-15 07:17:22.619217+00:00,False,False,,,,
2026-07-15 07:17:23.619217+00:00,False,False,,,,
2026-07-15 07:17:24.619217+00:00,False,False,,,,
2026-07-15 07:17:25.619217+00:00,False,False,,,,
2026-07-15 07:17:26.619217+00:00,False,False,,,,
2026-07-15 07:17:27.619217+00:00,False,False,,,,
2026-07-15 07:17:28.619217+00:00,False,False,,,,
2026-07-15 07:17:29.619217+00:00,False,False,,,,
2026-07-15 07:17:30.619217+00:00,False,False,,,,
2026-07-15 07:17:31.619217+00:00,False,False,,,,
2026-07-15 07:17:32.619217+00:00,False,False,,,,
2026-07-15 07:17:33.619217+00:00,False,False,,,,
2026-07-15 07:17:34.619217+00:00,False,False,,,,
2026-07-15 07:17:35.619217+00:00,False,False,,,,
2026-07-15 07:17:36.619217+00:00,False,False,,,,
2026-07-15 07:17:37.619217+00:00,False,False,,,,
2026-07-15 07:17:38.619217+00:00,False,False,,,,
2026-07-15 07:17:39.619217+00:00,False,False,,,,
2026-07-15 07:17:40.619217+00:00,False,False,,,,
2026-07-15 07:17:41.619217+00:00,False,False,,,,
2026-07-15 07:17:42.619217+00:00,False,False,,,,
2026-07-15 07:17:43.619217+00:00,False,False,,,,
2026-07-15 07:17:44.619217+00:00,False,False,,,,
2026-07-15 07:17:45.619217+00:00,False,False,,,,
2026-07-15 07:17:46.619217+00:00,False,False,,,,
2026-07-15 07:17:47.619217+00:00,False,False,,,,
2026-07-15 07:17:48.619217+00:00,False,False,,,,
2026-07-15 07:17:49.619217+00:00,False,False,,,,
2026-07-15 07:17:50.619217+00:00,False,False,,,,
2026-07-15 07:17:51.619217+00:00,False,False,,,,
2026-07-15 07:17:52.619217+00:00,False,False,,,,
2026-07-15 07:17:53.619217+00:00,False,False,,,,
2026-07-15 07:17:54.619217+00:00,False,False,,,,
2026-07-15 07:17:55.619217+00:00,False,False,,,,
2026-07-15 07:17:56.619217+00:00,False,False,,,,
2026-07-15 07:17:57.619217+00:00,False,False,,,,
2026-07-15 07:17:58.619217+00:00,False,False,,,,
2026-07-15 07:17:59.619217+00:00,False,False,,,,
2026-07-15 07:18:00.619217+00:00,False,False,,,,
2026-07-15 07:18:01.619217+00:00,False,False,,,,
2026-07-15 07:18:02.619217+00:00,False,False,,,,
2026-07-15 07:18:03.619217+00:00,False,False,,,,
2026-07-15 07:18:04.619217+00:00,False,False,,,,
2026-07-15 07:18:05.619217+00:00,False,False,,,,
2026-07-15 07:18:06.619217+00:00,False,False,,,,
2026-07-15 07:18:07.619217+00:00,False,False,,,,
2026-07-15 07:18:08.619217+00:00,False,False,,,,
2026-07-15 07:18:09.619217+00:00,False,False,,,,
2026-07-15 07:18:10.619217+00:00,False,False,,,,
2026-07-15 07:18:11.619217+00:00,False,False,,,,
2026-07-15 07:18:12.619217+00:00,False,False,,,,
2026-07-15 07:18:13.619217+00:00,False,False,,,,
2026-07-15 07:18:14.619217+00:00,False,False,,,,
2026-07-15 07:18:15.619217+00:00,False,False,,,,
2026-07-15 07:18:16.619217+00:00,False,False,,,,
2026-07-15 07:18:17.619217+00:00,False,False,,,,
2026-07-15 07:18:18.619217+00:00,False,False,,,,
2026-07-15 07:18:19.619217+00:00,False,False,,,,
2026-07-15 07:18:20.619217+00:00,False,False,,,,
2026-07-15 07:18:21.619217+00:00,False,False,,,,
2026-07-15 07:18:22.619217+00:00,False,False,,,,
2026-07-15 07:18:23.619217+00:00,False,False,,,,
2026-07-15 07:18:24.619217+00:00,False,False,,,,
2026-07-15 07:18:25.619217+00:00,False,False,,,,
2026-07-15 07:18:26.619217+00:00,False,False,,,,
2026-07-15 07:18:27.619217+00:00,False,False,,,,
2026-07-15 07:18:28.619217+00:00,False,False,,,,
2026-07-15 07:18:29.619217+00:00,False,False,,,,
2026-07-15 07:18:30.619217+00:00,False,False,,,,
2026-07-15 07:18:31.619217+00:00,False,False,,,,
2026-07-15 07:18:32.619217+00:00,False,False,,,,
2026-07-15 07:18:33.619217+00:00,False,False,,,,
2026-07-15 07:18:34.619217+00:00,False,False,,,,
2026-07-15 07:18:35.619217+00:00,False,False,,,,
2026-07-15 07:18:36.619217+00:00,False,False,,,,
2026-07-15 07:18:37.619217+00:00,False,False,,,,
2026-07-15 07:18:38.619217+00:00,False,False,,,,
2026-07-15 07:18:39.619217+00:00,False,False,,,,
2026-07-15 07:18:40.619217+00:00,False,False,,,,
2026-07-15 07:18:41.619217+00:00,False,False,,,,
2026-07-15 07:18:42.619217+00:00,False,False,,,,
2026-07-15 07:18:43.619217+00:00,False,False,,,,
2026-07-15 07:18:44.619217+00:00,False,False,,,,
2026-07-15 07:18:45.619217+00:00,False,False,,,,
2026-07-15 07:18:46.619217+00:00,False,False,,,,
2026-07-15 07:18:47.619217+00:00,False,False,,,,
2026-07-15 07:18:48.619217+00:00,False,False,,,,
2026-07-15 07:18:49.619217+00:00,False,False,,,,
2026-07-15 07:18:50.619217+00:00,False,False,,,,
2026-07-15 07:18:51.619217+00:00,False,False,,,,
2026-07-15 07:18:52.619217+00:00,False,False,,,,
2026-07-15 07:18:53.619217+00:00,False,False,,,,
2026-07-15 07:18:54.619217+00:00,False,False,,,,
2026-07-15 07:18:55.619217+00:00,False,False,,,,
2026-07-15 07:18:56.619217+00:00,False,False,,,,
2026-07-15 07:18:57.619217+00:00,False,False,,,,
2026-07-15 07:18:58.619217+00:00,False,False,,,,
2026-07-15 07:18:59.619217+00:00,False,False,,,,
2026-07-15 07:19:00.619217+00:00,False,False,,,,
2026-07-15 07:19:01.619217+00:00,False,False,,,,
2026-07-15 07:19:02.619217+00:00,False,False,,,,
2026-07-15 07:19:03.619217+00:00,False,False,,,,
2026-07-15 07:19:04.619217+00:00,False,False,,,,
2026-07-15 07:19:05.619217+00:00,False,False,,,,
2026-07-15 07:19:06.619217+00:00,False,False,,,,
2026-07-15 07:19:07.619217+00:00,False,False,,,,
2026-07-15 07:19:08.619217+00:00,False,False,,,,
2026-07-15 07:19:09.619217+00:00,False,False,,,,
2026-07-15 07:19:10.619217+00:00,False,False,,,,
2026-07-15 07:19:11.619217+00:00,False,False,,,,
2026-07-15 07:19:12.619217+00:00,False,False,,,,
2026-07-15 07:19:13.619217+00:00,False,False,,,,
2026-07-15 07:19:14.619217+00:00,False,False,,,,
2026-07-15 07:19:15.619217+00:00,False,False,,,,
2026-07-15 07:19:16.619217+00:00,False,False,,,,
2026-07-15 07:19:17.619217+00:00,False,False,,,,
2026-07-15 07:19:18.619217+00:00,False,False,,,,
2026-07-15 07:19:19.619217+00:00,False,False,,,,
2026-07-15 07:19:20.619217+00:00,False,False,,,,
2026-07-15 07:19:21.619217+00:00,False,False,,,,
2026-07-15 07:19:22.619217+00:00,False,False,,,,
2026-07-15 07:19:23.619217+00:00,False,False,,,,
2026-07-15 07:19:24.619217+00:00,False,False,,,,
2026-07-15 07:19:25.619217+00:00,False,False,,,,
2026-07-15 07:19:26.619217+00:00,False,False,,,,
2026-07-15 07:19:27.619217+00:00,False,False,,,,
2026-07-15 07:19:28.619217+00:00,False,False,,,,
2026-07-15 07:19:29.619217+00:00,False,False,,,,
2026-07-15 07:19:30.619217+00:00,False,False,,,,
2026-07-15 07:19:31.619217+00:00,False,False,,,,
2026-07-15 07:19:32.619217+00:00,False,False,,,,
2026-07-15 07:19:33.619217+00:00,False,False,,,,
2026-07-15 07:19:34.619217+00:00,False,False,,,,
2026-07-15 07:19:35.619217+00:00,False,False,,,,
2026-07-15 07:19:36.619217+00:00,False,False,,,,
2026-07-15 07:19:37.619217+00:00,False,False,,,,
2026-07-15 07:19:38.619217+00:00,False,False,,,,
2026-07-15 07:19:39.619217+00:00,False,False,,,,
2026-07-15 07:19:40.619217+00:00,False,False,,,,
2026-07-15 07:19:41.619217+00:00,False,False,,,,
2026-07-15 07:19:42.619217+00:00,False,False,,,,
2026-07-15 07:19:43.619217+00:00,False,False,,,,
2026-07-15 07:19:44.619217+00:00,False,False,,,,
2026-07-15 07:19:45.619217+00:00,False,False,,,,
2026-07-15 07:19:46.619217+00:00,False,False,,,,
2026-07-15 07:19:47.619217+00:00,False,False,,,,
2026-07-15 07:19:48.619217+00:00,False,False,,,,
2026-07-15 07:19:49.619217+00:00,False,False,,,,
2026-07-15 07:19:50.619217+00:00,False,False,,,,
2026-07-15 07:19:51.619217+00:00,False,False,,,,
2026-07-15 07:19:52.619217+00:00,False,False,,,,
2026-07-15 07:19:53.619217+00:00,False,False,,,,
2026-07-15 07:19:54.619217+00:00,False,False,,,,
2026-07-15 07:19:55.619217+00:00,False,False,,,,
2026-07-15 07:19:56.619217+00:00,False,False,,,,
2026-07-15 07:19:57.619217+00:00,False,False,,,,
2026-07-15 07:19:58.619217+00:00,False,False,,,,
2026-07-15 07:19:59.619217+00:00,False,False,,,,
2026-07-15 07:20:00.619217+00:00,False,False,,,,
2026-07-15 07:20:01.619217+00:00,False,False,,,,
2026-07-15 07:20:02.619217+00:00,False,False,,,,
2026-07-15 07:20:03.619217+00:00,False,False,,,,
2026-07-15 07:20:04.619217+00:00,False,False,,,,
2026-07-15 07:20:05.619217+00:00,False,False,,,,
2026-07-15 07:20:06.619217+00:00,False,False,,,,
2026-07-15 07:20:07.619217+00:00,False,False,,,,
2026-07-15 07:20:08.619217+00:00,False,False,,,,
2026-07-15 07:20:09.619217+00:00,False,False,,,,
2026-07-15 07:20:10.619217+00:00,False,False,,,,
2026-07-15 07:20:11.619217+00:00,False,False,,,,
2026-07-15 07:20:12.619217+00:00,False,False,,,,
2026-07-15 07:20:13.619217+00:00,False,False,,,,
2026-07-15 07:20:14.619217+00:00,False,False,,,,
2026-07-15 07:20:15.619217+00:00,False,False,,,,
2026-07-15 07:20:16.619217+00:00,False,False,,,,
2026-07-15 07:20:17.619217+00:00,False,False,,,,
2026-07-15 07:20:18.619217+00:00,False,False,,,,
2026-07-15 07:20:19.619217+00:00,False,False,,,,
2026-07-15 07:20:20.619217+00:00,False,False,,,,
2026-07-15 07:20:21.619217+00:00,False,False,,,,
2026-07-15 07:20:22.619217+00:00,False,False,,,,
2026-07-15 07:20:23.619217+00:00,False,False,,,,
2026-07-15 07:20:24.619217+00:00,False,False,,,,
2026-07-15 07:20:25.619217+00:00,False,False,,,,
2026-07-15 07:20:26.619217+00:00,False,False,,,,
2026-07-15 07:20:27.619217+00:00,False,False,,,,
2026-07-15 07:20:28.619217+00:00,False,False,,,,
2026-07-15 07:20:29.619217+00:00,False,False,,,,
2026-07-15 07:20:30.619217+00:00,False,False,,,,
2026-07-15 07:20:31.619217+00:00,False,False,,,,
2026-07-15 07:20:32.619217+00:00,False,False,,,,
2026-07-15 07:20:33.619217+00:00,False,False,,,,
2026-07-15 07:20:34.619217+00:00,False,False,,,,
2026-07-15 07:20:35.619217+00:00,False,False,,,,
2026-07-15 07:20:36.619217+00:00,False,False,,,,
2026-07-15 07:20:37.619217+00:00,False,False,,,,
2026-07-15 07:20:38.619217+00:00,False,False,,,,
2026-07-15 07:20:39.619217+00:00,False,False,,,,
2026-07-15 07:20:40.619217+00:00,False,False,,,,
2026-07-15 07:20:41.619217+00:00,False,False,,,,
2026-07-15 07:20:42.619217+00:00,False,False,,,,
2026-07-15 07:20:43.619217+00:00,False,False,,,,
2026-07-15 07:20:44.619217+00:00,False,False,,,,
2026-07-15 07:20:45.619217+00:00,False,False,,,,
2026-07-15 07:20:46.619217+00:00,False,False,,,,
2026-07-15 07:20:47.619217+00:00,False,False,,,,
2026-07-15 07:20:48.619217+00:00,False,False,,,,
2026-07-15 07:20:49.619217+00:00,False,False,,,,
2026-07-15 07:20:50.619217+00:00,False,False,,,,
2026-07-15 07:20:51.619217+00:00,False,False,,,,
2026-07-15 07:20:52.619217+00:00,False,False,,,,
2026-07-15 07:20:53.619217+00:00,False,False,,,,
2026-07-15 07:20:54.619217+00:00,False,False,,,,
2026-07-15 07:20:55.619217+00:00,False,False,,,,
2026-07-15 07:20:56.619217+00:00,False,False,,,,
2026-07-15 07:20:57.619217+00:00,False,False,,,,
2026-07-15 07:20:58.619217+00:00,False,False,,,,
2026-07-15 07:20:59.619217+00:00,False,False,,,,
2026-07-15 07:21:00.619217+00:00,False,False,,,,
2026-07-15 07:21:01.619217+00:00,False,False,,,,
2026-07-15 07:21:02.619217+00:00,False,False,,,,
2026-07-15 07:21:03.619217+00:00,False,False,,,,
2026-07-15 07:21:04.619217+00:00,False,False,,,,
2026-07-15 07:21:05.619217+00:00,False,False,,,,
2026-07-15 07:21:06.619217+00:00,False,False,,,,
2026-07-15 07:21:07.619217+00:00,False,False,,,,
2026-07-15 07:21:08.619217+00:00,False,False,,,,
2026-07-15 07:21:09.619217+00:00,False,False,,,,
2026-07-15 07:21:10.619217+00:00,False,False,,,,
2026-07-15 07:21:11.619217+00:00,False,False,,,,
2026-07-15 07:21:12.619217+00:00,False,False,,,,
2026-07-15 07:21:13.619217+00:00,False,False,,,,
2026-07-15 07:21:14.619217+00:00,False,False,,,,
2026-07-15 07:21:15.619217+00:00,False,False,,,,
2026-07-15 07:21:16.619217+00:00,False,False,,,,
2026-07-15 07:21:17.619217+00:00,False,False,,,,
2026-07-15 07:21:18.619217+00:00,False,False,,,,
2026-07-15 07:21:19.619217+00:00,False,False,,,,
2026-07-15 07:21:20.619217+00:00,False,False,,,,
2026-07-15 07:21:21.619217+00:00,False,False,,,,
2026-07-15 07:21:22.619217+00:00,False,False,,,,
2026-07-15 07:21:23.619217+00:00,False,False,,,,
2026-07-15 07:21:24.619217+00:00,False,False,,,,
2026-07-15 07:21:25.619217+00:00,False,False,,,,
2026-07-15 07:21:26.619217+00:00,False,False,,,,
2026-07-15 07:21:27.619217+00:00,False,False,,,,
2026-07-15 07:21:28.619217+00:00,False,False,,,,
2026-07-15 07:21:29.619217+00:00,False,False,,,,
2026-07-15 07:21:30.619217+00:00,False,False,,,,
2026-07-15 07:21:31.619217+00:00,False,False,,,,
2026-07-15 07:21:32.619217+00:00,False,False,,,,
2026-07-15 07:21:33.619217+00:00,False,False,,,,
2026-07-15 07:21:34.619217+00:00,False,False,,,,
2026-07-15 07:21:35.619217+00:00,False,False,,,,
2026-07-15 07:21:36.619217+00:00,False,False,,,,
2026-07-15 07:21:37.619217+00:00,False,False,,,,
2026-07-15 07:21:38.619217+00:00,False,False,,,,
2026-07-15 07:21:39.619217+00:00,False,False,,,,
2026-07-15 07:21:40.619217+00:00,False,False,,,,
2026-07-15 07:21:41.619217+00:00,False,False,,,,
2026-07-15 07:21:42.619217+00:00,False,False,,,,
2026-07-15 07:21:43.619217+00:00,False,False,,,,
2026-07-15 07:21:44.619217+00:00,False,False,,,,
2026-07-15 07:21:45.619217+00:00,False,False,,,,
2026-07-15 07:21:46.619217+00:00,False,False,,,,
2026-07-15 07:21:47.619217+00:00,False,False,,,,
2026-07-15 07:21:48.619217+00:00,False,False,,,,
2026-07-15 07:21:49.619217+00:00,False,False,,,,
2026-07-15 07:21:50.619217+00:00,False,False,,,,
2026-07-15 07:21:51.619217+00:00,False,False,,,,
2026-07-15 07:21:52.619217+00:00,False,False,,,,
2026-07-15 07:21:53.619217+00:00,False,False,,,,
2026-07-15 07:21:54.619217+00:00,False,False,,,,
2026-07-15 07:21:55.619217+00:00,False,False,,,,
2026-07-15 07:21:56.619217+00:00,False,False,,,,
2026-07-15 07:21:57.619217+00:00,False,False,,,,
2026-07-15 07:21:58.619217+00:00,False,False,,,,
2026-07-15 07:21:59.619217+00:00,False,False,,,,
2026-07-15 07:22:00.619217+00:00,False,False,,,,
2026-07-15 07:22:01.619217+00:00,False,False,,,,
2026-07-15 07:22:02.619217+00:00,False,False,,,,
2026-07-15 07:22:03.619217+00:00,False,False,,,,
2026-07-15 07:22:04.619217+00:00,False,False,,,,
2026-07-15 07:22:05.619217+00:00,False,False,,,,
2026-07-15 07:22:06.619217+00:00,False,False,,,,
2026-07-15 07:22:07.619217+00:00,False,False,,,,
2026-07-15 07:22:08.619217+00:00,False,False,,,,
2026-07-15 07:22:09.619217+00:00,False,False,,,,
2026-07-15 07:22:10.619217+00:00,False,False,,,,
2026-07-15 07:22:11.619217+00:00,False,False,,,,
2026-07-15 07:22:12.619217+00:00,False,False,,,,
2026-07-15 07:22:13.619217+00:00,False,False,,,,
2026-07-15 07:22:14.619217+00:00,False,False,,,,
2026-07-15 07:22:15.619217+00:00,False,False,,,,
2026-07-15 07:22:16.619217+00:00,False,False,,,,
2026-07-15 07:22:17.619217+00:00,False,False,,,,
2026-07-15 07:22:18.619217+00:00,False,False,,,,
2026-07-15 07:22:19.619217+00:00,False,False,,,,
2026-07-15 07:22:20.619217+00:00,False,False,,,,
2026-07-15 07:22:21.619217+00:00,False,False,,,,
2026-07-15 07:22:22.619217+00:00,False,False,,,,
2026-07-15 07:22:23.619217+00:00,False,False,,,,
2026-07-15 07:22:24.619217+00:00,False,False,,,,
2026-07-15 07:22:25.619217+00:00,False,False,,,,
2026-07-15 07:22:26.619217+00:00,False,False,,,,
2026-07-15 07:22:27.619217+00:00,False,False,,,,
2026-07-15 07:22:28.619217+00:00,False,False,,,,
2026-07-15 07:22:29.619217+00:00,False,False,,,,
2026-07-15 07:22:30.619217+00:00,False,False,,,,
2026-07-15 07:22:31.619217+00:00,False,False,,,,
2026-07-15 07:22:32.619217+00:00,False,False,,,,
2026-07-15 07:22:33.619217+00:00,False,False,,,,
2026-07-15 07:22:34.619217+00:00,False,False,,,,
2026-07-15 07:22:35.619217+00:00,False,False,,,,
2026-07-15 07:22:36.619217+00:00,False,False,,,,
2026-07-15 07:22:37.619217+00:00,False,False,,,,
2026-07-15 07:22:38.619217+00:00,False,False,,,,
2026-07-15 07:22:39.619217+00:00,False,False,,,,
2026-07-15 07:22:40.619217+00:00,False,False,,,,
2026-07-15 07:22:41.619217+00:00,False,False,,,,
2026-07-15 07:22:42.619217+00:00,False,False,,,,
2026-07-15 07:22:43.619217+00:00,False,False,,,,
2026-07-15 07:22:44.619217+00:00,False,False,,,,
2026-07-15 07:22:45.619217+00:00,False,False,,,,
2026-07-15 07:22:46.619217+00:00,False,False,,,,
2026-07-15 07:22:47.619217+00:00,False,False,,,,
2026-07-15 07:22:48.619217+00:00,False,False,,,,
2026-07-15 07:22:49.619217+00:00,False,False,,,,
2026-07-15 07:22:50.619217+00:00,False,False,,,,
2026-07-15 07:22:51.619217+00:00,False,False,,,,
2026-07-15 07:22:52.619217+00:00,False,False,,,,
2026-07-15 07:22:53.619217+00:00,False,False,,,,
2026-07-15 07:22:54.619217+00:00,False,False,,,,
2026-07-15 07:22:55.619217+00:00,False,False,,,,
2026-07-15 07:22:56.619217+00:00,False,False,,,,
2026-07-15 07:22:57.619217+00:00,False,False,,,,
2026-07-15 07:22:58.619217+00:00,False,False,,,,
2026-07-15 07:22:59.619217+00:00,False,False,,,,
2026-07-15 07:23:00.619217+00:00,False,False,,,,
2026-07-15 07:23:01.619217+00:00,False,False,,,,
2026-07-15 07:23:02.619217+00:00,False,False,,,,
2026-07-15 07:23:03.619217+00:00,False,False,,,,
2026-07-15 07:23:04.619217+00:00,False,False,,,,
2026-07-15 07:23:05.619217+00:00,False,False,,,,
2026-07-15 07:23:06.619217+00:00,False,False,,,,
2026-07-15 07:23:07.619217+00:00,False,False,,,,
2026-07-15 07:23:08.619217+00:00,False,False,,,,
2026-07-15 07:23:09.619217+00:00,False,False,,,,
2026-07-15 07:23:10.619217+00:00,False,False,,,,
2026-07-15 07:23:11.619217+00:00,False,False,,,,
2026-07-15 07:23:12.619217+00:00,False,False,,,,
2026-07-15 07:23:13.619217+00:00,False,False,,,,
2026-07-15 07:23:14.619217+00:00,False,False,,,,
2026-07-15 07:23:15.619217+00:00,False,False,,,,
2026-07-15 07:23:16.619217+00:00,False,False,,,,
2026-07-15 07:23:17.619217+00:00,False,False,,,,
2026-07-15 07:23:18.619217+00:00,False,False,,,,
2026-07-15 07:23:19.619217+00:00,False,False,,,,
2026-07-15 07:23:20.619217+00:00,False,False,,,,
2026-07-15 07:23:21.619217+00:00,False,False,,,,
2026-07-15 07:23:22.619217+00:00,False,False,,,,
2026-07-15 07:23:23.619217+00:00,False,False,,,,
2026-07-15 07:23:24.619217+00:00,False,False,,,,
2026-07-15 07:23:25.619217+00:00,False,False,,,,
2026-07-15 07:23:26.619217+00:00,True,False,3.0,6981.705669896969,23.288463347189907,GS-Beijing -> 00046 -> 00047 -> GS-Singapore
2026-07-15 07:23:27.619217+00:00,True,False,3.0,6994.590168663093,23.331441408919943,GS-Beijing -> 00046 -> 00047 -> GS-Singapore
2026-07-15 07:23:28.619217+00:00,True,False,3.0,7007.498700175415,23.374499635262392,GS-Beijing -> 00046 -> 00047 -> GS-Singapore
2026-07-15 07:23:29.619217+00:00,True,False,3.0,7020.431063505417,23.41763735599185,GS-Beijing -> 00046 -> 00047 -> GS-Singapore
2026-07-15 07:23:30.619217+00:00,True,False,3.0,7033.387062337091,23.460853916268608,GS-Beijing -> 00046 -> 00047 -> GS-Singapore
2026-07-15 07:23:31.619217+00:00,True,False,3.0,7046.366504931877,23.504148676521666,GS-Beijing -> 00046 -> 00047 -> GS-Singapore
2026-07-15 07:23:32.619217+00:00,True,False,3.0,7059.369204052509,23.547521012194743,GS-Beijing -> 00046 -> 00047 -> GS-Singapore
2026-07-15 07:23:33.619217+00:00,True,False,3.0,7072.394976933067,23.59097031364634,GS-Beijing -> 00046 -> 00047 -> GS-Singapore
2026-07-15 07:23:34.619217+00:00,True,False,3.0,7085.443645208961,23.634495985916235,GS-Beijing -> 00046 -> 00047 -> GS-Singapore
2026-07-15 07:23:35.619217+00:00,True,False,3.0,7098.515034881169,23.67809744860616,GS-Beijing -> 00046 -> 00047 -> GS-Singapore
2026-07-15 07:23:36.619217+00:00,True,False,3.0,7111.60897626647,23.721774135713815,GS-Beijing -> 00046 -> 00047 -> GS-Singapore
2026-07-15 07:23:37.619217+00:00,True,False,3.0,7124.725303937939,23.765525495434378,GS-Beijing -> 00046 -> 00047 -> GS-Singapore
2026-07-15 07:23:38.619217+00:00,True,False,3.0,7137.863856683243,23.809350990021382,GS-Beijing -> 00046 -> 00047 -> GS-Singapore
2026-07-15 07:23:39.619217+00:00,True,False,3.0,7151.024477457687,23.853250095630113,GS-Beijing -> 00046 -> 00047 -> GS-Singapore
2026-07-15 07:23:40.619217+00:00,True,False,3.0,7164.2070133363,23.897222302157783,GS-Beijing -> 00046 -> 00047 -> GS-Singapore
2026-07-15 07:23:41.619217+00:00,True,False,3.0,7177.411315460007,23.941267113063954,GS-Beijing -> 00046 -> 00047 -> GS-Singapore
2026-07-15 07:23:42.619217+00:00,True,False,3.0,7190.637239002086,23.98538404525869,GS-Beijing -> 00046 -> 00047 -> GS-Singapore
2026-07-15 07:23:43.619217+00:00,True,False,3.0,7203.884643119349,24.02957262893968,GS-Beijing -> 00046 -> 00047 -> GS-Singapore
2026-07-15 07:23:44.619217+00:00,True,False,3.0,7217.153390896463,24.073832407406538,GS-Beijing -> 00046 -> 00047 -> GS-Singapore
2026-07-15 07:23:45.619217+00:00,True,False,3.0,7230.443349320732,24.11816293697666,GS-Beijing -> 00046 -> 00047 -> GS-Singapore
2026-07-15 07:23:46.619217+00:00,True,False,3.0,7243.754389221463,24.162563786782997,GS-Beijing -> 00046 -> 00047 -> GS-Singapore
2026-07-15 07:23:47.619217+00:00,True,False,3.0,7257.0863852463735,24.207034538695346,GS-Beijing -> 00046 -> 00047 -> GS-Singapore
2026-07-15 07:23:48.619217+00:00,True,False,3.0,7270.439215795674,24.251574787100463,GS-Beijing -> 00046 -> 00047 -> GS-Singapore
2026-07-15 07:23:49.619217+00:00,True,False,3.0,7283.812762999963,24.296184138828348,GS-Beijing -> 00046 -> 00047 -> GS-Singapore
2026-07-15 07:23:50.619217+00:00,True,False,3.0,7297.206912676081,24.340862213004975,GS-Beijing -> 00046 -> 00047 -> GS-Singapore
2026-07-15 07:23:51.619217+00:00,True,False,3.0,7310.621554278777,24.385608640891082,GS-Beijing -> 00046 -> 00047 -> GS-Singapore
2026-07-15 07:23:52.619217+00:00,True,False,3.0,7324.056580876868,24.43042306580264,GS-Beijing -> 00046 -> 00047 -> GS-Singapore
2026-07-15 07:23:53.619217+00:00,True,False,3.0,7337.511889095486,24.475305142918195,GS-Beijing -> 00046 -> 00047 -> GS-Singapore
2026-07-15 07:23:54.619217+00:00,True,False,3.0,7350.9873790918045,24.520254539197932,GS-Beijing -> 00046 -> 00047 -> GS-Singapore
2026-07-15 07:23:55.619217+00:00,True,False,3.0,7364.482954519881,24.565270933266376,GS-Beijing -> 00046 -> 00047 -> GS-Singapore
2026-07-15 07:23:56.619217+00:00,True,False,3.0,7377.998522475519,24.61035401522849,GS-Beijing -> 00046 -> 00047 -> GS-Singapore
2026-07-15 07:23:57.619217+00:00,True,False,3.0,7391.533993486469,24.655503486636977,GS-Beijing -> 00046 -> 00047 -> GS-Singapore
2026-07-15 07:23:58.619217+00:00,True,False,3.0,7405.089281452166,24.700719060291256,GS-Beijing -> 00046 -> 00047 -> GS-Singapore
2026-07-15 07:23:59.619217+00:00,True,False,3.0,7418.664303627035,24.74600046018181,GS-Beijing -> 00046 -> 00047 -> GS-Singapore
2026-07-15 07:24:00.619217+00:00,True,False,3.0,7432.258980576038,24.79134742134186,GS-Beijing -> 00046 -> 00047 -> GS-Singapore
2026-07-15 07:24:01.619217+00:00,True,False,3.0,7445.873236148491,24.83675968976008,GS-Beijing -> 00046 -> 00047 -> GS-Singapore
2026-07-15 07:24:02.619217+00:00,True,False,3.0,7459.506997435594,24.88223702223888,GS-Beijing -> 00046 -> 00047 -> GS-Singapore
2026-07-15 07:24:03.619217+00:00,True,False,3.0,7473.160194743481,24.92777918630455,GS-Beijing -> 00046 -> 00047 -> GS-Singapore
2026-07-15 07:24:04.619217+00:00,True,False,3.0,7486.83276156282,24.973385960105844,GS-Beijing -> 00046 -> 00047 -> GS-Singapore
2026-07-15 07:24:05.619217+00:00,True,False,3.0,7500.524634537249,25.019057132308674,GS-Beijing -> 00046 -> 00047 -> GS-Singapore
2026-07-15 07:24:06.619217+00:00,True,False,3.0,7514.235753428202,25.064792501978825,GS-Beijing -> 00046 -> 00047 -> GS-Singapore
2026-07-15 07:24:07.619217+00:00,True,False,3.0,7527.966061087617,25.11059187849088,GS-Beijing -> 00046 -> 00047 -> GS-Singapore
2026-07-15 07:24:08.619217+00:00,True,False,3.0,7541.71550343059,25.156455081437006,GS-Beijing -> 00046 -> 00047 -> GS-Singapore
2026-07-15 07:24:09.619217+00:00,True,False,3.0,7555.484029398124,25.202381940502733,GS-Beijing -> 00046 -> 00047 -> GS-Singapore
2026-07-15 07:24:10.619217+00:00,True,False,3.0,7569.271590937582,25.248372295401715,GS-Beijing -> 00046 -> 00047 -> GS-Singapore
2026-07-15 07:24:11.619217+00:00,True,False,3.0,7583.078142969802,25.29442599576605,GS-Beijing -> 00046 -> 00047 -> GS-Singapore
2026-07-15 07:24:12.619217+00:00,True,False,3.0,7596.90364335853,25.34054290104433,GS-Beijing -> 00046 -> 00047 -> GS-Singapore
2026-07-15 07:24:13.619217+00:00,True,False,3.0,7610.748052894028,25.38672288044694,GS-Beijing -> 00046 -> 00047 -> GS-Singapore
2026-07-15 07:24:14.619217+00:00,True,False,3.0,7624.61133524735,25.432965812793565,GS-Beijing -> 00046 -> 00047 -> GS-Singapore
2026-07-15 07:24:15.619217+00:00,True,False,3.0,7638.493456970857,25.479271586514887,GS-Beijing -> 00046 -> 00047 -> GS-Singapore
2026-07-15 07:24:16.619217+00:00,True,False,3.0,7652.394387442693,25.52564009946739,GS-Beijing -> 00046 -> 00047 -> GS-Singapore
2026-07-15 07:24:17.619217+00:00,True,False,3.0,7666.314098860832,25.5720712589135,GS-Beijing -> 00046 -> 00047 -> GS-Singapore
2026-07-15 07:24:18.619217+00:00,True,False,3.0,7680.252566209626,25.618564981409996,GS-Beijing -> 00046 -> 00047 -> GS-Singapore
2026-07-15 07:24:19.619217+00:00,True,False,3.0,7694.209767241716,25.66512119274767,GS-Beijing -> 00046 -> 00047 -> GS-Singapore
2026-07-15 07:24:20.619217+00:00,True,False,3.0,7708.185682448947,25.71173982785433,GS-Beijing -> 00046 -> 00047 -> GS-Singapore
2026-07-15 07:24:21.619217+00:00,True,False,3.0,7722.180295033577,25.75842083069874,GS-Beijing -> 00046 -> 00047 -> GS-Singapore
2026-07-15 07:24:22.619217+00:00,True,False,3.0,7736.193590896342,25.805164154250814,GS-Beijing -> 00046 -> 00047 -> GS-Singapore
2026-07-15 07:24:23.619217+00:00,True,False,3.0,7750.225558606087,25.851969760380324,GS-Beijing -> 00046 -> 00047 -> GS-Singapore
2026-07-15 07:24:24.619217+00:00,True,False,3.0,7764.276189373515,25.898837619769328,GS-Beijing -> 00046 -> 00047 -> GS-Singapore
2026-07-15 07:24:25.619217+00:00,True,False,3.0,7778.345477038183,25.9457677118688,GS-Beijing -> 00046 -> 00047 -> GS-Singapore
2026-07-15 07:24:26.619217+00:00,True,False,3.0,7792.433418031944,25.992760024776686,GS-Beijing -> 00046 -> 00047 -> GS-Singapore
2026-07-15 07:24:27.619217+00:00,True,False,3.0,7806.540011376919,26.039814555231136,GS-Beijing -> 00046 -> 00047 -> GS-Singapore
2026-07-15 07:24:28.619217+00:00,True,False,3.0,7820.665258641764,26.08693130846462,GS-Beijing -> 00046 -> 00047 -> GS-Singapore
2026-07-15 07:24:29.619217+00:00,True,False,3.0,7834.809163939741,26.1341102981975,GS-Beijing -> 00046 -> 00047 -> GS-Singapore
2026-07-15 07:24:30.619217+00:00,True,False,3.0,7848.971733890161,26.181351546509422,GS-Beijing -> 00046 -> 00047 -> GS-Singapore
2026-07-15 07:24:31.619217+00:00,True,False,3.0,7863.152977613401,26.228655083822694,GS-Beijing -> 00046 -> 00047 -> GS-Singapore
2026-07-15 07:24:32.619217+00:00,True,False,3.0,7877.352906699098,26.276020948796177,GS-Beijing -> 00046 -> 00047 -> GS-Singapore
2026-07-15 07:24:33.619217+00:00,True,False,3.0,7891.5715351822455,26.32344918824558,GS-Beijing -> 00046 -> 00047 -> GS-Singapore
2026-07-15 07:24:34.619217+00:00,True,False,3.0,7905.808879540842,26.370939857135575,GS-Beijing -> 00046 -> 00047 -> GS-Singapore
2026-07-15 07:24:35.619217+00:00,True,False,3.0,7920.064958657704,26.418493018452466,GS-Beijing -> 00046 -> 00047 -> GS-Singapore
2026-07-15 07:24:36.619217+00:00,True,False,3.0,7934.339793809311,26.466108743166952,GS-Beijing -> 00046 -> 00047 -> GS-Singapore
2026-07-15 07:24:37.619217+00:00,True,False,3.0,7948.633408640254,26.513787110148897,GS-Beijing -> 00046 -> 00047 -> GS-Singapore
2026-07-15 07:24:38.619217+00:00,True,False,3.0,7962.945829150403,26.56152820612453,GS-Beijing -> 00046 -> 00047 -> GS-Singapore
2026-07-15 07:24:39.619217+00:00,True,False,3.0,7977.277083673238,26.60933212560417,GS-Beijing -> 00046 -> 00047 -> GS-Singapore
2026-07-15 07:24:40.619217+00:00,True,False,3.0,7991.62720285015,26.657198970796493,GS-Beijing -> 00046 -> 00047 -> GS-Singapore
2026-07-15 07:24:41.619217+00:00,True,False,3.0,8005.996219615231,26.705128851557806,GS-Beijing -> 00046 -> 00047 -> GS-Singapore
2026-07-15 07:24:42.619217+00:00,True,False,3.0,8020.384169182569,26.753121885349664,GS-Beijing -> 00046 -> 00047 -> GS-Singapore
2026-07-15 07:24:43.619217+00:00,True,False,3.0,8034.7910890168205,26.801178197140704,GS-Beijing -> 00046 -> 00047 -> GS-Singapore
2026-07-15 07:24:44.619217+00:00,True,False,3.0,8049.21701881875,26.849297919358435,GS-Beijing -> 00046 -> 00047 -> GS-Singapore
2026-07-15 07:24:45.619217+00:00,True,False,3.0,8063.662000507366,26.897481191829606,GS-Beijing -> 00046 -> 00047 -> GS-Singapore
2026-07-15 07:24:46.619217+00:00,True,False,3.0,8078.126078193429,26.94572816169188,GS-Beijing -> 00046 -> 00047 -> GS-Singapore
2026-07-15 07:24:47.619217+00:00,True,False,3.0,8092.609298175384,26.994038983380243,GS-Beijing -> 00046 -> 00047 -> GS-Singapore
2026-07-15 07:24:48.619217+00:00,True,False,3.0,8107.11170890466,27.042413818511275,GS-Beijing -> 00046 -> 00047 -> GS-Singapore
2026-07-15 07:24:49.619217+00:00,True,False,3.0,8121.633360967624,27.090852835822922,GS-Beijing -> 00046 -> 00047 -> GS-Singapore
2026-07-15 07:24:50.619217+00:00,True,False,3.0,8136.174307080924,27.139356211159004,GS-Beijing -> 00046 -> 00047 -> GS-Singapore
2026-07-15 07:24:51.619217+00:00,True,False,3.0,8150.734602056505,27.18792412735248,GS-Beijing -> 00046 -> 00047 -> GS-Singapore
2026-07-15 07:24:52.619217+00:00,True,False,3.0,8165.314302793471,27.23655677419834,GS-Beijing -> 00046 -> 00047 -> GS-Singapore
2026-07-15 07:24:53.619217+00:00,True,False,3.0,8179.913468251223,27.28525434836397,GS-Beijing -> 00046 -> 00047 -> GS-Singapore
2026-07-15 07:24:54.619217+00:00,True,False,3.0,8194.532159429667,27.334017053323166,GS-Beijing -> 00046 -> 00047 -> GS-Singapore
2026-07-15 07:24:55.619217+00:00,True,False,3.0,8209.170439357971,27.38284509931858,GS-Beijing -> 00046 -> 00047 -> GS-Singapore
2026-07-15 07:24:56.619217+00:00,True,False,3.0,8223.828373066643,27.431738703268657,GS-Beijing -> 00046 -> 00047 -> GS-Singapore
2026-07-15 07:24:57.619217+00:00,True,False,3.0,8238.506027569509,27.480698088707452,GS-Beijing -> 00046 -> 00047 -> GS-Singapore
2026-07-15 07:24:58.619217+00:00,True,False,3.0,8253.203471846173,27.52972348572616,GS-Beijing -> 00046 -> 00047 -> GS-Singapore
2026-07-15 07:24:59.619217+00:00,True,False,3.0,8267.920776820069,27.578815130899887,GS-Beijing -> 00046 -> 00047 -> GS-Singapore
2026-07-15 07:25:00.619217+00:00,True,False,3.0,8282.658015340165,27.62797326722664,GS-Beijing -> 00046 -> 00047 -> GS-Singapore
2026-07-15 07:25:01.619217+00:00,True,False,3.0,8297.415262156916,27.677198144047093,GS-Beijing -> 00046 -> 00047 -> GS-Singapore
2026-07-15 07:25:02.619217+00:00,True,False,3.0,8312.192593905675,27.72649001698927,GS-Beijing -> 00046 -> 00047 -> GS-Singapore
2026-07-15 07:25:03.619217+00:00,True,False,3.0,8326.990089075178,27.775849147863415,GS-Beijing -> 00046 -> 00047 -> GS-Singapore
2026-07-15 07:25:04.619217+00:00,True,False,3.0,8341.80782800882,27.82527580466624,GS-Beijing -> 00046 -> 00047 -> GS-Singapore
2026-07-15 07:25:05.619217+00:00,True,False,3.0,8356.645892852515,27.87477026140703,GS-Beijing -> 00046 -> 00047 -> GS-Singapore
2026-07-15 07:25:06.619217+00:00,True,False,3.0,8371.504367564197,27.924332798139297,GS-Beijing -> 00046 -> 00047 -> GS-Singapore
2026-07-15 07:25:07.619217+00:00,True,False,3.0,8386.38333786604,27.97396370080144,GS-Beijing -> 00046 -> 00047 -> GS-Singapore
2026-07-15 07:25:08.619217+00:00,True,False,3.0,8401.282891240118,28.023663261202252,GS-Beijing -> 00046 -> 00047 -> GS-Singapore
2026-07-15 07:25:09.619217+00:00,True,False,3.0,8416.203116890876,28.073431776895724,GS-Beijing -> 00046 -> 00047 -> GS-Singapore
2026-07-15 07:25:10.619217+00:00,True,False,3.0,8431.144105739653,28.123269551162803,GS-Beijing -> 00046 -> 00047 -> GS-Singapore
2026-07-15 07:25:11.619217+00:00,True,False,3.0,8446.10595037833,28.173176892856763,GS-Beijing -> 00046 -> 00047 -> GS-Singapore
2026-07-15 07:25:12.619217+00:00,False,False,,,,
2026-07-15 07:25:13.619217+00:00,False,False,,,,
2026-07-15 07:25:14.619217+00:00,False,False,,,,
2026-07-15 07:25:15.619217+00:00,False,False,,,,
2026-07-15 07:25:16.619217+00:00,False,False,,,,
2026-07-15 07:25:17.619217+00:00,False,False,,,,
2026-07-15 07:25:18.619217+00:00,False,False,,,,
2026-07-15 07:25:19.619217+00:00,False,False,,,,
2026-07-15 07:25:20.619217+00:00,False,False,,,,
2026-07-15 07:25:21.619217+00:00,False,False,,,,
2026-07-15 07:25:22.619217+00:00,False,False,,,,
2026-07-15 07:25:23.619217+00:00,False,False,,,,
2026-07-15 07:25:24.619217+00:00,False,False,,,,
2026-07-15 07:25:25.619217+00:00,False,False,,,,
2026-07-15 07:25:26.619217+00:00,False,False,,,,
2026-07-15 07:25:27.619217+00:00,False,False,,,,
2026-07-15 07:25:28.619217+00:00,False,False,,,,
2026-07-15 07:25:29.619217+00:00,False,False,,,,
2026-07-15 07:25:30.619217+00:00,False,False,,,,
2026-07-15 07:25:31.619217+00:00,False,False,,,,
2026-07-15 07:25:32.619217+00:00,False,False,,,,
2026-07-15 07:25:33.619217+00:00,False,False,,,,
2026-07-15 07:25:34.619217+00:00,False,False,,,,
2026-07-15 07:25:35.619217+00:00,False,False,,,,
2026-07-15 07:25:36.619217+00:00,False,False,,,,
2026-07-15 07:25:37.619217+00:00,False,False,,,,
2026-07-15 07:25:38.619217+00:00,False,False,,,,
2026-07-15 07:25:39.619217+00:00,False,False,,,,
2026-07-15 07:25:40.619217+00:00,False,False,,,,
2026-07-15 07:25:41.619217+00:00,False,False,,,,
2026-07-15 07:25:42.619217+00:00,False,False,,,,
2026-07-15 07:25:43.619217+00:00,False,False,,,,
2026-07-15 07:25:44.619217+00:00,False,False,,,,
2026-07-15 07:25:45.619217+00:00,False,False,,,,
2026-07-15 07:25:46.619217+00:00,False,False,,,,
2026-07-15 07:25:47.619217+00:00,False,False,,,,
2026-07-15 07:25:48.619217+00:00,False,False,,,,
2026-07-15 07:25:49.619217+00:00,False,False,,,,
2026-07-15 07:25:50.619217+00:00,False,False,,,,
2026-07-15 07:25:51.619217+00:00,False,False,,,,
2026-07-15 07:25:52.619217+00:00,False,False,,,,
2026-07-15 07:25:53.619217+00:00,False,False,,,,
2026-07-15 07:25:54.619217+00:00,False,False,,,,
2026-07-15 07:25:55.619217+00:00,False,False,,,,
2026-07-15 07:25:56.619217+00:00,False,False,,,,
2026-07-15 07:25:57.619217+00:00,False,False,,,,
2026-07-15 07:25:58.619217+00:00,False,False,,,,
2026-07-15 07:25:59.619217+00:00,False,False,,,,
2026-07-15 07:26:00.619217+00:00,False,False,,,,
2026-07-15 07:26:01.619217+00:00,False,False,,,,
2026-07-15 07:26:02.619217+00:00,False,False,,,,
2026-07-15 07:26:03.619217+00:00,False,False,,,,
2026-07-15 07:26:04.619217+00:00,False,False,,,,
2026-07-15 07:26:05.619217+00:00,False,False,,,,
2026-07-15 07:26:06.619217+00:00,False,False,,,,
2026-07-15 07:26:07.619217+00:00,False,False,,,,
2026-07-15 07:26:08.619217+00:00,False,False,,,,
2026-07-15 07:26:09.619217+00:00,False,False,,,,
2026-07-15 07:26:10.619217+00:00,False,False,,,,
2026-07-15 07:26:11.619217+00:00,False,False,,,,
2026-07-15 07:26:12.619217+00:00,False,False,,,,
2026-07-15 07:26:13.619217+00:00,False,False,,,,
2026-07-15 07:26:14.619217+00:00,False,False,,,,
2026-07-15 07:26:15.619217+00:00,False,False,,,,
2026-07-15 07:26:16.619217+00:00,False,False,,,,
2026-07-15 07:26:17.619217+00:00,False,False,,,,
2026-07-15 07:26:18.619217+00:00,False,False,,,,
2026-07-15 07:26:19.619217+00:00,False,False,,,,
2026-07-15 07:26:20.619217+00:00,False,False,,,,
2026-07-15 07:26:21.619217+00:00,False,False,,,,
2026-07-15 07:26:22.619217+00:00,False,False,,,,
2026-07-15 07:26:23.619217+00:00,False,False,,,,
2026-07-15 07:26:24.619217+00:00,False,False,,,,
2026-07-15 07:26:25.619217+00:00,False,False,,,,
2026-07-15 07:26:26.619217+00:00,False,False,,,,
2026-07-15 07:26:27.619217+00:00,False,False,,,,
2026-07-15 07:26:28.619217+00:00,False,False,,,,
2026-07-15 07:26:29.619217+00:00,False,False,,,,
2026-07-15 07:26:30.619217+00:00,False,False,,,,
2026-07-15 07:26:31.619217+00:00,False,False,,,,
2026-07-15 07:26:32.619217+00:00,False,False,,,,
2026-07-15 07:26:33.619217+00:00,False,False,,,,
2026-07-15 07:26:34.619217+00:00,False,False,,,,
2026-07-15 07:26:35.619217+00:00,False,False,,,,
2026-07-15 07:26:36.619217+00:00,False,False,,,,
2026-07-15 07:26:37.619217+00:00,False,False,,,,
2026-07-15 07:26:38.619217+00:00,False,False,,,,
2026-07-15 07:26:39.619217+00:00,False,False,,,,
2026-07-15 07:26:40.619217+00:00,False,False,,,,
2026-07-15 07:26:41.619217+00:00,False,False,,,,
2026-07-15 07:26:42.619217+00:00,False,False,,,,
2026-07-15 07:26:43.619217+00:00,False,False,,,,
2026-07-15 07:26:44.619217+00:00,False,False,,,,
2026-07-15 07:26:45.619217+00:00,False,False,,,,
2026-07-15 07:26:46.619217+00:00,False,False,,,,
2026-07-15 07:26:47.619217+00:00,False,False,,,,
2026-07-15 07:26:48.619217+00:00,False,False,,,,
2026-07-15 07:26:49.619217+00:00,False,False,,,,
2026-07-15 07:26:50.619217+00:00,False,False,,,,
2026-07-15 07:26:51.619217+00:00,False,False,,,,
2026-07-15 07:26:52.619217+00:00,False,False,,,,
2026-07-15 07:26:53.619217+00:00,False,False,,,,
2026-07-15 07:26:54.619217+00:00,False,False,,,,
2026-07-15 07:26:55.619217+00:00,False,False,,,,
2026-07-15 07:26:56.619217+00:00,False,False,,,,
2026-07-15 07:26:57.619217+00:00,False,False,,,,
2026-07-15 07:26:58.619217+00:00,False,False,,,,
2026-07-15 07:26:59.619217+00:00,False,False,,,,
2026-07-15 07:27:00.619217+00:00,False,False,,,,
2026-07-15 07:27:01.619217+00:00,False,False,,,,
2026-07-15 07:27:02.619217+00:00,False,False,,,,
2026-07-15 07:27:03.619217+00:00,False,False,,,,
2026-07-15 07:27:04.619217+00:00,False,False,,,,
2026-07-15 07:27:05.619217+00:00,False,False,,,,
2026-07-15 07:27:06.619217+00:00,False,False,,,,
2026-07-15 07:27:07.619217+00:00,False,False,,,,
2026-07-15 07:27:08.619217+00:00,False,False,,,,
2026-07-15 07:27:09.619217+00:00,False,False,,,,
2026-07-15 07:27:10.619217+00:00,False,False,,,,
2026-07-15 07:27:11.619217+00:00,False,False,,,,
2026-07-15 07:27:12.619217+00:00,False,False,,,,
2026-07-15 07:27:13.619217+00:00,False,False,,,,
2026-07-15 07:27:14.619217+00:00,False,False,,,,
2026-07-15 07:27:15.619217+00:00,False,False,,,,
2026-07-15 07:27:16.619217+00:00,False,False,,,,
2026-07-15 07:27:17.619217+00:00,False,False,,,,
2026-07-15 07:27:18.619217+00:00,False,False,,,,
2026-07-15 07:27:19.619217+00:00,False,False,,,,
2026-07-15 07:27:20.619217+00:00,False,False,,,,
2026-07-15 07:27:21.619217+00:00,False,False,,,,
2026-07-15 07:27:22.619217+00:00,False,False,,,,
2026-07-15 07:27:23.619217+00:00,False,False,,,,
2026-07-15 07:27:24.619217+00:00,False,False,,,,
2026-07-15 07:27:25.619217+00:00,False,False,,,,
2026-07-15 07:27:26.619217+00:00,False,False,,,,
2026-07-15 07:27:27.619217+00:00,False,False,,,,
2026-07-15 07:27:28.619217+00:00,False,False,,,,
2026-07-15 07:27:29.619217+00:00,False,False,,,,
2026-07-15 07:27:30.619217+00:00,False,False,,,,
2026-07-15 07:27:31.619217+00:00,False,False,,,,
2026-07-15 07:27:32.619217+00:00,False,False,,,,
2026-07-15 07:27:33.619217+00:00,False,False,,,,
2026-07-15 07:27:34.619217+00:00,False,False,,,,
2026-07-15 07:27:35.619217+00:00,False,False,,,,
2026-07-15 07:27:36.619217+00:00,False,False,,,,
2026-07-15 07:27:37.619217+00:00,False,False,,,,
2026-07-15 07:27:38.619217+00:00,False,False,,,,
2026-07-15 07:27:39.619217+00:00,False,False,,,,
2026-07-15 07:27:40.619217+00:00,False,False,,,,
2026-07-15 07:27:41.619217+00:00,False,False,,,,
2026-07-15 07:27:42.619217+00:00,False,False,,,,
2026-07-15 07:27:43.619217+00:00,False,False,,,,
2026-07-15 07:27:44.619217+00:00,False,False,,,,
2026-07-15 07:27:45.619217+00:00,False,False,,,,
2026-07-15 07:27:46.619217+00:00,False,False,,,,
2026-07-15 07:27:47.619217+00:00,False,False,,,,
2026-07-15 07:27:48.619217+00:00,False,False,,,,
2026-07-15 07:27:49.619217+00:00,False,False,,,,
2026-07-15 07:27:50.619217+00:00,False,False,,,,
2026-07-15 07:27:51.619217+00:00,False,False,,,,
2026-07-15 07:27:52.619217+00:00,False,False,,,,
2026-07-15 07:27:53.619217+00:00,False,False,,,,
2026-07-15 07:27:54.619217+00:00,False,False,,,,
2026-07-15 07:27:55.619217+00:00,False,False,,,,
2026-07-15 07:27:56.619217+00:00,False,False,,,,
2026-07-15 07:27:57.619217+00:00,False,False,,,,
2026-07-15 07:27:58.619217+00:00,False,False,,,,
2026-07-15 07:27:59.619217+00:00,False,False,,,,
2026-07-15 07:28:00.619217+00:00,False,False,,,,
2026-07-15 07:28:01.619217+00:00,False,False,,,,
2026-07-15 07:28:02.619217+00:00,False,False,,,,
2026-07-15 07:28:03.619217+00:00,False,False,,,,
2026-07-15 07:28:04.619217+00:00,False,False,,,,
2026-07-15 07:28:05.619217+00:00,False,False,,,,
2026-07-15 07:28:06.619217+00:00,False,False,,,,
2026-07-15 07:28:07.619217+00:00,False,False,,,,
2026-07-15 07:28:08.619217+00:00,False,False,,,,
2026-07-15 07:28:09.619217+00:00,False,False,,,,
2026-07-15 07:28:10.619217+00:00,False,False,,,,
2026-07-15 07:28:11.619217+00:00,False,False,,,,
2026-07-15 07:28:12.619217+00:00,False,False,,,,
2026-07-15 07:28:13.619217+00:00,False,False,,,,
2026-07-15 07:28:14.619217+00:00,False,False,,,,
2026-07-15 07:28:15.619217+00:00,False,False,,,,
2026-07-15 07:28:16.619217+00:00,False,False,,,,
2026-07-15 07:28:17.619217+00:00,False,False,,,,
2026-07-15 07:28:18.619217+00:00,False,False,,,,
2026-07-15 07:28:19.619217+00:00,False,False,,,,
2026-07-15 07:28:20.619217+00:00,False,False,,,,
2026-07-15 07:28:21.619217+00:00,False,False,,,,
2026-07-15 07:28:22.619217+00:00,False,False,,,,
2026-07-15 07:28:23.619217+00:00,False,False,,,,
2026-07-15 07:28:24.619217+00:00,False,False,,,,
2026-07-15 07:28:25.619217+00:00,False,False,,,,
2026-07-15 07:28:26.619217+00:00,False,False,,,,
2026-07-15 07:28:27.619217+00:00,False,False,,,,
2026-07-15 07:28:28.619217+00:00,False,False,,,,
2026-07-15 07:28:29.619217+00:00,False,False,,,,
2026-07-15 07:28:30.619217+00:00,False,False,,,,
2026-07-15 07:28:31.619217+00:00,False,False,,,,
2026-07-15 07:28:32.619217+00:00,False,False,,,,
2026-07-15 07:28:33.619217+00:00,False,False,,,,
2026-07-15 07:28:34.619217+00:00,False,False,,,,
2026-07-15 07:28:35.619217+00:00,False,False,,,,
2026-07-15 07:28:36.619217+00:00,False,False,,,,
2026-07-15 07:28:37.619217+00:00,False,False,,,,
2026-07-15 07:28:38.619217+00:00,False,False,,,,
2026-07-15 07:28:39.619217+00:00,False,False,,,,
2026-07-15 07:28:40.619217+00:00,False,False,,,,
2026-07-15 07:28:41.619217+00:00,False,False,,,,
2026-07-15 07:28:42.619217+00:00,False,False,,,,
2026-07-15 07:28:43.619217+00:00,False,False,,,,
2026-07-15 07:28:44.619217+00:00,False,False,,,,
2026-07-15 07:28:45.619217+00:00,False,False,,,,
2026-07-15 07:28:46.619217+00:00,False,False,,,,
2026-07-15 07:28:47.619217+00:00,False,False,,,,
2026-07-15 07:28:48.619217+00:00,False,False,,,,
2026-07-15 07:28:49.619217+00:00,False,False,,,,
2026-07-15 07:28:50.619217+00:00,False,False,,,,
2026-07-15 07:28:51.619217+00:00,False,False,,,,
2026-07-15 07:28:52.619217+00:00,False,False,,,,
2026-07-15 07:28:53.619217+00:00,False,False,,,,
2026-07-15 07:28:54.619217+00:00,False,False,,,,
2026-07-15 07:28:55.619217+00:00,False,False,,,,
2026-07-15 07:28:56.619217+00:00,False,False,,,,
2026-07-15 07:28:57.619217+00:00,False,False,,,,
2026-07-15 07:28:58.619217+00:00,False,False,,,,
2026-07-15 07:28:59.619217+00:00,False,False,,,,
2026-07-15 07:29:00.619217+00:00,False,False,,,,
2026-07-15 07:29:01.619217+00:00,False,False,,,,
2026-07-15 07:29:02.619217+00:00,False,False,,,,
2026-07-15 07:29:03.619217+00:00,False,False,,,,
2026-07-15 07:29:04.619217+00:00,False,False,,,,
2026-07-15 07:29:05.619217+00:00,False,False,,,,
2026-07-15 07:29:06.619217+00:00,False,False,,,,
2026-07-15 07:29:07.619217+00:00,False,False,,,,
2026-07-15 07:29:08.619217+00:00,False,False,,,,
2026-07-15 07:29:09.619217+00:00,False,False,,,,
2026-07-15 07:29:10.619217+00:00,False,False,,,,
2026-07-15 07:29:11.619217+00:00,False,False,,,,
2026-07-15 07:29:12.619217+00:00,False,False,,,,
2026-07-15 07:29:13.619217+00:00,False,False,,,,
2026-07-15 07:29:14.619217+00:00,False,False,,,,
2026-07-15 07:29:15.619217+00:00,False,False,,,,
2026-07-15 07:29:16.619217+00:00,False,False,,,,
2026-07-15 07:29:17.619217+00:00,False,False,,,,
2026-07-15 07:29:18.619217+00:00,False,False,,,,
2026-07-15 07:29:19.619217+00:00,False,False,,,,
2026-07-15 07:29:20.619217+00:00,False,False,,,,
2026-07-15 07:29:21.619217+00:00,False,False,,,,
2026-07-15 07:29:22.619217+00:00,False,False,,,,
2026-07-15 07:29:23.619217+00:00,False,False,,,,
2026-07-15 07:29:24.619217+00:00,False,False,,,,
2026-07-15 07:29:25.619217+00:00,False,False,,,,
2026-07-15 07:29:26.619217+00:00,False,False,,,,
2026-07-15 07:29:27.619217+00:00,False,False,,,,
2026-07-15 07:29:28.619217+00:00,False,False,,,,
2026-07-15 07:29:29.619217+00:00,False,False,,,,
2026-07-15 07:29:30.619217+00:00,False,False,,,,
2026-07-15 07:29:31.619217+00:00,False,False,,,,
2026-07-15 07:29:32.619217+00:00,False,False,,,,
2026-07-15 07:29:33.619217+00:00,False,False,,,,
2026-07-15 07:29:34.619217+00:00,False,False,,,,
2026-07-15 07:29:35.619217+00:00,False,False,,,,
